Date,Open,High,Low,Close,Adj Close,Volume
2014/1/2,19.845714569091797,19.89392852783203,19.71500015258789,19.754642486572266,17.253253936767578,234684800
2014/1/3,19.7450008392334,19.774999618530273,19.301071166992188,19.320714950561523,16.874277114868164,392467600
2014/1/6,19.194643020629883,19.5285701751709,19.05714225769043,19.426071166992188,16.966293334960938,412610800
2014/1/7,19.440000534057617,19.498571395874023,19.211429595947266,19.28714370727539,16.844955444335938,317209200
2014/1/8,19.243213653564453,19.484285354614258,19.238929748535156,19.409286499023438,16.951631546020508,258529600
2014/1/9,19.5285701751709,19.53071403503418,19.11964225769043,19.161428451538086,16.735158920288086,279148800
2014/1/10,19.27964210510254,19.314285278320312,18.96821403503418,19.033571243286133,16.62349510192871,304976000
2014/1/13,18.925357818603516,19.375,18.924285888671875,19.133214950561523,16.71051597595215,378492800
2014/1/14,19.222143173217773,19.526071548461914,19.2021427154541,19.51392936706543,17.043025970458984,332561600
2014/1/15,19.768571853637695,20.007143020629883,19.7021427154541,19.90571403503418,17.38519859313965,391638800
2014/1/16,19.81785774230957,19.887500762939453,19.702856063842773,19.79464340209961,17.288192749023438,229278000
2014/1/17,19.695714950561523,19.716785430908203,19.282142639160156,19.309642791748047,16.864606857299805,426739600
2014/1/21,19.32107162475586,19.645357131958008,19.30071449279785,19.609643936157227,17.126619338989258,328526800
2014/1/22,19.675357818603516,19.903213500976562,19.56464385986328,19.696786880493164,17.202733993530273,379985200
2014/1/23,19.640714645385742,19.875,19.457500457763672,19.863571166992188,17.3483943939209,403239200
2014/1/24,19.78571319580078,19.843570709228516,19.45535659790039,19.502500534057617,17.033050537109375,429354800
2014/1/27,19.645357131958008,19.814285278320312,19.491071701049805,19.66071319580078,17.171218872070312,554878800
2014/1/28,18.170000076293945,18.39285659790039,17.93107032775879,18.08928680419922,15.798773765563965,1065523200
2014/1/29,17.998214721679688,18.120357513427734,17.807857513427734,17.883928298950195,15.619422912597656,502810000
2014/1/30,17.947856903076172,18.08928680419922,17.739286422729492,17.849285125732422,15.589162826538086,678501600
2014/1/31,17.684999465942383,17.911785125732422,17.626785278320312,17.878570556640625,15.61474323272705,464797200
2014/2/3,17.95035743713379,18.133214950561523,17.832143783569336,17.911785125732422,15.643754959106445,401464000
2014/2/4,18.066070556640625,18.19499969482422,17.955713272094727,18.171070098876953,15.870200157165527,376681200
2014/2/5,18.091428756713867,18.402856826782227,18.08035659790039,18.306785583496094,15.988725662231445,328344800
2014/2/6,18.216428756713867,18.33928680419922,18.136070251464844,18.30392837524414,16.08193016052246,257765200
2014/2/7,18.62071418762207,18.676071166992188,18.47785758972168,18.559999465942383,16.30691146850586,370280400
2014/2/10,18.523571014404297,18.999643325805664,18.5,18.892499923706055,16.59905242919922,345559200
2014/2/11,18.95035743713379,19.20535659790039,18.91071319580078,19.141429901123047,16.81775665283203,282256800
2014/2/12,19.176786422729492,19.270000457763672,19.044286727905273,19.139999389648438,16.816505432128906,308100800
2014/2/13,19.094999313354492,19.45892906188965,19.078571319580078,19.44392967224121,17.083532333374023,307398000
2014/2/14,19.37392807006836,19.499286651611328,19.328929901123047,19.428213119506836,17.069725036621094,272924400
2014/2/18,19.5,19.68535614013672,19.48607063293457,19.499643325805664,17.132495880126953,260251600
2014/2/19,19.45535659790039,19.53178596496582,19.08392906188965,19.19178581237793,16.86200523376465,313768000
2014/2/20,19.035356521606445,19.178571701049805,18.89285659790039,18.969642639160156,16.666828155517578,305858000
2014/2/21,19.028213500976562,19.091785430908203,18.735713958740234,18.758928298950195,16.4816951751709,278784800
2014/2/24,18.683929443359375,18.92571449279785,18.65785789489746,18.8410701751709,16.553865432739258,288909600
2014/2/25,18.906429290771484,18.9132137298584,18.60714340209961,18.645000457763672,16.381593704223633,231952000
2014/2/26,18.70035743713379,18.75,18.41428565979004,18.47678565979004,16.233795166015625,276217200
2014/2/27,18.46928596496582,18.885000228881836,18.430356979370117,18.84535789489746,16.557632446289062,301882000
2014/2/28,18.895713806152344,19.02678680419922,18.64714241027832,18.794286727905273,16.51276206970215,371968800
2014/3/3,18.693571090698242,18.951786041259766,18.671785354614258,18.84857177734375,16.560457229614258,238781200
2014/3/4,18.96428680419922,19.022857666015625,18.848928451538086,18.972856521606445,16.669654846191406,259140000
2014/3/5,18.961429595947266,19.09821319580078,18.897499084472656,19.01285743713379,16.704790115356445,200062800
2014/3/6,19.028213500976562,19.087142944335938,18.860713958740234,18.95535659790039,16.654273986816406,185488800
2014/3/7,18.967500686645508,18.999286651611328,18.787500381469727,18.944286346435547,16.64455223083496,220729600
2014/3/10,18.8700008392334,19.047500610351562,18.869285583496094,18.961429595947266,16.659610748291016,178584000
2014/3/11,19.123214721679688,19.240713119506836,19.02107048034668,19.14607048034668,16.821836471557617,279224400
2014/3/12,19.089643478393555,19.191070556640625,19,19.164642333984375,16.838153839111328,199326400
2014/3/13,19.194286346435547,19.273571014404297,18.898571014404297,18.951786041259766,16.651142120361328,257742800
2014/3/14,18.885356903076172,18.960357666015625,18.678571701049805,18.738929748535156,16.464122772216797,237199200
2014/3/17,18.8464298248291,18.927499771118164,18.780357360839844,18.812143325805664,16.528444290161133,199544800
2014/3/18,18.782142639160156,18.99892807006836,18.757143020629883,18.97857093811035,16.674673080444336,209647200
2014/3/19,19.009286880493164,19.15142822265625,18.89285659790039,18.97357177734375,16.67028045654297,224756000
2014/3/20,18.92464256286621,19.023929595947266,18.83392906188965,18.882143020629883,16.589948654174805,208398400
2014/3/21,18.997499465942383,19.0625,18.797500610351562,19.031070709228516,16.720802307128906,374046400
2014/3/24,19.229286193847656,19.303571701049805,19.109285354614258,19.256786346435547,16.919113159179688,355700800
2014/3/25,19.33928680419922,19.491071701049805,19.27107048034668,19.46392822265625,17.101112365722656,282293200
2014/3/26,19.518571853637695,19.60714340209961,19.2450008392334,19.277856826782227,16.937623977661133,299768000
2014/3/27,19.286428451538086,19.33928680419922,19.11142921447754,19.19499969482422,16.86482810974121,222031600
2014/3/28,19.2257137298584,19.24785614013672,19.08035659790039,19.17357063293457,16.84600067138672,200564000
2014/3/31,19.258214950561523,19.31464385986328,19.140356063842773,19.169286727905273,16.84223747253418,168669200
2014/4/1,19.205713272094727,19.352500915527344,19.17035675048828,19.344642639160156,16.996305465698242,200760000
2014/4/2,19.37071418762207,19.40999984741211,19.295000076293945,19.376785278320312,17.024547576904297,180420800
2014/4/3,19.335357666015625,19.375,19.20142936706543,19.24250030517578,16.906558990478516,162344000
2014/4/4,19.278928756713867,19.28571319580078,18.94928550720215,18.99357032775879,16.687856674194336,275251200
2014/4/7,18.85785675048828,18.96071434020996,18.63892936706543,18.695356369018555,16.42583656311035,289850400
2014/4/8,18.756786346435547,18.790000915527344,18.524999618530273,18.694286346435547,16.424907684326172,243888400
2014/4/9,18.665714263916016,18.94607162475586,18.643571853637695,18.940000534057617,16.64078140258789,206169600
2014/4/10,18.952856063842773,19.00857162475586,18.684642791748047,18.695714950561523,16.426156997680664,239652000
2014/4/11,18.53571319580078,18.672500610351562,18.46928596496582,18.5575008392334,16.304712295532227,271717600
2014/4/14,18.639286041259766,18.648571014404297,18.471786499023438,18.63142967224121,16.369670867919922,205674000
2014/4/15,18.581071853637695,18.6299991607666,18.26178550720215,18.498571395874023,16.252939224243164,266490000
2014/4/16,18.501785278320312,18.6103572845459,18.36214256286621,18.53607177734375,16.285884857177734,214765600
2014/4/17,18.571428298950195,18.84857177734375,18.542856216430664,18.74785614013672,16.471960067749023,284334400
2014/4/21,18.762142181396484,19.0049991607666,18.71285629272461,18.97035789489746,16.667457580566406,182548800
2014/4/22,18.868213653564453,18.993928909301758,18.803571701049805,18.989286422729492,16.684091567993164,202563200
2014/4/23,18.895000457763672,18.968929290771484,18.730356216430664,18.741071701049805,16.46600341796875,394940000
2014/4/24,20.293214797973633,20.35714340209961,20.026071548461914,20.27750015258789,17.815916061401367,759911600
2014/4/25,20.161785125732422,20.428213119506836,20.141429901123047,20.426429748535156,17.946765899658203,390275200
2014/4/28,20.457143783569336,21.27678680419922,20.448213577270508,21.217500686645508,18.641807556152344,669485600
2014/4/29,21.204999923706055,21.28499984741211,21.05392837524414,21.15464210510254,18.586584091186523,337377600
2014/4/30,21.165714263916016,21.408214569091797,21.064285278320312,21.074642181396484,18.516294479370117,456640800
2014/5/1,21.14285659790039,21.242856979370117,20.941429138183594,21.124286651611328,18.55990982055664,244048000
2014/5/2,21.155000686645508,21.2214298248291,21.061071395874023,21.163570404052734,18.594425201416016,191514400
2014/5/5,21.07642936706543,21.46428680419922,21.071428298950195,21.46285629272461,18.857376098632812,287067200
2014/5/6,21.492856979370117,21.586071014404297,21.22892951965332,21.22892951965332,18.65184783935547,374564400
2014/5/7,21.258928298950195,21.331785202026367,20.9903564453125,21.15464210510254,18.586584091186523,282864400
2014/5/8,21.008928298950195,21.22892951965332,20.94285774230957,20.999643325805664,18.553451538085938,230297200
2014/5/9,20.876428604125977,20.9375,20.726070404052734,20.91214370727539,18.476144790649414,291597600
2014/5/12,20.981786727905273,21.2021427154541,20.97857093811035,21.172500610351562,18.7061710357666,213208800
2014/5/13,21.14285659790039,21.233570098876953,21.0964298248291,21.205713272094727,18.735515594482422,159737200
2014/5/14,21.158214569091797,21.33571434020996,21.13357162475586,21.20964241027832,18.738983154296875,166404000
2014/5/15,21.239286422729492,21.30714225769043,21.001428604125977,21.029285430908203,18.579635620117188,230846000
2014/5/16,21.022499084472656,21.340356826782227,20.907142639160156,21.339643478393555,18.853843688964844,276256400
2014/5/19,21.35178565979004,21.690357208251953,21.333213806152344,21.592500686645508,19.077245712280273,317755200
2014/5/20,21.589643478393555,21.657142639160156,21.45464324951172,21.596786499023438,19.081026077270508,234836000
2014/5/21,21.565357208251953,21.667856216430664,21.50214385986328,21.653928756713867,19.13151741027832,196859600
2014/5/22,21.66428565979004,21.780357360839844,21.575000762939453,21.688213348388672,19.16180419921875,200760000
2014/5/23,21.6875,21.95464324951172,21.659643173217773,21.93321418762207,19.378267288208008,232209600
2014/5/27,21.99571418762207,22.352142333984375,21.986785888671875,22.343929290771484,19.74114418029785,348866000
2014/5/28,22.35785675048828,22.493928909301758,22.277856826782227,22.28607177734375,19.690021514892578,315481600
2014/5/29,22.423213958740234,22.745357513427734,22.42035675048828,22.692142486572266,20.048799514770508,376474000
2014/5/30,22.78499984741211,23.006071090698242,22.46071434020996,22.60714340209961,19.973695755004883,564020800
2014/6/2,22.641429901123047,22.672500610351562,22.23214340209961,22.451786041259766,19.836437225341797,369350800
2014/6/3,22.44499969482422,22.812143325805664,22.4375,22.769285202026367,20.116952896118164,292709200
2014/6/4,22.765714645385742,23.13892936706543,22.71821403503418,23.029285430908203,20.346662521362305,335482000
2014/6/5,23.078571319580078,23.19178581237793,22.95035743713379,23.11964225769043,20.42649269104004,303805600
2014/6/6,23.21071434020996,23.259286880493164,23.016786575317383,23.05607032775879,20.37032699584961,349938400
2014/6/9,23.174999237060547,23.469999313354492,22.9375,23.424999237060547,20.696277618408203,301660000
2014/6/10,23.6825008392334,23.762500762939453,23.392499923706055,23.5625,20.817766189575195,251108000
2014/6/11,23.532499313354492,23.690000534057617,23.36750030517578,23.46500015258789,20.73162841796875,182724000
2014/6/12,23.510000228881836,23.530000686645508,22.975000381469727,23.072500228881836,20.384841918945312,218996000
2014/6/13,23.049999237060547,23.110000610351562,22.719999313354492,22.81999969482422,20.16176414489746,218100000
2014/6/16,22.877500534057617,23.1875,22.862499237060547,23.049999237060547,20.364965438842773,142244000
2014/6/17,23.077499389648438,23.174999237060547,22.950000762939453,23.020000457763672,20.33846092224121,118904000
2014/6/18,23.0674991607666,23.072500228881836,22.837499618530273,23.045000076293945,20.360551834106445,134056000
2014/6/19,23.072500228881836,23.075000762939453,22.834999084472656,22.96500015258789,20.28986358642578,142112000
2014/6/20,22.962499618530273,23.137500762939453,22.725000381469727,22.727500915527344,20.08003044128418,403592000
2014/6/23,22.829999923706055,22.905000686645508,22.649999618530273,22.707500457763672,20.062362670898438,174776000
2014/6/24,22.6875,22.934999465942383,22.547500610351562,22.56999969482422,19.94087791442871,156144000
2014/6/25,22.552499771118164,22.674999237060547,22.412500381469727,22.59000015258789,19.958545684814453,147476000
2014/6/26,22.592500686645508,22.762500762939453,22.450000762939453,22.725000381469727,20.077817916870117,130516000
2014/6/27,22.704999923706055,23,22.6924991607666,22.9950008392334,20.316377639770508,256116000
2014/6/30,23.024999618530273,23.4325008392334,23.022499084472656,23.232500076293945,20.526201248168945,197929200
2014/7/1,23.3799991607666,23.517499923706055,23.282499313354492,23.3799991607666,20.656524658203125,152892000
2014/7/2,23.467500686645508,23.514999389648438,23.272499084472656,23.3700008392334,20.647686004638672,113860000
2014/7/3,23.417499542236328,23.524999618530273,23.299999237060547,23.50749969482422,20.769168853759766,91567200
2014/7/7,23.53499984741211,23.997499465942383,23.524999618530273,23.99250030517578,21.197675704956055,225872000
2014/7/8,24.0674991607666,24.200000762939453,23.479999542236328,23.837499618530273,21.060731887817383,260888000
2014/7/9,23.860000610351562,23.987499237060547,23.690000534057617,23.84749984741211,21.069564819335938,145744000
2014/7/10,23.440000534057617,23.887500762939453,23.3799991607666,23.760000228881836,20.992265701293945,158744000
2014/7/11,23.84000015258789,23.97249984741211,23.71500015258789,23.80500030517578,21.03201675415039,136072000
2014/7/14,23.96500015258789,24.22249984741211,23.912500381469727,24.112499237060547,21.303695678710938,171240000
2014/7/15,24.200000762939453,24.212499618530273,23.75749969482422,23.829999923706055,21.05410385131836,181911600
2014/7/16,24.24250030517578,24.274999618530273,23.684999465942383,23.69499969482422,20.934829711914062,213585200
2014/7/17,23.75749969482422,23.81999969482422,23.142499923706055,23.272499084472656,20.561540603637695,229192000
2014/7/18,23.405000686645508,23.684999465942383,23.2549991607666,23.607500076293945,20.857521057128906,199952000
2014/7/21,23.747499465942383,23.75,23.43000030517578,23.485000610351562,20.749296188354492,156316000
2014/7/22,23.670000076293945,23.72249984741211,23.530000686645508,23.68000030517578,20.92157745361328,220788000
2014/7/23,23.854999542236328,24.469999313354492,23.792499542236328,24.297500610351562,21.467145919799805,371672000
2014/7/24,24.260000228881836,24.329999923706055,24.104999542236328,24.25749969482422,21.43180274963379,182916000
2014/7/25,24.212499618530273,24.459999084472656,24.15999984741211,24.417499542236328,21.573169708251953,173876000
2014/7/28,24.454999923706055,24.809999465942383,24.387500762939453,24.7549991607666,21.871349334716797,221272000
2014/7/29,24.832500457763672,24.860000610351562,24.5625,24.594999313354492,21.7299861907959,172572000
2014/7/30,24.610000610351562,24.674999237060547,24.417499542236328,24.537500381469727,21.679187774658203,132040000
2014/7/31,24.290000915527344,24.362499237060547,23.832500457763672,23.899999618530273,21.115949630737305,227372000
2014/8/1,23.725000381469727,24.155000686645508,23.702499389648438,24.032499313354492,21.23301124572754,194044000
2014/8/4,24.092500686645508,24.145000457763672,23.792499542236328,23.897499084472656,21.113739013671875,159832000
2014/8/5,23.84000015258789,23.920000076293945,23.59000015258789,23.780000686645508,21.00992774963379,223732000
2014/8/6,23.6875,23.8700008392334,23.677499771118164,23.739999771118164,20.974590301513672,154232000
2014/8/7,23.732500076293945,23.987499237060547,23.524999618530273,23.6200008392334,20.972370147705078,186844000
2014/8/8,23.565000534057617,23.704999923706055,23.31999969482422,23.684999465942383,21.030075073242188,167460000
2014/8/11,23.8174991607666,24.020000457763672,23.709999084472656,23.997499465942383,21.307554244995117,146340000
2014/8/12,24.010000228881836,24.219999313354492,23.90250015258789,23.99250030517578,21.303115844726562,135180000
2014/8/13,24.037500381469727,24.309999465942383,24.010000228881836,24.309999465942383,21.58502769470215,127664000
2014/8/14,24.332500457763672,24.392499923706055,24.200000762939453,24.375,21.642738342285156,112464000
2014/8/15,24.475000381469727,24.547500610351562,24.21500015258789,24.4950008392334,21.749284744262695,195804000
2014/8/18,24.622499465942383,24.842500686645508,24.4950008392334,24.790000915527344,22.011220932006836,190288000
2014/8/19,24.852500915527344,25.170000076293945,24.829999923706055,25.13249969482422,22.315330505371094,277596000
2014/8/20,25.110000610351562,25.272499084472656,24.987499237060547,25.142499923706055,22.32421112060547,210796000
2014/8/21,25.142499923706055,25.235000610351562,25.02750015258789,25.145000457763672,22.32642364501953,133912000
2014/8/22,25.072500228881836,25.36750030517578,25.047500610351562,25.329999923706055,22.49069595336914,176736000
2014/8/25,25.447500228881836,25.542499542236328,25.31999969482422,25.385000228881836,22.539527893066406,161080000
2014/8/26,25.354999542236328,25.375,25.21500015258789,25.22249984741211,22.395240783691406,132608000
2014/8/27,25.2549991607666,25.642499923706055,25.174999237060547,25.532499313354492,22.670495986938477,209476000
2014/8/28,25.397499084472656,25.69499969482422,25.389999389648438,25.5625,22.697128295898438,273840000
2014/8/29,25.71500015258789,25.725000381469727,25.549999237060547,25.625,22.75262451171875,178380000
2014/9/2,25.764999389648438,25.934999465942383,25.68000030517578,25.825000762939453,22.93021011352539,214256000
2014/9/3,25.774999618530273,25.799999237060547,24.645000457763672,24.735000610351562,21.962390899658203,501684000
2014/9/4,24.712499618530273,25.022499084472656,24.447500228881836,24.530000686645508,21.780364990234375,342872000
2014/9/5,24.700000762939453,24.84749984741211,24.577499389648438,24.74250030517578,21.96904945373535,233828000
2014/9/8,24.825000762939453,24.827499389648438,24.512500762939453,24.59000015258789,21.833642959594727,185426800
2014/9/9,24.770000457763672,25.770000457763672,24.03499984741211,24.497499465942383,21.751508712768555,759385200
2014/9/10,24.502500534057617,25.27750015258789,24.440000534057617,25.25,22.419654846191406,403478400
2014/9/11,25.102500915527344,25.360000610351562,24.905000686645508,25.357500076293945,22.515108108520508,249412400
2014/9/12,25.302499771118164,25.547500610351562,25.270000457763672,25.415000915527344,22.566164016723633,250504400
2014/9/15,25.702499389648438,25.762500762939453,25.360000610351562,25.407499313354492,22.55950355529785,245266000
2014/9/16,24.950000762939453,25.315000534057617,24.72249984741211,25.21500015258789,22.388580322265625,267632400
2014/9/17,25.3174991607666,25.450000762939453,25.147499084472656,25.395000457763672,22.54840850830078,243706000
2014/9/18,25.482500076293945,25.587499618530273,25.389999389648438,25.447500228881836,22.595020294189453,149197600
2014/9/19,25.572500228881836,25.587499618530273,25.125,25.239999771118164,22.410776138305664,283609600
2014/9/22,25.450000762939453,25.53499984741211,25.145000457763672,25.264999389648438,22.43297576904297,211153600
2014/9/23,25.149999618530273,25.735000610351562,25.135000228881836,25.65999984741211,22.783693313598633,253608800
2014/9/24,25.540000915527344,25.712499618530273,25.299999237060547,25.4375,22.58614158630371,240687200
2014/9/25,25.127500534057617,25.177499771118164,24.43000030517578,24.467500686645508,21.72487449645996,400368000
2014/9/26,24.63249969482422,25.1875,24.600000381469727,25.1875,22.36416244506836,249482000
2014/9/29,24.662500381469727,25.110000610351562,24.657499313354492,25.02750015258789,22.222097396850586,199065200
2014/9/30,25.202499389648438,25.385000228881836,25.13249969482422,25.1875,22.36416244506836,221056400
2014/10/1,25.147499084472656,25.172500610351562,24.674999237060547,24.795000076293945,22.015657424926758,205965200
2014/10/2,24.8174991607666,25.05500030517578,24.510000228881836,24.975000381469727,22.17548370361328,191031200
2014/10/3,24.860000610351562,25.052499771118164,24.760000228881836,24.905000686645508,22.113325119018555,173878400
2014/10/6,24.987499237060547,25.162500381469727,24.854999542236328,24.905000686645508,22.113325119018555,148204800
2014/10/7,24.857500076293945,25.030000686645508,24.6825008392334,24.6875,21.920209884643555,168376800
2014/10/8,24.690000534057617,25.27750015258789,24.577499389648438,25.200000762939453,22.375261306762695,229618800
2014/10/9,25.385000228881836,25.594999313354492,25.15250015258789,25.2549991607666,22.424097061157227,309506000
2014/10/10,25.172500610351562,25.50749969482422,25.075000762939453,25.1825008392334,22.35972785949707,265326400
2014/10/13,25.332500457763672,25.44499969482422,24.952499389648438,24.952499389648438,22.15550422668457,214333600
2014/10/14,25.09749984741211,25.1299991607666,24.642499923706055,24.6875,21.920209884643555,254754400
2014/10/15,24.49250030517578,24.787500381469727,23.795000076293945,24.385000228881836,21.6516170501709,403734400
2014/10/16,23.887500762939453,24.43000030517578,23.852500915527344,24.065000534057617,21.367488861083984,288618000
2014/10/17,24.375,24.75,24.202499389648438,24.417499542236328,21.680477142333984,272718800
2014/10/20,24.579999923706055,24.989999771118164,24.55500030517578,24.940000534057617,22.144407272338867,310069200
2014/10/21,25.7549991607666,25.7549991607666,25.3174991607666,25.61750030517578,22.745960235595703,378495600
2014/10/22,25.709999084472656,26.02750015258789,25.649999618530273,25.747499465942383,22.861387252807617,273052400
2014/10/23,26.020000457763672,26.262500762939453,25.907499313354492,26.207500457763672,23.269834518432617,284298800
2014/10/24,26.295000076293945,26.372499465942383,26.13249969482422,26.30500030517578,23.356401443481445,188215600
2014/10/27,26.212499618530273,26.3700008392334,26.174999237060547,26.27750015258789,23.33198356628418,136750800
2014/10/28,26.350000381469727,26.684999465942383,26.337499618530273,26.684999465942383,23.693801879882812,192243600
2014/10/29,26.662500381469727,26.842500686645508,26.59000015258789,26.834999084472656,23.826988220214844,210751600
2014/10/30,26.739999771118164,26.837499618530273,26.475000381469727,26.7450008392334,23.7470760345459,162619200
2014/10/31,27.002500534057617,27.010000228881836,26.802499771118164,27,23.97349739074707,178557200
2014/11/3,27.05500030517578,27.575000762939453,27.002500534057617,27.350000381469727,24.28426170349121,209130400
2014/11/4,27.34000015258789,27.372499465942383,26.93000030517578,27.149999618530273,24.1066837310791,166297600
2014/11/5,27.274999618530273,27.325000762939453,27.032499313354492,27.21500015258789,24.164398193359375,149743600
2014/11/6,27.149999618530273,27.197500228881836,26.950000762939453,27.174999237060547,24.233501434326172,139874000
2014/11/7,27.1875,27.329999923706055,27.137500762939453,27.252500534057617,24.302616119384766,134766000
2014/11/10,27.2549991607666,27.332500457763672,27.167499542236328,27.207500457763672,24.26248550415039,108782000
2014/11/11,27.174999237060547,27.4375,27.100000381469727,27.424999237060547,24.456443786621094,109769200
2014/11/12,27.344999313354492,27.857500076293945,27.342500686645508,27.8125,24.802001953125,187769600
2014/11/13,27.950000762939453,28.362499237060547,27.899999618530273,28.204999923706055,25.152013778686523,238091600
2014/11/14,28.287500381469727,28.547500610351562,27.802499771118164,28.545000076293945,25.455211639404297,176254400
2014/11/17,28.5674991607666,29.31999969482422,28.325000762939453,28.497499465942383,25.41285514831543,186986800
2014/11/18,28.485000610351562,28.922500610351562,28.47249984741211,28.86750030517578,25.742801666259766,176896000
2014/11/19,28.860000610351562,28.934999465942383,28.450000762939453,28.667499542236328,25.56445313,167476800
2014/11/20,28.727500915527344,29.21500015258789,28.712499618530273,29.077499389648438,25.93006706237793,173582000
2014/11/21,29.377500534057617,29.392499923706055,29.00749969482422,29.11750030517578,25.965749740600586,228717200
2014/11/24,29.212499618530273,29.6924991607666,29.155000686645508,29.657499313354492,26.44728660583496,189803200
2014/11/25,29.767499923706055,29.9375,29.362499237060547,29.399999618530273,26.21767234802246,275361600
2014/11/26,29.485000610351562,29.774999618530273,29.457500457763672,29.75,26.52978516,163073200
2014/11/28,29.8174991607666,29.850000381469727,29.512500762939453,29.732500076293945,26.51417350769043,99257600
2014/12/1,29.702499389648438,29.8125,27.8174991607666,28.767499923706055,25.65363311767578,335256000
2014/12/2,28.375,28.9375,28.1875,28.657499313354492,25.555538177490234,237395600
2014/12/3,28.9375,29.087499618530273,28.77750015258789,28.982500076293945,25.845359802246094,172253600
2014/12/4,28.9424991607666,29.299999237060547,28.822500228881836,28.872499465942383,25.747264862060547,168178000
2014/12/5,28.997499465942383,29.020000457763672,28.65999984741211,28.75,25.63802719116211,153275600
2014/12/8,28.524999618530273,28.662500381469727,27.905000686645508,28.100000381469727,25.058385848999023,230659600
2014/12/9,27.547500610351562,28.575000762939453,27.337499618530273,28.530000686645508,25.441837310791016,240832000
2014/12/10,28.602500915527344,28.712499618530273,27.885000228881836,27.987499237060547,24.95805549621582,178261200
2014/12/11,28.065000534057617,28.450000762939453,27.834999084472656,27.905000686645508,24.88449478149414,165606800
2014/12/12,27.614999771118164,27.967500686645508,27.395000457763672,27.4325008392334,24.463136672973633,224112400
2014/12/15,27.674999237060547,27.899999618530273,26.587499618530273,27.0575008392334,24.128721237182617,268872400
2014/12/16,26.592500686645508,27.540000915527344,26.565000534057617,26.6875,23.798770904541016,243162800
2014/12/17,26.780000686645508,27.459999084472656,26.704999923706055,27.352500915527344,24.391794204711914,213647200
2014/12/18,27.967500686645508,28.162500381469727,27.665000915527344,28.162500381469727,25.114118576049805,236024800
2014/12/19,28.065000534057617,28.309999465942383,27.915000915527344,27.94499969482422,24.920154571533203,353719200
2014/12/22,28.040000915527344,28.372499465942383,27.99250030517578,28.235000610351562,25.178773880004883,180670000
2014/12/23,28.3075008392334,28.332500457763672,28.114999771118164,28.135000228881836,25.089590072631836,104113600
2014/12/24,28.145000457763672,28.177499771118164,28.002500534057617,28.002500534057617,24.971437454223633,57918400
2014/12/26,28.024999618530273,28.6299991607666,28.002500534057617,28.497499465942383,25.41285514831543,134884000
2014/12/29,28.447500228881836,28.6924991607666,28.424999237060547,28.477500915527344,25.395023345947266,110395600
2014/12/30,28.40999984741211,28.479999542236328,28.02750015258789,28.1299991607666,25.085134506225586,119526000
2014/12/31,28.204999923706055,28.282499313354492,27.552499771118164,27.594999313354492,24.608043670654297,165613600
2015/1/2,27.84749984741211,27.860000610351562,26.837499618530273,27.332500457763672,24.373960494995117,212818400
2015/1/5,27.072500228881836,27.162500381469727,26.352500915527344,26.5625,23.687299728393555,257142000
2015/1/6,26.635000228881836,26.857500076293945,26.157499313354492,26.565000534057617,23.689531326293945,263188400
2015/1/7,26.799999237060547,27.049999237060547,26.674999237060547,26.9375,24.021713256835938,160423600
2015/1/8,27.3075008392334,28.037500381469727,27.174999237060547,27.97249984741211,24.944683074951172,237458000
2015/1/9,28.167499542236328,28.3125,27.552499771118164,28.002500534057617,24.971437454223633,214798000
2015/1/12,28.149999618530273,28.157499313354492,27.200000762939453,27.3125,24.356122970581055,198603200
2015/1/13,27.857500076293945,28.200000762939453,27.227500915527344,27.55500030517578,24.572372436523438,268367600
2015/1/14,27.260000228881836,27.622499465942383,27.125,27.450000762939453,24.478736877441406,195826400
2015/1/15,27.5,27.514999389648438,26.665000915527344,26.704999923706055,23.814380645751953,240056000
2015/1/16,26.75749969482422,26.895000457763672,26.299999237060547,26.497499465942383,23.62934112548828,314053200
2015/1/20,26.959999084472656,27.24250030517578,26.625,27.18000030517578,24.23796844482422,199599600
2015/1/21,27.237499237060547,27.764999389648438,27.0674991607666,27.387500762939453,24.42300796508789,194303600
2015/1/22,27.565000534057617,28.11750030517578,27.43000030517578,28.100000381469727,25.058385848999023,215185600
2015/1/23,28.075000762939453,28.4375,27.88249969482422,28.2450008392334,25.187686920166016,185859200
2015/1/26,28.434999465942383,28.59000015258789,28.200000762939453,28.274999618530273,25.214433670043945,222460000
2015/1/27,28.104999542236328,28.1200008392334,27.25749969482422,27.28499984741211,24.33160400390625,382274800
2015/1/28,29.407499313354492,29.530000686645508,28.827499389648438,28.827499389648438,25.70713996887207,585908400
2015/1/29,29.079999923706055,29.797500610351562,28.889999389648438,29.725000381469727,26.507490158081055,337745600
2015/1/30,29.600000381469727,30,29.212499618530273,29.290000915527344,26.11957550048828,334982000
2015/2/2,29.512500762939453,29.792499542236328,29.020000457763672,29.657499313354492,26.44728660583496,250956400
2015/2/3,29.625,29.772499084472656,29.40250015258789,29.662500381469727,26.451749801635742,207662800
2015/2/4,29.625,30.127500534057617,29.577499389648438,29.889999389648438,26.654626846313477,280598800
2015/2/5,30.0049991607666,30.0575008392334,29.8125,29.985000610351562,26.844881057739258,168984800
2015/2/6,30.0049991607666,30.0625,29.612499237060547,29.732500076293945,26.618820190429688,174826400
2015/2/9,29.637500762939453,29.959999084472656,29.607500076293945,29.93000030517578,26.795639038085938,155559200
2015/2/10,30.042499542236328,30.537500381469727,30.040000915527344,30.5049991607666,27.310415267944336,248034000
2015/2/11,30.6924991607666,31.229999542236328,30.625,31.219999313354492,27.950542449951172,294247200
2015/2/12,31.514999389648438,31.8700008392334,31.392499923706055,31.614999771118164,28.304180145263672,297898000
2015/2/13,31.81999969482422,31.81999969482422,31.412500381469727,31.770000457763672,28.442947387695312,217088800
2015/2/17,31.872499465942383,32.220001220703125,31.729999542236328,31.957500457763672,28.610809326171875,252609600
2015/2/18,31.907499313354492,32.19499969482422,31.862499237060547,32.18000030517578,28.810009002685547,179566800
2015/2/19,32.119998931884766,32.25749969482422,32.08250045776367,32.11249923706055,28.74958038330078,149449600
2015/2/20,32.154998779296875,32.375,32.01250076293945,32.375,28.984590530395508,195793600
2015/2/23,32.505001068115234,33.25,32.415000915527344,33.25,29.76795196533203,283896400
2015/2/24,33.23500061035156,33.400001525878906,32.79249954223633,33.04249954223633,29.582191467285156,276912400
2015/2/25,32.88999938964844,32.900001525878906,32.037498474121094,32.1974983215332,28.82567596435547,298846800
2015/2/26,32.1974983215332,32.717498779296875,31.65250015258789,32.60499954223633,29.19049835205078,365150000
2015/2/27,32.5,32.64250183105469,32.060001373291016,32.1150016784668,28.751815795898438,248059200
2015/3/2,32.3125,32.56999969482422,32.07500076293945,32.272499084472656,28.8928165435791,192386800
2015/3/3,32.2400016784668,32.380001068115234,32.022499084472656,32.34000015258789,28.953248977661133,151265200
2015/3/4,32.275001525878906,32.38999938964844,32.08000183105469,32.1349983215332,28.76972007751465,126665200
2015/3/5,32.14500045776367,32.1875,31.440000534057617,31.602500915527344,28.292984008789062,226068400
2015/3/6,32.099998474121094,32.342498779296875,31.565000534057617,31.649999618530273,28.335519790649414,291368400
2015/3/9,31.989999771118164,32.39250183105469,31.264999389648438,31.78499984741211,28.45637321472168,354114000
2015/3/10,31.602500915527344,31.80500030517578,30.950000762939453,31.127500534057617,27.86772918701172,275426400
2015/3/11,31.1875,31.1924991607666,30.52750015258789,30.559999465942383,27.35965347290039,275756000
2015/3/12,30.577499389648438,31.225000381469727,30.407499313354492,31.112499237060547,27.854299545288086,193450800
2015/3/13,31.100000381469727,31.350000381469727,30.645000457763672,30.897499084472656,27.661813735961914,207309200
2015/3/16,30.969999313354492,31.237499237060547,30.717500686645508,31.237499237060547,27.966215133666992,143497200
2015/3/17,31.475000381469727,31.829999923706055,31.412500381469727,31.760000228881836,28.433998107910156,204092400
2015/3/18,31.75,32.290000915527344,31.592500686645508,32.11750030517578,28.754053115844727,261083600
2015/3/19,32.1875,32.3125,31.850000381469727,31.875,28.53695297241211,183238000
2015/3/20,32.0625,32.099998474121094,31.290000915527344,31.475000381469727,28.178834915161133,274780400
2015/3/23,31.780000686645508,31.962499618530273,31.6299991607666,31.802499771118164,28.472042083740234,150838800
2015/3/24,31.8075008392334,32.0099983215332,31.639999389648438,31.672500610351562,28.355653762817383,131369200
2015/3/25,31.635000228881836,31.704999923706055,30.844999313354492,30.844999313354492,27.61481285095215,206620800
2015/3/26,30.690000534057617,31.219999313354492,30.649999618530273,31.059999465942383,27.80729866027832,190291600
2015/3/27,31.142499923706055,31.174999237060547,30.727500915527344,30.8125,27.585716247558594,158184800
2015/3/30,31.012500762939453,31.600000381469727,31,31.592500686645508,28.284032821655273,188398800
2015/3/31,31.522499084472656,31.622499465942383,31.09000015258789,31.107500076293945,27.849817276000977,168362400
2015/4/1,31.204999923706055,31.280000686645508,30.774999618530273,31.0625,27.809537887573242,162485600
2015/4/2,31.25749969482422,31.389999389648438,31.047500610351562,31.329999923706055,28.04902458190918,128880400
2015/4/6,31.11750030517578,31.877500534057617,31.082500457763672,31.837499618530273,28.503366470336914,148776000
2015/4/7,31.90999984741211,32.029998779296875,31.4950008392334,31.502500534057617,28.203458786010742,140049200
2015/4/8,31.462499618530273,31.600000381469727,31.24250030517578,31.399999618530273,28.111690521240234,149316800
2015/4/9,31.462499618530273,31.645000457763672,31.165000915527344,31.639999389648438,28.32655906677246,129936000
2015/4/10,31.487499237060547,31.802499771118164,31.315000534057617,31.774999618530273,28.447425842285156,160752000
2015/4/13,32.092498779296875,32.14250183105469,31.65250015258789,31.712499618530273,28.391460418701172,145460400
2015/4/14,31.75,31.822500228881836,31.477500915527344,31.575000762939453,28.26836395263672,102098400
2015/4/15,31.602500915527344,31.782499313354492,31.502500534057617,31.69499969482422,28.375797271728516,115881600
2015/4/16,31.56999969482422,31.774999618530273,31.52750015258789,31.542499542236328,28.239276885986328,113476000
2015/4/17,31.387500762939453,31.53499984741211,31.114999771118164,31.1875,27.921443939208984,207828000
2015/4/20,31.392499923706055,32.029998779296875,31.292499542236328,31.899999618530273,28.5593318939209,188217200
2015/4/21,32.025001525878906,32.04999923706055,31.667499542236328,31.727500915527344,28.404891967773438,129740400
2015/4/22,31.747499465942383,32.217498779296875,31.579999923706055,32.154998779296875,28.787626266479492,150618000
2015/4/23,32.07500076293945,32.60499954223633,32.03499984741211,32.41749954223633,29.022632598876953,183083600
2015/4/24,32.622501373291016,32.657501220703125,32.307498931884766,32.56999969482422,29.159168243408203,178103600
2015/4/27,33.07749938964844,33.282501220703125,32.787498474121094,33.162498474121094,29.689611434936523,387816800
2015/4/28,33.6150016784668,33.6349983215332,32.39250183105469,32.63999938964844,29.221839904785156,475696000
2015/4/29,32.540000915527344,32.897499084472656,32.07500076293945,32.15999984741211,28.792098999023438,253544400
2015/4/30,32.15999984741211,32.15999984741211,31.145000457763672,31.287500381469727,28.010976791381836,332781600
2015/5/1,31.524999618530273,32.532501220703125,31.325000762939453,32.23749923706055,28.86148452758789,234050400
2015/5/4,32.375,32.64250183105469,32.064998626708984,32.17499923706055,28.80552864074707,203953200
2015/5/5,32.037498474121094,32.11249923706055,31.44499969482422,31.450000762939453,28.156457901000977,197085600
2015/5/6,31.639999389648438,31.6875,30.84000015258789,31.252500534057617,27.979639053344727,288564000
2015/5/7,31.1924991607666,31.520000457763672,31.0049991607666,31.315000534057617,28.1527042388916,175763600
2015/5/8,31.670000076293945,31.905000686645508,31.52750015258789,31.905000686645508,28.683120727539062,222201600
2015/5/11,31.84749984741211,31.889999389648438,31.407499313354492,31.579999923706055,28.390941619873047,168143200
2015/5/12,31.399999618530273,31.719999313354492,31.204999923706055,31.467500686645508,28.289798736572266,192640000
2015/5/13,31.537500381469727,31.797500610351562,31.467500686645508,31.502500534057617,28.321264266967773,138776800
2015/5/14,31.852500915527344,32.23749923706055,31.790000915527344,32.23749923706055,28.982046127319336,180814000
2015/5/15,32.26750183105469,32.372501373291016,32.0525016784668,32.192501068115234,28.941585540771484,152832000
2015/5/18,32.095001220703125,32.68000030517578,32.09000015258789,32.54750061035156,29.26074219,203531600
2015/5/19,32.67250061035156,32.720001220703125,32.40999984741211,32.51750183105469,29.233768463134766,178532800
2015/5/20,32.5,32.744998931884766,32.334999084472656,32.51499938964844,29.231517791748047,145819600
2015/5/21,32.51750183105469,32.907501220703125,32.45750045776367,32.84749984741211,29.530439376831055,158921600
2015/5/22,32.900001525878906,33.24250030517578,32.849998474121094,33.1349983215332,29.78890609741211,182384000
2015/5/26,33.150001525878906,33.227500915527344,32.279998779296875,32.404998779296875,29.132625579833984,282790400
2015/5/27,32.584999084472656,33.064998626708984,32.51250076293945,33.0099983215332,29.676538467407227,183332800
2015/5/28,32.96500015258789,32.98749923706055,32.775001525878906,32.94499969482422,29.618093490600586,122933200
2015/5/29,32.807498931884766,32.86249923706055,32.474998474121094,32.56999969482422,29.280963897705078,203538000
2015/6/1,32.56999969482422,32.84749984741211,32.51250076293945,32.6349983215332,29.339387893676758,128451200
2015/6/2,32.46500015258789,32.665000915527344,32.33000183105469,32.4900016784668,29.209041595458984,134670400
2015/6/3,32.665000915527344,32.73500061035156,32.474998474121094,32.529998779296875,29.2450008392334,123934000
2015/6/4,32.39500045776367,32.64500045776367,32.227500915527344,32.34000015258789,29.074186325073242,153800400
2015/6/5,32.375,32.42250061035156,32.09000015258789,32.162498474121094,28.914613723754883,142507200
2015/6/8,32.224998474121094,32.3025016784668,31.707500457763672,31.950000762939453,28.72357749938965,210699200
2015/6/9,31.674999237060547,32.02000045776367,31.405000686645508,31.854999542236328,28.638164520263672,224301600
2015/6/10,31.979999542236328,32.334999084472656,31.962499618530273,32.220001220703125,28.96630859,156349200
2015/6/11,32.29499816894531,32.54499816894531,32.119998931884766,32.147499084472656,28.901124954223633,141563600
2015/6/12,32.04750061035156,32.08250045776367,31.77750015258789,31.792499542236328,28.581974029541016,147544800
2015/6/15,31.524999618530273,31.809999465942383,31.427499771118164,31.729999542236328,28.525787353515625,175955600
2015/6/16,31.75749969482422,31.962499618530273,31.592500686645508,31.899999618530273,28.67862319946289,125976400
2015/6/17,31.93000030517578,31.969999313354492,31.684999465942383,31.825000762939453,28.61119842529297,131672400
2015/6/18,31.8075008392334,32.07749938964844,31.80500030517578,31.969999313354492,28.741554260253906,141628800
2015/6/19,31.927499771118164,31.954999923706055,31.600000381469727,31.649999618530273,28.453868865966797,218867600
2015/6/22,31.872499465942383,32.01499938964844,31.770000457763672,31.90250015258789,28.68086814880371,136157200
2015/6/23,31.8700008392334,31.90250015258789,31.719999313354492,31.75749969482422,28.55051612854004,121075600
2015/6/24,31.802499771118164,32.45000076293945,31.780000686645508,32.02750015258789,28.793251037597656,221123600
2015/6/25,32.21500015258789,32.29999923706055,31.875,31.875,28.656147003173828,127752400
2015/6/26,31.917499542236328,31.997499465942383,31.627500534057617,31.6875,28.48758316040039,176267200
2015/6/29,31.364999771118164,31.61750030517578,31.1200008392334,31.13249969482422,27.988624572753906,196645600
2015/6/30,31.392499923706055,31.530000686645508,31.21500015258789,31.357500076293945,28.190908432006836,177482800
2015/7/1,31.725000381469727,31.735000610351562,31.497499465942383,31.649999618530273,28.453868865966797,120955200
2015/7/2,31.607500076293945,31.672500610351562,31.4424991607666,31.610000610351562,28.417911529541016,108844000
2015/7/6,31.235000610351562,31.5575008392334,31.212499618530273,31.5,28.31901741027832,112241600
2015/7/7,31.47249984741211,31.537500381469727,30.9424991607666,31.422500610351562,28.249353408813477,187787200
2015/7/8,31.1200008392334,31.15999984741211,30.635000228881836,30.642499923706055,27.548107147216797,243046400
2015/7/9,30.962499618530273,31.014999389648438,29.80500030517578,30.017499923706055,26.986225128173828,314380000
2015/7/10,30.485000610351562,30.962499618530273,30.302499771118164,30.81999969482422,27.707685470581055,245418000
2015/7/13,31.25749969482422,31.440000534057617,31.079999923706055,31.415000915527344,28.24260139465332,165762000
2015/7/14,31.510000228881836,31.592500686645508,31.260000228881836,31.40250015258789,28.231369018554688,127072400
2015/7/15,31.43000030517578,31.787500381469727,31.395000457763672,31.704999923706055,28.503313064575195,134596800
2015/7/16,31.934999465942383,32.14250183105469,31.837499618530273,32.127498626708984,28.883153915405273,144889600
2015/7/17,32.27000045776367,32.404998779296875,32.07749938964844,32.404998779296875,29.132625579833984,184658800
2015/7/20,32.74250030517578,33.24250030517578,32.67499923706055,33.01750183105469,29.683269500732422,235600800
2015/7/21,33.212501525878906,33.22999954223633,32.58000183105469,32.6875,29.3866024017334,307025600
2015/7/22,30.497499465942383,31.375,30.497499465942383,31.30500030517578,28.143709182739258,461802400
2015/7/23,31.549999237060547,31.772499084472656,31.264999389648438,31.290000915527344,28.130224227905273,203998000
2015/7/24,31.329999923706055,31.434999465942383,30.975000381469727,31.125,27.981887817382812,168649200
2015/7/27,30.772499084472656,30.90250015258789,30.530000686645508,30.6924991607666,27.59305763244629,177822000
2015/7/28,30.844999313354492,30.977500915527344,30.637500762939453,30.844999313354492,27.73015594482422,134472400
2015/7/29,30.787500381469727,30.875,30.5674991607666,30.747499465942383,27.642505645751953,148046800
2015/7/30,30.579999923706055,30.642499923706055,30.427499771118164,30.592500686645508,27.503164291381836,134513200
2015/7/31,30.649999618530273,30.65999984741211,30.227500915527344,30.325000762939453,27.26267433166504,171540000
2015/8/3,30.375,30.642499923706055,29.3799991607666,29.610000610351562,26.61988067626953,279904000
2015/8/4,29.354999542236328,29.424999237060547,28.3125,28.65999984741211,25.765804290771484,496554400
2015/8/5,28.237499237060547,29.360000610351562,28.024999618530273,28.850000381469727,25.936626434326172,397250400
2015/8/6,28.99250030517578,29.125,28.530000686645508,28.782499313354492,25.99306297302246,211612000
2015/8/7,28.645000457763672,29.0625,28.625,28.8799991607666,26.081117630004883,154681600
2015/8/10,29.13249969482422,29.997499465942383,29.13249969482422,29.93000030517578,27.029356002807617,219806400
2015/8/11,29.452499389648438,29.545000076293945,28.332500457763672,28.372499465942383,25.622806549072266,388331200
2015/8/12,28.13249969482422,28.854999542236328,27.407499313354492,28.809999465942383,26.01789665222168,404870000
2015/8/13,29.010000228881836,29.100000381469727,28.635000228881836,28.787500381469727,25.99757957458496,194143200
2015/8/14,28.579999923706055,29.077499389648438,28.502500534057617,28.989999771118164,26.18045425415039,171718000
2015/8/17,29.010000228881836,29.412500381469727,28.875,29.290000915527344,26.451387405395508,163538800
2015/8/18,29.107500076293945,29.360000610351562,29.002500534057617,29.125,26.302377700805664,138242800
2015/8/19,29.024999618530273,29.1299991607666,28.670000076293945,28.752500534057617,25.965974807739258,193146000
2015/8/20,28.520000457763672,28.587499618530273,27.907499313354492,28.162500381469727,25.433149337768555,274006400
2015/8/21,27.607500076293945,27.975000381469727,26.412500381469727,26.440000534057617,23.87759017944336,513102000
2015/8/24,23.717500686645508,27.200000762939453,23,25.780000686645508,23.281553268432617,648825200
2015/8/25,27.77750015258789,27.77750015258789,25.875,25.934999465942383,23.421533584594727,414406400
2015/8/26,26.772499084472656,27.47249984741211,26.262500762939453,27.422500610351562,24.764873504638672,387098400
2015/8/27,28.0575008392334,28.309999465942383,27.5049991607666,28.229999542236328,25.494110107421875,338464400
2015/8/28,28.042499542236328,28.327499389648438,27.885000228881836,28.322500228881836,25.577648162841797,212657600
2015/8/31,28.00749969482422,28.63249969482422,28,28.190000534057617,25.457988739013672,224917200
2015/9/1,27.537500381469727,27.969999313354492,26.84000015258789,26.93000030517578,24.32009506225586,307383600
2015/9/2,27.5575008392334,28.084999084472656,27.282499313354492,28.084999084472656,25.363161087036133,247555200
2015/9/3,28.122499465942383,28.19499969482422,27.510000228881836,27.592500686645508,24.91839599609375,212935600
2015/9/4,27.24250030517578,27.612499237060547,27.127500534057617,27.3174991607666,24.670042037963867,199985200
2015/9/8,27.9375,28.139999389648438,27.579999923706055,28.077499389648438,25.356393814086914,219374400
2015/9/9,28.440000534057617,28.5049991607666,27.4424991607666,27.537500381469727,24.86871910095215,340043200
2015/9/10,27.5674991607666,28.31999969482422,27.475000381469727,28.142499923706055,25.415090560913086,251571200
2015/9/11,27.947500228881836,28.552499771118164,27.940000534057617,28.552499771118164,25.785350799560547,199662000
2015/9/14,29.145000457763672,29.22249984741211,28.71500015258789,28.827499389648438,26.033702850341797,233453600
2015/9/15,28.982500076293945,29.13249969482422,28.604999542236328,29.06999969482422,26.252704620361328,173364800
2015/9/16,29.0625,29.135000228881836,28.860000610351562,29.102500915527344,26.28205108642578,148694000
2015/9/17,28.915000915527344,29.122499465942383,28.43000030517578,28.479999542236328,25.719881057739258,256450400
2015/9/18,28.052499771118164,28.575000762939453,27.967500686645508,28.362499237060547,25.613758087158203,297141200
2015/9/21,28.417499542236328,28.842500686645508,28.415000915527344,28.802499771118164,26.011123657226562,200888000
2015/9/22,28.344999313354492,28.545000076293945,28.1299991607666,28.350000381469727,25.602481842041016,201384800
2015/9/23,28.407499313354492,28.68000030517578,28.325000762939453,28.579999923706055,25.810190200805664,143026800
2015/9/24,28.3125,28.875,28.092500686645508,28.75,25.963716506958008,200878000
2015/9/25,29.110000610351562,29.172500610351562,28.5049991607666,28.677499771118164,25.898239135742188,224607600
2015/9/28,28.462499618530273,28.642499923706055,28.110000610351562,28.110000610351562,25.385744094848633,208436000
2015/9/29,28.207500457763672,28.377500534057617,26.96500015258789,27.264999389648438,24.622634887695312,293461600
2015/9/30,27.542499542236328,27.885000228881836,27.1825008392334,27.575000762939453,24.902585983276367,265892000
2015/10/1,27.267499923706055,27.405000686645508,26.827499389648438,27.395000457763672,24.740032196044922,255716400
2015/10/2,27.002500534057617,27.752500534057617,26.887500762939453,27.594999313354492,24.920650482177734,232079200
2015/10/5,27.469999313354492,27.842500686645508,27.267499923706055,27.69499969482422,25.010957717895508,208258800
2015/10/6,27.657499313354492,27.934999465942383,27.4424991607666,27.827499389648438,25.130615234375,192787200
2015/10/7,27.934999465942383,27.9424991607666,27.352500915527344,27.69499969482422,25.010957717895508,187062400
2015/10/8,27.547500610351562,27.547500610351562,27.052499771118164,27.375,24.721975326538086,247918400
2015/10/9,27.5,28.06999969482422,27.372499465942383,28.030000686645508,25.313501358032227,211064400
2015/10/12,28.1825008392334,28.1875,27.860000610351562,27.899999618530273,25.196094512939453,121868800
2015/10/13,27.704999923706055,28.112499237060547,27.670000076293945,27.947500228881836,25.238988876342773,132197200
2015/10/14,27.822500228881836,27.8799991607666,27.389999389648438,27.552499771118164,24.88226890563965,177849600
2015/10/15,27.732500076293945,28.024999618530273,27.622499465942383,27.96500015258789,25.254796981811523,150694000
2015/10/16,27.94499969482422,28,27.63249969482422,27.760000228881836,25.069656372070312,156930400
2015/10/19,27.700000762939453,27.9375,27.52750015258789,27.9325008392334,25.225444793701172,119036800
2015/10/20,27.834999084472656,28.542499542236328,27.704999923706055,28.4424991607666,25.686019897460938,195871200
2015/10/21,28.5,28.895000457763672,28.424999237060547,28.440000534057617,25.683761596679688,167180800
2015/10/22,28.582500457763672,28.875,28.524999618530273,28.875,26.076597213745117,166616400
2015/10/23,29.174999237060547,29.8075008392334,29.082500457763672,29.770000457763672,26.884864807128906,237467600
2015/10/26,29.520000457763672,29.532499313354492,28.729999542236328,28.81999969482422,26.026935577392578,265335200
2015/10/27,28.850000381469727,29.135000228881836,28.497499465942383,28.637500762939453,25.86211395263672,279537600
2015/10/28,29.232500076293945,29.825000762939453,29.014999389648438,29.8174991607666,26.927757263183594,342205600
2015/10/29,29.674999237060547,30.172500610351562,29.5674991607666,30.13249969482422,27.212228775024414,204909200
2015/10/30,30.247499465942383,30.30500030517578,29.862499237060547,29.875,26.97968101501465,197461200
2015/11/2,30.200000762939453,30.34000015258789,29.90250015258789,30.295000076293945,27.35898208618164,128813200
2015/11/3,30.197500228881836,30.872499465942383,30.174999237060547,30.642499923706055,27.672801971435547,182076000
2015/11/4,30.782499313354492,30.954999923706055,30.405000686645508,30.5,27.544116973876953,179544400
2015/11/5,30.462499618530273,30.672500610351562,30.045000076293945,30.229999542236328,27.41714859008789,158210800
2015/11/6,30.27750015258789,30.452499389648438,30.155000686645508,30.264999389648438,27.448881149291992,132169200
2015/11/9,30.239999771118164,30.452499389648438,30.012500762939453,30.142499923706055,27.337787628173828,135485600
2015/11/10,29.225000381469727,29.517499923706055,29.014999389648438,29.1924991607666,26.476173400878906,236511600
2015/11/11,29.092500686645508,29.354999542236328,28.802499771118164,29.02750015258789,26.3265323638916,180872000
2015/11/12,29.065000534057617,29.204999923706055,28.912500381469727,28.93000030517578,26.238101959228516,130102400
2015/11/13,28.799999237060547,28.892499923706055,28.0674991607666,28.084999084472656,25.471725463867188,183249600
2015/11/16,27.844999313354492,28.559999465942383,27.75,28.545000076293945,25.88892936706543,152426800
2015/11/17,28.729999542236328,28.762500762939453,28.329999923706055,28.422500610351562,25.777830123901367,110467600
2015/11/18,28.940000534057617,29.372499465942383,28.875,29.322500228881836,26.594085693359375,186698800
2015/11/19,29.40999984741211,29.9375,29.190000534057617,29.69499969482422,26.931922912597656,173183200
2015/11/20,29.799999237060547,29.979999542236328,29.712499618530273,29.825000762939453,27.049827575683594,137148400
2015/11/23,29.8174991607666,29.9325008392334,29.334999084472656,29.4375,26.698387145996094,129930000
2015/11/24,29.332500457763672,29.837499618530273,29.280000686645508,29.719999313354492,26.95459747314453,171212800
2015/11/25,29.802499771118164,29.8075008392334,29.479999542236328,29.50749969482422,26.761871337890625,85553200
2015/11/27,29.572500228881836,29.602500915527344,29.399999618530273,29.452499389648438,26.711986541748047,52185600
2015/11/30,29.497499465942383,29.852500915527344,29.4375,29.575000762939453,26.823095321655273,156721200
2015/12/1,29.6875,29.702499389648438,29.21500015258789,29.334999084472656,26.605424880981445,139409600
2015/12/2,29.334999084472656,29.52750015258789,29.020000457763672,29.06999969482422,26.365081787109375,133546400
2015/12/3,29.137500762939453,29.197500228881836,28.55500030517578,28.799999237060547,26.12019920349121,166278000
2015/12/4,28.822500228881836,29.8125,28.77750015258789,29.75749969482422,26.98861312866211,231108000
2015/12/7,29.7450008392334,29.96500015258789,29.452499389648438,29.56999969482422,26.81855010986328,128336800
2015/12/8,29.3799991607666,29.649999618530273,29.21500015258789,29.5575008392334,26.807218551635742,137238000
2015/12/9,29.40999984741211,29.422500610351562,28.770000457763672,28.905000686645508,26.21543312072754,185445600
2015/12/10,29.010000228881836,29.235000610351562,28.877500534057617,29.042499542236328,26.340131759643555,116850800
2015/12/11,28.797500610351562,28.84749984741211,28.212499618530273,28.295000076293945,25.662185668945312,187544800
2015/12/14,28.045000076293945,28.170000076293945,27.447500228881836,28.1200008392334,25.503477096557617,257274800
2015/12/15,27.985000610351562,28.200000762939453,27.587499618530273,27.622499465942383,25.052265167236328,213292400
2015/12/16,27.767499923706055,27.997499465942383,27.200000762939453,27.834999084472656,25.244991302490234,224954000
2015/12/17,28.0049991607666,28.0625,27.2450008392334,27.2450008392334,24.709890365600586,179091200
2015/12/18,27.227500915527344,27.3799991607666,26.452499389648438,26.50749969482422,24.041011810302734,385813200
2015/12/21,26.81999969482422,26.842500686645508,26.392499923706055,26.832500457763672,24.335773468017578,190362400
2015/12/22,26.850000381469727,26.93000030517578,26.612499237060547,26.8075008392334,24.31310272216797,131157600
2015/12/23,26.8174991607666,27.212499618530273,26.799999237060547,27.15250015258789,24.625995635986328,130629600
2015/12/24,27.25,27.25,26.987499237060547,27.00749969482422,24.494495391845703,54281600
2015/12/28,26.897499084472656,26.922500610351562,26.545000076293945,26.704999923706055,24.220134735107422,106816800
2015/12/29,26.739999771118164,27.357500076293945,26.71500015258789,27.184999465942383,24.655471801757812,123724800
2015/12/30,27.145000457763672,27.174999237060547,26.795000076293945,26.829999923706055,24.3335018157959,100855200
2015/12/31,26.752500534057617,26.75749969482422,26.204999923706055,26.315000534057617,23.866432189941406,163649200
2016/1/4,25.65250015258789,26.342500686645508,25.5,26.337499618530273,23.886829376220703,270597600
2016/1/5,26.4375,26.462499618530273,25.602500915527344,25.677499771118164,23.288244247436523,223164000
2016/1/6,25.139999389648438,25.592500686645508,24.967500686645508,25.174999237060547,22.832502365112305,273829600
2016/1/7,24.670000076293945,25.032499313354492,24.107500076293945,24.112499237060547,21.868864059448242,324377600
2016/1/8,24.637500762939453,24.77750015258789,24.190000534057617,24.239999771118164,21.984506607055664,283192000
2016/1/11,24.74250030517578,24.764999389648438,24.334999084472656,24.63249969482422,22.340476989746094,198957600
2016/1/12,25.137500762939453,25.172500610351562,24.709999084472656,24.989999771118164,22.66471290588379,196616800
2016/1/13,25.079999923706055,25.297500610351562,24.325000762939453,24.34749984741211,22.082000732421875,249758400
2016/1/14,24.489999771118164,25.1200008392334,23.934999465942383,24.8799991607666,22.564952850341797,252680400
2016/1/15,24.049999237060547,24.427499771118164,23.84000015258789,24.282499313354492,22.02304458618164,319335600
2016/1/19,24.602500915527344,24.662500381469727,23.875,24.165000915527344,21.916486740112305,212350800
2016/1/20,23.774999618530273,24.547500610351562,23.354999542236328,24.197500228881836,21.945960998535156,289337600
2016/1/21,24.264999389648438,24.469999313354492,23.735000610351562,24.075000762939453,21.834850311279297,208646000
2016/1/22,24.657499313354492,25.364999771118164,24.592500686645508,25.354999542236328,22.995758056640625,263202000
2016/1/25,25.3799991607666,25.38249969482422,24.802499771118164,24.860000610351562,22.546812057495117,207178000
2016/1/26,24.982500076293945,25.219999313354492,24.517499923706055,24.997499465942383,22.671512603759766,300308000
2016/1/27,24.010000228881836,24.157499313354492,23.334999084472656,23.354999542236328,21.18185043334961,533478800
2016/1/28,23.447500228881836,23.6299991607666,23.09749984741211,23.522499084472656,21.33376693725586,222715200
2016/1/29,23.697500228881836,24.334999084472656,23.587499618530273,24.334999084472656,22.070663452148438,257666000
2016/2/1,24.11750030517578,24.177499771118164,23.850000381469727,24.107500076293945,21.864328384399414,163774000
2016/2/2,23.854999542236328,24.010000228881836,23.56999969482422,23.6200008392334,21.42219352722168,149428800
2016/2/3,23.75,24.209999084472656,23.520000457763672,24.087499618530273,21.846195220947266,183857200
2016/2/4,23.96500015258789,24.332500457763672,23.797500610351562,24.149999618530273,22.021726608276367,185886800
2016/2/5,24.1299991607666,24.229999542236328,23.422500610351562,23.5049991607666,21.43356704711914,185672400
2016/2/8,23.282499313354492,23.924999237060547,23.260000228881836,23.752500534057617,21.659263610839844,216085600
2016/2/9,23.572500228881836,23.985000610351562,23.482500076293945,23.747499465942383,21.654701232910156,177324800
2016/2/10,23.979999542236328,24.087499618530273,23.524999618530273,23.5674991607666,21.490562438964844,169374400
2016/2/11,23.447500228881836,23.68000030517578,23.147499084472656,23.424999237060547,21.36061668395996,200298800
2016/2/12,23.547500610351562,23.625,23.252500534057617,23.497499465942383,21.426727294921875,161405600
2016/2/16,23.7549991607666,24.212499618530273,23.65250015258789,24.15999984741211,22.030845642089844,196231600
2016/2/17,24.167499542236328,24.552499771118164,24.037500381469727,24.530000686645508,22.368240356445312,179452800
2016/2/18,24.709999084472656,24.72249984741211,24.022499084472656,24.065000534057617,21.944211959838867,156084000
2016/2/19,24,24.190000534057617,23.950000762939453,24.010000228881836,21.894067764282227,141496800
2016/2/22,24.077499389648438,24.225000381469727,23.979999542236328,24.219999313354492,22.08556365966797,137123200
2016/2/23,24.100000381469727,24.125,23.637500762939453,23.672500610351562,21.5863094329834,127770400
2016/2/24,23.4950008392334,24.094999313354492,23.329999923706055,24.024999618530273,21.907745361328125,145022800
2016/2/25,24.012500762939453,24.190000534057617,23.8125,24.190000534057617,22.05820083618164,110330800
2016/2/26,24.299999237060547,24.5049991607666,24.145000457763672,24.227500915527344,22.09239387512207,115964400
2016/2/29,24.21500015258789,24.5575008392334,24.162500381469727,24.172500610351562,22.04224395751953,140865200
2016/3/1,24.412500381469727,25.1924991607666,24.354999542236328,25.13249969482422,22.91764259338379,201628400
2016/3/2,25.127500534057617,25.22249984741211,24.90999984741211,25.1875,22.967792510986328,132678400
2016/3/3,25.145000457763672,25.427499771118164,25.112499237060547,25.375,23.13877296447754,147822800
2016/3/4,25.592500686645508,25.9375,25.342500686645508,25.752500534057617,23.48300552368164,184220400
2016/3/7,25.59749984741211,25.707500457763672,25.239999771118164,25.467500686645508,23.223127365112305,143315600
2016/3/8,25.19499969482422,25.440000534057617,25.100000381469727,25.25749969482422,23.031625747680664,126247600
2016/3/9,25.327499389648438,25.395000457763672,25.0674991607666,25.280000686645508,23.052146911621094,108806800
2016/3/10,25.352500915527344,25.559999465942383,25.037500381469727,25.292499542236328,23.063541412353516,134054400
2016/3/11,25.559999465942383,25.56999969482422,25.375,25.565000534057617,23.312026977539062,109632800
2016/3/14,25.477500915527344,25.727500915527344,25.44499969482422,25.6299991607666,23.371301651000977,100304400
2016/3/15,25.989999771118164,26.295000076293945,25.962499618530273,26.145000457763672,23.840913772583008,160270800
2016/3/16,26.15250015258789,26.577499389648438,26.147499084472656,26.49250030517578,24.15778923034668,153214000
2016/3/17,26.3799991607666,26.61750030517578,26.239999771118164,26.450000762939453,24.119037628173828,137682800
2016/3/18,26.584999084472656,26.625,26.297500610351562,26.479999542236328,24.14638900756836,176820800
2016/3/21,26.482500076293945,26.912500381469727,26.28499984741211,26.477500915527344,24.14411163330078,142010800
2016/3/22,26.3125,26.822500228881836,26.302499771118164,26.68000030517578,24.32876205444336,129777600
2016/3/23,26.6200008392334,26.767499923706055,26.475000381469727,26.532499313354492,24.194265365600586,102814000
2016/3/24,26.36750030517578,26.5625,26.22249984741211,26.417499542236328,24.089393615722656,104532000
2016/3/28,26.5,26.547500610351562,26.264999389648438,26.297500610351562,23.979970932006836,77645600
2016/3/29,26.22249984741211,26.947500228881836,26.219999313354492,26.920000076293945,24.547618865966797,124760400
2016/3/30,27.162500381469727,27.604999542236328,27.149999618530273,27.389999389648438,24.976200103759766,182404400
2016/3/31,27.43000030517578,27.475000381469727,27.219999313354492,27.247499465942383,24.846250534057617,103553600
2016/4/1,27.19499969482422,27.5,27.049999237060547,27.497499465942383,25.0742244720459,103496000
2016/4/4,27.604999542236328,28.047500610351562,27.5674991607666,27.780000686645508,25.331830978393555,149424800
2016/4/5,27.377500534057617,27.6825008392334,27.354999542236328,27.452499389648438,25.03318977355957,106314800
2016/4/6,27.5575008392334,27.7450008392334,27.299999237060547,27.739999771118164,25.295345306396484,105616400
2016/4/7,27.487499237060547,27.604999542236328,27.030000686645508,27.135000228881836,24.74366569519043,127207600
2016/4/8,27.227500915527344,27.4424991607666,27.042499542236328,27.165000915527344,24.771028518676758,94326800
2016/4/11,27.24250030517578,27.65250015258789,27.207500457763672,27.2549991607666,24.853092193603516,117630000
2016/4/12,27.334999084472656,27.625,27.165000915527344,27.610000610351562,25.17681312561035,108929200
2016/4/13,27.700000762939453,28.084999084472656,27.700000762939453,28.010000228881836,25.541555404663086,133029200
2016/4/14,27.905000686645508,28.09749984741211,27.832500457763672,28.024999618530273,25.55523681640625,101895600
2016/4/15,28.02750015258789,28.075000762939453,27.4325008392334,27.462499618530273,25.04230308532715,187756000
2016/4/18,27.22249984741211,27.237499237060547,26.735000610351562,26.8700008392334,24.502023696899414,243286000
2016/4/19,26.969999313354492,27,26.5575008392334,26.727500915527344,24.372081756591797,129539600
2016/4/20,26.65999984741211,27.022499084472656,26.514999389648438,26.782499313354492,24.422229766845703,122444000
2016/4/21,26.732500076293945,26.732500076293945,26.3799991607666,26.49250030517578,24.15778923034668,126210000
2016/4/22,26.252500534057617,26.6200008392334,26.155000686645508,26.420000076293945,24.091676712036133,134732400
2016/4/25,26.25,26.412500381469727,26.127500534057617,26.270000457763672,23.95490074157715,112126400
2016/4/26,25.977500915527344,26.325000762939453,25.977500915527344,26.087499618530273,23.78848648071289,224064800
2016/4/27,24,24.677499771118164,23.920000076293945,24.454999923706055,22.29984474182129,458408400
2016/4/28,24.40250015258789,24.469999313354492,23.5625,23.707500457763672,21.618223190307617,328970800
2016/4/29,23.497499465942383,23.68000030517578,23.127500534057617,23.434999465942383,21.369741439819336,274126000
2016/5/2,23.49250030517578,23.520000457763672,23.100000381469727,23.40999984741211,21.346935272216797,192640400
2016/5/3,23.549999237060547,23.934999465942383,23.420000076293945,23.795000076293945,21.69801139831543,227325200
2016/5/4,23.799999237060547,23.975000381469727,23.454999923706055,23.547500610351562,21.47233009338379,164102000
2016/5/5,23.5,23.517499923706055,23.170000076293945,23.309999465942383,21.385169982910156,143562000
2016/5/6,23.342500686645508,23.362499237060547,22.962499618530273,23.18000030517578,21.26590347290039,174799600
2016/5/9,23.25,23.4424991607666,23.147499084472656,23.197500228881836,21.28195571899414,131745600
2016/5/10,23.332500457763672,23.392499923706055,23.02750015258789,23.354999542236328,21.42645263671875,134747200
2016/5/11,23.3700008392334,23.392499923706055,23.114999771118164,23.127500534057617,21.21773910522461,114876400
2016/5/12,23.18000030517578,23.19499969482422,22.36750030517578,22.584999084472656,20.72003746032715,305258800
2016/5/13,22.5,22.917499542236328,22.5,22.6299991607666,20.761320114135742,177571200
2016/5/16,23.09749984741211,23.59749984741211,22.912500381469727,23.469999313354492,21.531959533691406,245039200
2016/5/17,23.637500762939453,23.674999237060547,23.252500534057617,23.372499465942383,21.442508697509766,187667600
2016/5/18,23.540000915527344,23.802499771118164,23.47249984741211,23.639999389648438,21.68791961669922,168249600
2016/5/19,23.65999984741211,23.65999984741211,23.392499923706055,23.549999237060547,21.6053524017334,121768400
2016/5/20,23.65999984741211,23.857500076293945,23.6299991607666,23.80500030517578,21.83929443359375,128104000
2016/5/23,23.967500686645508,24.297500610351562,23.917499542236328,24.107500076293945,22.116819381713867,152074400
2016/5/24,24.30500030517578,24.522499084472656,24.209999084472656,24.475000381469727,22.45396614074707,140560800
2016/5/25,24.667499542236328,24.934999465942383,24.52750015258789,24.905000686645508,22.84846305847168,152675200
2016/5/26,24.920000076293945,25.1825008392334,24.65999984741211,25.102500915527344,23.029659271240234,225324800
2016/5/27,24.860000610351562,25.11750030517578,24.8125,25.087499618530273,23.015893936157227,145364800
2016/5/31,24.899999618530273,25.100000381469727,24.704999923706055,24.96500015258789,22.903507232666016,169228800
2016/6/1,24.7549991607666,24.885000228881836,24.582500457763672,24.614999771118164,22.582408905029297,116693200
2016/6/2,24.399999618530273,24.459999084472656,24.157499313354492,24.43000030517578,22.41268539428711,160766400
2016/6/3,24.447500228881836,24.5674991607666,24.362499237060547,24.479999542236328,22.458553314208984,114019600
2016/6/6,24.497499465942383,25.47249984741211,24.387500762939453,24.657499313354492,22.621397018432617,93170000
2016/6/7,24.8125,24.967500686645508,24.739999771118164,24.75749969482422,22.713138580322266,89638000
2016/6/8,24.7549991607666,24.889999389648438,24.670000076293945,24.735000610351562,22.6924991607666,83392400
2016/6/9,24.625,24.997499465942383,24.614999771118164,24.912500381469727,22.8553409576416,106405600
2016/6/10,24.63249969482422,24.837499618530273,24.6200008392334,24.707500457763672,22.667264938354492,126851600
2016/6/13,24.672500610351562,24.780000686645508,24.274999618530273,24.334999084472656,22.32553482055664,152082000
2016/6/14,24.329999923706055,24.6200008392334,24.1875,24.364999771118164,22.35304832458496,127727600
2016/6/15,24.454999923706055,24.602500915527344,24.25749969482422,24.28499984741211,22.279664993286133,117780800
2016/6/16,24.112499237060547,24.4375,24.017499923706055,24.387500762939453,22.373695373535156,125307200
2016/6/17,24.155000686645508,24.162500381469727,23.825000762939453,23.832500457763672,21.864526748657227,244032800
2016/6/20,24,24.142499923706055,23.75749969482422,23.774999618530273,21.8117733001709,137647600
2016/6/21,23.735000610351562,24.087499618530273,23.670000076293945,23.977500915527344,21.997554779052734,142185600
2016/6/22,24.0625,24.22249984741211,23.837499618530273,23.887500762939453,21.914989471435547,116876400
2016/6/23,23.985000610351562,24.072500228881836,23.8125,24.024999618530273,22.041128158569336,128960800
2016/6/24,23.227500915527344,23.665000915527344,23.162500381469727,23.350000381469727,21.4218692779541,301245600
2016/6/27,23.25,23.262500762939453,22.875,23.010000228881836,21.109939575195312,181958400
2016/6/28,23.225000381469727,23.415000915527344,23.03499984741211,23.397499084472656,21.46544075012207,161779600
2016/6/29,23.49250030517578,23.637500762939453,23.407499313354492,23.600000381469727,21.651222229003906,146124000
2016/6/30,23.610000610351562,23.9424991607666,23.575000762939453,23.899999618530273,21.92645263671875,143345600
2016/7/1,23.872499465942383,24.11750030517578,23.832500457763672,23.97249984741211,21.99295997619629,104106000
2016/7/5,23.84749984741211,23.850000381469727,23.614999771118164,23.747499465942383,21.786540985107422,110820800
2016/7/6,23.649999618530273,23.915000915527344,23.592500686645508,23.88249969482422,21.910396575927734,123796400
2016/7/7,23.924999237060547,24.125,23.905000686645508,23.985000610351562,22.004430770874023,100558400
2016/7/8,24.122499465942383,24.22249984741211,24.012500762939453,24.170000076293945,22.17415428161621,115648400
2016/7/11,24.1875,24.412500381469727,24.1825008392334,24.2450008392334,22.242961883544922,95179600
2016/7/12,24.292499542236328,24.424999237060547,24.280000686645508,24.354999542236328,22.3438720703125,96670000
2016/7/13,24.352500915527344,24.417499542236328,24.209999084472656,24.217500686645508,22.21773910522461,103568800
2016/7/14,24.34749984741211,24.747499465942383,24.329999923706055,24.697500228881836,22.658100128173828,155676000
2016/7/15,24.729999542236328,24.825000762939453,24.625,24.69499969482422,22.65580177307129,120548000
2016/7/18,24.674999237060547,25.032499313354492,24.649999618530273,24.957500457763672,22.896629333496094,145975600
2016/7/19,24.889999389648438,25,24.834999084472656,24.967500686645508,22.90580177307129,95119600
2016/7/20,25,25.114999771118164,24.934999465942383,24.989999771118164,22.92643928527832,105104000
2016/7/21,24.957500457763672,25.25,24.782499313354492,24.857500076293945,22.804887771606445,130808000
2016/7/22,24.815000534057617,24.825000762939453,24.577499389648438,24.665000915527344,22.628286361694336,113254800
2016/7/25,24.5625,24.709999084472656,24.229999542236328,24.334999084472656,22.32553482055664,161531600
2016/7/26,24.204999923706055,24.49250030517578,24.104999542236328,24.167499542236328,22.17186164855957,224959200
2016/7/27,26.0674991607666,26.087499618530273,25.6875,25.737499237060547,23.612220764160156,369379200
2016/7/28,25.707500457763672,26.112499237060547,25.704999923706055,26.084999084472656,23.93102264404297,159479200
2016/7/29,26.047500610351562,26.137500762939453,25.920000076293945,26.052499771118164,23.901208877563477,110934800
2016/8/1,26.102500915527344,26.537500381469727,26.102500915527344,26.512500762939453,24.32322120666504,152671600
2016/8/2,26.512500762939453,26.517499923706055,26,26.1200008392334,23.963125228881836,135266400
2016/8/3,26.202499389648438,26.459999084472656,26.1924991607666,26.447500228881836,24.263586044311523,120810400
2016/8/4,26.395000457763672,26.5,26.31999969482422,26.467500686645508,24.41347885131836,109634800
2016/8/5,26.5674991607666,26.912500381469727,26.545000076293945,26.8700008392334,24.78474235534668,162213600
2016/8/8,26.8799991607666,27.092500686645508,26.790000915527344,27.092500686645508,24.989978790283203,112148800
2016/8/9,27.0575008392334,27.235000610351562,27.002500534057617,27.202499389648438,25.09143829345703,105260800
2016/8/10,27.177499771118164,27.225000381469727,26.940000534057617,27,24.904651641845703,96034000
2016/8/11,27.1299991607666,27.232500076293945,26.962499618530273,26.982500076293945,24.888505935668945,109938000
2016/8/12,26.94499969482422,27.110000610351562,26.94499969482422,27.045000076293945,24.946157455444336,74641600
2016/8/15,27.03499984741211,27.385000228881836,27.020000457763672,27.3700008392334,25.245943069458008,103472800
2016/8/16,27.407499313354492,27.5575008392334,27.302499771118164,27.344999313354492,25.222875595092773,135177600
2016/8/17,27.274999618530273,27.342500686645508,27.084999084472656,27.30500030517578,25.18597984313965,101424000
2016/8/18,27.3075008392334,27.399999618530273,27.2549991607666,27.270000457763672,25.153696060180664,87938800
2016/8/19,27.1924991607666,27.422500610351562,27.09000015258789,27.34000015258789,25.218271255493164,101472400
2016/8/22,27.21500015258789,27.274999618530273,26.962499618530273,27.127500534057617,25.022262573242188,103280800
2016/8/23,27.147499084472656,27.329999923706055,27.13249969482422,27.212499618530273,25.100666046142578,85030800
2016/8/24,27.142499923706055,27.1875,26.920000076293945,27.00749969482422,24.91157341003418,94700400
2016/8/25,26.84749984741211,26.969999313354492,26.670000076293945,26.892499923706055,24.805500030517578,100344800
2016/8/26,26.852500915527344,26.987499237060547,26.577499389648438,26.735000610351562,24.660228729248047,111065200
2016/8/29,26.655000686645508,26.860000610351562,26.572500228881836,26.704999923706055,24.632549285888672,99881200
2016/8/30,26.450000762939453,26.625,26.375,26.5,24.443456649780273,99455600
2016/8/31,26.415000915527344,26.642499923706055,26.40999984741211,26.524999618530273,24.466520309448242,118649600
2016/9/1,26.53499984741211,26.700000762939453,26.405000686645508,26.6825008392334,24.611799240112305,106806000
2016/9/2,26.924999237060547,27,26.704999923706055,26.9325008392334,24.84239387512207,107210000
2016/9/6,26.975000381469727,27.075000762939453,26.877500534057617,26.924999237060547,24.835468292236328,107521600
2016/9/7,26.957500457763672,27.190000534057617,26.767499923706055,27.09000015258789,24.987668991088867,169457200
2016/9/8,26.8125,26.8174991607666,26.309999465942383,26.3799991607666,24.332767486572266,212008000
2016/9/9,26.15999984741211,26.43000030517578,25.782499313354492,25.782499313354492,23.78163719177246,186228000
2016/9/12,25.662500381469727,26.43000030517578,25.63249969482422,26.360000610351562,24.31432342529297,181171200
2016/9/13,26.877500534057617,27.197500228881836,26.809999465942383,26.987499237060547,24.89312171936035,248704800
2016/9/14,27.1825008392334,28.25749969482422,27.149999618530273,27.9424991607666,25.77400779724121,443554800
2016/9/15,28.46500015258789,28.9325008392334,28.372499465942383,28.892499923706055,26.650285720825195,359934400
2016/9/16,28.780000686645508,29.032499313354492,28.510000228881836,28.729999542236328,26.50039291381836,319547600
2016/9/19,28.797500610351562,29.045000076293945,28.3125,28.395000457763672,26.19139289855957,188092000
2016/9/20,28.262500762939453,28.530000686645508,28.127500534057617,28.392499923706055,26.189090728759766,138057200
2016/9/21,28.462499618530273,28.497499465942383,28.110000610351562,28.387500762939453,26.184473037719727,144012800
2016/9/22,28.587499618530273,28.735000610351562,28.5,28.655000686645508,26.431217193603516,124296000
2016/9/23,28.604999542236328,28.697500228881836,27.887500762939453,28.177499771118164,25.99077606201172,209924800
2016/9/26,27.90999984741211,28.34749984741211,27.887500762939453,28.219999313354492,26.02996826171875,119477600
2016/9/27,28.25,28.295000076293945,28.084999084472656,28.272499084472656,26.078397750854492,98429600
2016/9/28,28.422500610351562,28.65999984741211,28.357500076293945,28.487499237060547,26.276714324951172,118564400
2016/9/29,28.290000915527344,28.450000762939453,27.950000762939453,28.045000076293945,25.868555068969727,143548000
2016/9/30,28.114999771118164,28.342500686645508,27.950000762939453,28.262500762939453,26.069177627563477,145516400
2016/10/3,28.177499771118164,28.262500762939453,28.06999969482422,28.1299991607666,25.946956634521484,86807200
2016/10/4,28.264999389648438,28.577499389648438,28.157499313354492,28.25,26.057645797729492,118947200
2016/10/5,28.350000381469727,28.415000915527344,28.172500610351562,28.262500762939453,26.069177627563477,85812400
2016/10/6,28.424999237060547,28.584999084472656,28.282499313354492,28.47249984741211,26.262874603271484,115117200
2016/10/7,28.577499389648438,28.639999389648438,28.377500534057617,28.514999389648438,26.302080154418945,97433600
2016/10/10,28.7549991607666,29.1875,28.68000030517578,29.012500762939453,26.760971069335938,144944000
2016/10/11,29.424999237060547,29.672500610351562,29.049999237060547,29.075000762939453,26.818620681762695,256164000
2016/10/12,29.337499618530273,29.4950008392334,29.1875,29.334999084472656,27.058441162109375,150347200
2016/10/13,29.197500228881836,29.360000610351562,28.93000030517578,29.2450008392334,26.975433349609375,140769600
2016/10/14,29.469999313354492,29.542499542236328,29.282499313354492,29.407499313354492,27.125316619873047,142608800
2016/10/17,29.332500457763672,29.459999084472656,29.19499969482422,29.387500762939453,27.106874465942383,94499600
2016/10/18,29.545000076293945,29.552499771118164,29.362499237060547,29.36750030517578,27.088417053222656,98214000
2016/10/19,29.3125,29.440000534057617,28.450000762939453,29.280000686645508,27.007720947265625,80138400
2016/10/20,29.21500015258789,29.344999313354492,29.082500457763672,29.264999389648438,26.993881225585938,96503200
2016/10/21,29.202499389648438,29.227500915527344,29.06999969482422,29.149999618530273,26.88780403137207,92770800
2016/10/24,29.274999618530273,29.434999465942383,29.25,29.412500381469727,27.129928588867188,94154800
2016/10/25,29.487499237060547,29.59000015258789,29.327499389648438,29.5625,27.268291473388672,192516000
2016/10/26,28.577499389648438,28.924999237060547,28.327499389648438,28.897499084472656,26.654897689819336,264536800
2016/10/27,28.84749984741211,28.96500015258789,28.524999618530273,28.6200008392334,26.39893341064453,138248000
2016/10/28,28.467500686645508,28.802499771118164,28.362499237060547,28.43000030517578,26.223676681518555,151446800
2016/10/31,28.412500381469727,28.5575008392334,28.299999237060547,28.385000228881836,26.182170867919922,105677600
2016/11/1,28.364999771118164,28.4424991607666,27.63249969482422,27.872499465942383,25.709444046020508,175303200
2016/11/2,27.850000381469727,28.087499618530273,27.8075008392334,27.897499084472656,25.73250389099121,113326800
2016/11/3,27.7450008392334,27.864999771118164,27.387500762939453,27.457500457763672,25.456680297851562,107730400
2016/11/4,27.13249969482422,27.5625,27.02750015258789,27.209999084472656,25.22722053527832,123348000
2016/11/7,27.520000457763672,27.627500534057617,27.364999771118164,27.602500915527344,25.59111785888672,130240000
2016/11/8,27.577499389648438,27.93000030517578,27.424999237060547,27.764999389648438,25.741769790649414,97016800
2016/11/9,27.469999313354492,27.829999923706055,27.012500762939453,27.719999313354492,25.700048446655273,236705600
2016/11/10,27.772499084472656,27.772499084472656,26.457500457763672,26.947500228881836,24.983840942382812,228538000
2016/11/11,26.780000686645508,27.217500686645508,26.637500762939453,27.107500076293945,25.132179260253906,136575600
2016/11/14,26.927499771118164,26.952499389648438,26.020000457763672,26.427499771118164,24.50173568725586,204702000
2016/11/15,26.642499923706055,26.920000076293945,26.540000915527344,26.77750015258789,24.826234817504883,129058000
2016/11/16,26.674999237060547,27.5575008392334,26.649999618530273,27.497499465942383,25.49376678466797,235362000
2016/11/17,27.452499389648438,27.587499618530273,27.207500457763672,27.487499237060547,25.484495162963867,110528000
2016/11/18,27.43000030517578,27.635000228881836,27.415000915527344,27.514999389648438,25.50999641418457,113715600
2016/11/21,27.530000686645508,27.997499465942383,27.502500534057617,27.9325008392334,25.897069931030273,117058400
2016/11/22,27.987499237060547,28.104999542236328,27.850000381469727,27.950000762939453,25.91329574584961,103862000
2016/11/23,27.84000015258789,27.877500534057617,27.582500457763672,27.8075008392334,25.781177520751953,109705600
2016/11/25,27.782499313354492,27.967500686645508,27.737499237060547,27.947500228881836,25.910974502563477,45903600
2016/11/28,27.857500076293945,28.11750030517578,27.84749984741211,27.892499923706055,25.859981536865234,108776000
2016/11/29,27.69499969482422,28.00749969482422,27.517499923706055,27.864999771118164,25.83449363708496,114115200
2016/11/30,27.899999618530273,28.049999237060547,27.5674991607666,27.6299991607666,25.616609573364258,144649200
2016/12/1,27.592500686645508,27.735000610351562,27.25749969482422,27.372499465942383,25.377872467041016,148347600
2016/12/2,27.292499542236328,27.522499084472656,27.212499618530273,27.475000381469727,25.47290802001953,106112000
2016/12/5,27.5,27.50749969482422,27.0625,27.27750015258789,25.289796829223633,137298000
2016/12/6,27.375,27.59000015258789,27.297500610351562,27.487499237060547,25.484495162963867,104782000
2016/12/7,27.315000534057617,27.797500610351562,27.290000915527344,27.75749969482422,25.734817504882812,119994800
2016/12/8,27.71500015258789,28.107500076293945,27.649999618530273,28.030000686645508,25.987464904785156,108273200
2016/12/9,28.077499389648438,28.674999237060547,28.077499389648438,28.487499237060547,26.4116268157959,137610400
2016/12/12,28.322500228881836,28.75,28.122499465942383,28.325000762939453,26.26097297668457,105497600
2016/12/13,28.459999084472656,28.979999542236328,28.4375,28.797500610351562,26.699033737182617,174935200
2016/12/14,28.760000228881836,29.049999237060547,28.7450008392334,28.797500610351562,26.699033737182617,136127200
2016/12/15,28.844999313354492,29.1825008392334,28.8075008392334,28.954999923706055,26.845056533813477,186098000
2016/12/16,29.11750030517578,29.125,28.912500381469727,28.99250030517578,26.879825592041016,177404400
2016/12/19,28.950000762939453,29.344999313354492,28.9375,29.15999984741211,27.035118103027344,111117600
2016/12/20,29.184999465942383,29.375,29.170000076293945,29.237499237060547,27.10697364807129,85700000
2016/12/21,29.200000762939453,29.350000381469727,29.19499969482422,29.264999389648438,27.132471084594727,95132800
2016/12/22,29.087499618530273,29.127500534057617,28.90999984741211,29.072500228881836,26.953998565673828,104343600
2016/12/23,28.897499084472656,29.1299991607666,28.897499084472656,29.1299991607666,27.00730323791504,56998000
2016/12/27,29.1299991607666,29.450000762939453,29.122499465942383,29.315000534057617,27.178823471069336,73187600
2016/12/28,29.3799991607666,29.5049991607666,29.049999237060547,29.190000534057617,27.062938690185547,83623600
2016/12/29,29.112499237060547,29.27750015258789,29.100000381469727,29.1825008392334,27.055988311767578,60158000
2016/12/30,29.162500381469727,29.299999237060547,28.857500076293945,28.954999923706055,26.845056533813477,122345200
2017/1/3,28.950000762939453,29.082500457763672,28.690000534057617,29.037500381469727,26.92154884338379,115127600
2017/1/4,28.962499618530273,29.127500534057617,28.9375,29.0049991607666,26.891414642333984,84472400
2017/1/5,28.979999542236328,29.21500015258789,28.952499389648438,29.15250015258789,27.028165817260742,88774400
2017/1/6,29.19499969482422,29.540000915527344,29.11750030517578,29.477500915527344,27.329484939575195,127007600
2017/1/9,29.487499237060547,29.857500076293945,29.485000610351562,29.747499465942383,27.57980728149414,134247600
2017/1/10,29.6924991607666,29.844999313354492,29.575000762939453,29.77750015258789,27.607624053955078,97848400
2017/1/11,29.684999465942383,29.982500076293945,29.649999618530273,29.9375,27.755964279174805,110354400
2017/1/12,29.725000381469727,29.825000762939453,29.552499771118164,29.8125,27.640073776245117,108344800
2017/1/13,29.77750015258789,29.905000686645508,29.702499389648438,29.760000228881836,27.591400146484375,104447600
2017/1/17,29.584999084472656,30.059999465942383,29.55500030517578,30,27.813905715942383,137759200
2017/1/18,30,30.125,29.927499771118164,29.997499465942383,27.81159210205078,94852000
2017/1/19,29.850000381469727,30.022499084472656,29.842500686645508,29.94499969482422,27.762916564941406,102389200
2017/1/20,30.112499237060547,30.112499237060547,29.9325008392334,30,27.813905715942383,130391600
2017/1/23,30,30.202499389648438,29.9424991607666,30.020000457763672,27.832454681396484,88200800
2017/1/24,29.887500762939453,30.024999618530273,29.875,29.99250030517578,27.806955337524414,92844000
2017/1/25,30.104999542236328,30.524999618530273,30.06999969482422,30.469999313354492,28.249656677246094,129510400
2017/1/26,30.417499542236328,30.610000610351562,30.399999618530273,30.485000610351562,28.263566970825195,105350400
2017/1/27,30.53499984741211,30.587499618530273,30.399999618530273,30.487499237060547,28.26588249206543,82251600
2017/1/30,30.232500076293945,30.407499313354492,30.165000915527344,30.407499313354492,28.191713333129883,121510000
2017/1/31,30.287500381469727,30.34749984741211,30.155000686645508,30.337499618530273,28.126815795898438,196804000
2017/2/1,31.75749969482422,32.622501373291016,31.752500534057617,32.1875,29.842010498046875,447940000
2017/2/2,31.9950008392334,32.34749984741211,31.94499969482422,32.13249969482422,29.7910213470459,134841600
2017/2/3,32.07749938964844,32.29750061035156,32.040000915527344,32.27000045776367,29.918495178222656,98029200
2017/2/6,32.282501220703125,32.625,32.224998474121094,32.5724983215332,30.19895362854004,107383600
2017/2/7,32.6349983215332,33.022499084472656,32.61249923706055,32.88249969482422,30.486358642578125,152735200
2017/2/8,32.837501525878906,33.05500030517578,32.80500030517578,33.0099983215332,30.60456657409668,92016400
2017/2/9,32.912498474121094,33.11249923706055,32.779998779296875,33.10499954223633,30.825714111328125,113399600
2017/2/10,33.1150016784668,33.23500061035156,33.01250076293945,33.029998779296875,30.755878448486328,80262000
2017/2/13,33.27000045776367,33.45500183105469,33.1875,33.3224983215332,31.028242111206055,92141600
2017/2/14,33.36750030517578,33.772499084472656,33.3125,33.755001068115234,31.430973052978516,132904800
2017/2/15,33.880001068115234,34.067501068115234,33.654998779296875,33.877498626708984,31.545028686523438,142492400
2017/2/16,33.91749954223633,33.974998474121094,33.709999084472656,33.837501525878906,31.507789611816406,90338400
2017/2/17,33.775001525878906,33.95750045776367,33.775001525878906,33.93000030517578,31.59390640258789,88792800
2017/2/21,34.057498931884766,34.1875,33.994998931884766,34.17499923706055,31.822052001953125,98028800
2017/2/22,34.10749816894531,34.279998779296875,34.02750015258789,34.27750015258789,31.917499542236328,83347600
2017/2/23,34.345001220703125,34.369998931884766,34.07500076293945,34.13249969482422,31.782480239868164,83152800
2017/2/24,33.977500915527344,34.165000915527344,33.81999969482422,34.165000915527344,31.812744140625,87106400
2017/2/27,34.28499984741211,34.36000061035156,34.06999969482422,34.23249816894531,31.875593185424805,81029600
2017/2/28,34.27000045776367,34.36000061035156,34.17499923706055,34.247501373291016,31.889556884765625,93931600
2017/3/1,34.47249984741211,35.037498474121094,34.400001525878906,34.9474983215332,32.54136657714844,145658400
2017/3/2,35,35.06999969482422,34.689998626708984,34.7400016784668,32.34816360473633,104844000
2017/3/3,34.69499969482422,34.95750045776367,34.647499084472656,34.94499969482422,32.53904342651367,84432400
2017/3/6,34.842498779296875,34.942501068115234,34.650001525878906,34.834999084472656,32.43660354614258,87000000
2017/3/7,34.76499938964844,34.994998931884766,34.6974983215332,34.880001068115234,32.47852325439453,69785200
2017/3/8,34.73749923706055,34.95000076293945,34.70500183105469,34.75,32.35745620727539,74828800
2017/3/9,34.685001373291016,34.6974983215332,34.26250076293945,34.66999816894531,32.28297424316406,88623600
2017/3/10,34.8125,34.84000015258789,34.65999984741211,34.78499984741211,32.390052795410156,78451200
2017/3/13,34.712501525878906,34.85749816894531,34.70500183105469,34.79999923706055,32.404014587402344,69686800
2017/3/14,34.82500076293945,34.912498474121094,34.709999084472656,34.747501373291016,32.355140686035156,61236400
2017/3/15,34.852500915527344,35.1875,34.75749969482422,35.1150016784668,32.697330474853516,102767200
2017/3/16,35.18000030517578,35.255001068115234,35.064998626708984,35.17250061035156,32.7508659362793,76928000
2017/3/17,35.25,35.25,34.97249984741211,34.997501373291016,32.58792495727539,175540000
2017/3/20,35.099998474121094,35.375,35.057498931884766,35.3650016784668,32.93011474609375,86168000
2017/3/21,35.52750015258789,35.70000076293945,34.932498931884766,34.959999084472656,32.55301284790039,158119600
2017/3/22,34.962501525878906,35.400001525878906,34.939998626708984,35.35499954223633,32.920806884765625,103440800
2017/3/23,35.314998626708984,35.39500045776367,35.15250015258789,35.22999954223633,32.80440902709961,81385200
2017/3/24,35.375,35.435001373291016,35.087501525878906,35.15999984741211,32.73923873901367,89582400
2017/3/27,34.84749984741211,35.30500030517578,34.654998779296875,35.220001220703125,32.79509735107422,94300400
2017/3/28,35.227500915527344,36.0099983215332,35.154998779296875,35.95000076293945,33.474830627441406,133499200
2017/3/29,35.91999816894531,36.122501373291016,35.79750061035156,36.029998779296875,33.54933166503906,116760000
2017/3/30,36.04750061035156,36.125,35.875,35.98249816894531,33.50511169433594,84829200
2017/3/31,35.93000030517578,36.067501068115234,35.752498626708984,35.915000915527344,33.4422492980957,78646800
2017/4/3,35.9275016784668,36.029998779296875,35.76250076293945,35.92499923706055,33.45156478881836,79942800
2017/4/4,35.8125,36.22249984741211,35.79249954223633,36.192501068115234,33.70065689086914,79565600
2017/4/5,36.05500030517578,36.3650016784668,35.95249938964844,36.005001068115234,33.526058197021484,110871600
2017/4/6,36.0724983215332,36.130001068115234,35.86249923706055,35.915000915527344,33.4422492980957,84596000
2017/4/7,35.932498931884766,36.04499816894531,35.817501068115234,35.834999084472656,33.36775588989258,66688800
2017/4/10,35.900001525878906,35.970001220703125,35.724998474121094,35.79249954223633,33.328189849853516,75733600
2017/4/11,35.73500061035156,35.837501525878906,35.01499938964844,35.407501220703125,32.969703674316406,121517600
2017/4/12,35.400001525878906,35.537498474121094,35.252498626708984,35.45000076293945,33.00926971435547,81400000
2017/4/13,35.477500915527344,35.595001220703125,35.26250076293945,35.26250076293945,32.83468246459961,71291600
2017/4/17,35.369998931884766,35.470001220703125,35.217498779296875,35.45750045776367,33.016258239746094,66328400
2017/4/18,35.352500915527344,35.5099983215332,35.27750015258789,35.29999923706055,32.86958694458008,58790000
2017/4/19,35.470001220703125,35.5,35.11249923706055,35.16999816894531,32.748538970947266,69313600
2017/4/20,35.30500030517578,35.72999954223633,35.290000915527344,35.61000061035156,33.15825653076172,93278400
2017/4/21,35.61000061035156,35.66999816894531,35.462501525878906,35.567501068115234,33.118675231933594,69283600
2017/4/24,35.875,35.98749923706055,35.79499816894531,35.90999984741211,33.437591552734375,68537200
2017/4/25,35.977500915527344,36.224998474121094,35.967498779296875,36.13249969482422,33.644771575927734,75486000
2017/4/26,36.11750030517578,36.150001525878906,35.845001220703125,35.91999816894531,33.446895599365234,80164800
2017/4/27,35.97999954223633,36.040000915527344,35.82749938964844,35.9474983215332,33.47250747680664,56985200
2017/4/28,36.022499084472656,36.07500076293945,35.817501068115234,35.912498474121094,33.43992233276367,83441600
2017/5/1,36.275001525878906,36.79999923706055,36.2400016784668,36.64500045776367,34.12199020385742,134411600
2017/5/2,36.8849983215332,37.022499084472656,36.709999084472656,36.877498626708984,34.33848190307617,181408800
2017/5/3,36.397499084472656,36.872501373291016,36.067501068115234,36.76499938964844,34.233726501464844,182788000
2017/5/4,36.630001068115234,36.78499984741211,36.45249938964844,36.63249969482422,34.110355377197266,93487600
2017/5/5,36.689998626708984,37.244998931884766,36.689998626708984,37.2400016784668,34.676029205322266,109310800
2017/5/8,37.25749969482422,38.42499923706055,37.25749969482422,38.252498626708984,35.618804931640625,195009600
2017/5/9,38.467498779296875,38.720001220703125,38.36249923706055,38.497501373291016,35.846946716308594,156521600
2017/5/10,38.407501220703125,38.48500061035156,38.02750015258789,38.314998626708984,35.67700958251953,103222800
2017/5/11,38.11249923706055,38.51750183105469,38.07749938964844,38.48749923706055,35.98555374145508,109020400
2017/5/12,38.67499923706055,39.10499954223633,38.66749954223633,39.025001525878906,36.488128662109375,130108000
2017/5/15,39.002498626708984,39.162498474121094,38.76250076293945,38.92499923706055,36.39460754394531,104038800
2017/5/16,38.98500061035156,39.01499938964844,38.68000030517578,38.86750030517578,36.340850830078125,80194000
2017/5/17,38.400001525878906,38.64250183105469,37.4275016784668,37.5625,35.12070083618164,203070800
2017/5/18,37.817501068115234,38.334999084472656,37.782501220703125,38.1349983215332,35.655975341796875,134272800
2017/5/19,38.345001220703125,38.494998931884766,38.157501220703125,38.26499938964844,35.777523040771484,107843200
2017/5/22,38.5,38.64500045776367,38.227500915527344,38.497501373291016,35.99489974975586,91865600
2017/5/23,38.724998474121094,38.724998474121094,38.32749938964844,38.45000076293945,35.95049285888672,79675600
2017/5/24,38.459999084472656,38.54249954223633,38.16749954223633,38.334999084472656,35.84297561645508,76712000
2017/5/25,38.432498931884766,38.587501525878906,38.25749969482422,38.467498779296875,35.966854095458984,76942400
2017/5/26,38.5,38.560001373291016,38.32749938964844,38.40250015258789,35.906089782714844,87710400
2017/5/30,38.35499954223633,38.60749816894531,38.33250045776367,38.41749954223633,35.92010498046875,80507600
2017/5/31,38.49250030517578,38.54249954223633,38.095001220703125,38.189998626708984,35.7073974609375,97804800
2017/6/1,38.29249954223633,38.33250045776367,38.05500030517578,38.29499816894531,35.805564880371094,65616400
2017/6/2,38.39500045776367,38.86249923706055,38.22249984741211,38.86249923706055,36.336181640625,111082800
2017/6/5,38.584999084472656,38.61249923706055,38.3650016784668,38.48249816894531,35.98088073730469,101326800
2017/6/6,38.474998474121094,38.95249938964844,38.44499969482422,38.61249923706055,36.10243225097656,106499600
2017/6/7,38.755001068115234,38.994998931884766,38.619998931884766,38.842498779296875,36.317481994628906,84278400
2017/6/8,38.8125,38.8849983215332,38.599998474121094,38.747501373291016,36.2286491394043,85003200
2017/6/9,38.79750061035156,38.79750061035156,36.505001068115234,37.244998931884766,34.823829650878906,259530800
2017/6/12,36.435001373291016,36.522499084472656,35.627498626708984,36.35499954223633,33.99168014526367,289229200
2017/6/13,36.790000915527344,36.86249923706055,36.287498474121094,36.647499084472656,34.265174865722656,136661600
2017/6/14,36.875,36.875,35.959999084472656,36.290000915527344,33.930908203125,126124800
2017/6/15,35.83000183105469,36.119998931884766,35.5525016784668,36.0724983215332,33.72754669189453,128661600
2017/6/16,35.94499969482422,36.125,35.54999923706055,35.567501068115234,33.25537109,201444400
2017/6/19,35.915000915527344,36.685001373291016,35.915000915527344,36.584999084472656,34.20673370361328,130165600
2017/6/20,36.717498779296875,36.717498779296875,36.23500061035156,36.252498626708984,33.89584732055664,99600400
2017/6/21,36.380001068115234,36.51750183105469,36.15250015258789,36.467498779296875,34.09688186645508,85063200
2017/6/22,36.442501068115234,36.67499923706055,36.279998779296875,36.407501220703125,34.040775299072266,76425200
2017/6/23,36.282501220703125,36.790000915527344,36.27750015258789,36.56999969482422,34.19269943237305,141757600
2017/6/26,36.79249954223633,37.06999969482422,36.345001220703125,36.45500183105469,34.08518981933594,102769600
2017/6/27,36.252498626708984,36.540000915527344,35.904998779296875,35.932498931884766,33.596641540527344,99047600
2017/6/28,36.122501373291016,36.52750015258789,35.790000915527344,36.45750045776367,34.087528228759766,88329600
2017/6/29,36.1775016784668,36.282501220703125,35.56999969482422,35.91999816894531,33.584957122802734,125997600
2017/6/30,36.11249923706055,36.2400016784668,35.94499969482422,36.005001068115234,33.664432525634766,92096400
2017/7/3,36.220001220703125,36.32500076293945,35.775001525878906,35.875,33.542877197265625,57111200
2017/7/5,35.92250061035156,36.1974983215332,35.68000030517578,36.022499084472656,33.68079376220703,86278400
2017/7/6,35.755001068115234,35.875,35.602500915527344,35.682498931884766,33.36290740966797,96515200
2017/7/7,35.724998474121094,36.1875,35.724998474121094,36.04499816894531,33.701839447021484,76806800
2017/7/10,36.02750015258789,36.48749923706055,35.842498779296875,36.26499938964844,33.907527923583984,84362400
2017/7/11,36.182498931884766,36.462501525878906,36.095001220703125,36.38249969482422,34.017391204833984,79127200
2017/7/12,36.467498779296875,36.54499816894531,36.20500183105469,36.435001373291016,34.06648254394531,99538000
2017/7/13,36.375,37.122501373291016,36.36000061035156,36.942501068115234,34.54098892211914,100797600
2017/7/14,36.99250030517578,37.33250045776367,36.83250045776367,37.2599983215332,34.83785629272461,80528400
2017/7/17,37.20500183105469,37.724998474121094,37.14250183105469,37.38999938964844,34.95940017700195,95174000
2017/7/18,37.29999923706055,37.532501220703125,37.16749954223633,37.52000045776367,35.080955505371094,71475200
2017/7/19,37.619998931884766,37.85499954223633,37.48749923706055,37.755001068115234,35.3006706237793,83692000
2017/7/20,37.875,37.935001373291016,37.54750061035156,37.584999084472656,35.1417236328125,68974800
2017/7/21,37.497501373291016,37.61000061035156,37.220001220703125,37.567501068115234,35.1253662109375,105010400
2017/7/24,37.64500045776367,38.11000061035156,37.474998474121094,38.022499084472656,35.55078887939453,85972800
2017/7/25,37.95000076293945,38.459999084472656,37.95000076293945,38.185001373291016,35.702728271484375,75415600
2017/7/26,38.337501525878906,38.48249816894531,38.26499938964844,38.3650016784668,35.87102127075195,63124000
2017/7/27,38.4375,38.497501373291016,36.82500076293945,37.63999938964844,35.19314956665039,129905200
2017/7/28,37.47249984741211,37.557498931884766,37.29750061035156,37.375,34.94538116455078,68854800
2017/7/31,37.474998474121094,37.58250045776367,37.032501220703125,37.182498931884766,34.7653923034668,79383600
2017/8/1,37.275001525878906,37.55500030517578,37.102500915527344,37.51250076293945,35.07394027709961,141474400
2017/8/2,39.81999969482422,39.9375,39.040000915527344,39.28499984741211,36.73122024536133,279747200
2017/8/3,39.26250076293945,39.3025016784668,38.755001068115234,38.89250183105469,36.364234924316406,108389200
2017/8/4,39.01750183105469,39.349998474121094,38.92250061035156,39.09749984741211,36.55590057373047,82239600
2017/8/7,39.26499938964844,39.72999954223633,39.16749954223633,39.70249938964844,37.12157440185547,87481200
2017/8/8,39.650001525878906,40.45750045776367,39.567501068115234,40.02000045776367,37.41844177246094,144823600
2017/8/9,39.814998626708984,40.317501068115234,39.77750015258789,40.26499938964844,37.64751434326172,104526000
2017/8/10,39.974998474121094,40,38.657501220703125,38.83000183105469,36.44837188720703,163217200
2017/8/11,39.150001525878906,39.64250183105469,39.01750183105469,39.369998931884766,36.95525360107422,105028400
2017/8/14,39.83000183105469,40.0525016784668,39.6875,39.962501525878906,37.51140594482422,88490800
2017/8/15,40.165000915527344,40.54999923706055,40.03499984741211,40.400001525878906,37.92206573486328,117862000
2017/8/16,40.48500061035156,40.627498626708984,40.037498474121094,40.23749923706055,37.769535064697266,110686400
2017/8/17,40.130001068115234,40.1775016784668,39.459999084472656,39.46500015258789,37.044410705566406,111762400
2017/8/18,39.46500015258789,39.875,39.18000030517578,39.375,36.95993423461914,109712400
2017/8/21,39.375,39.47249984741211,38.77750015258789,39.3025016784668,36.89188766479492,105474000
2017/8/22,39.557498931884766,40,39.505001068115234,39.94499969482422,37.49496841430664,86418400
2017/8/23,39.76750183105469,40.11750030517578,39.720001220703125,39.994998931884766,37.54191970825195,77596400
2017/8/24,40.10749816894531,40.185001373291016,39.63750076293945,39.817501068115234,37.375301361083984,79275600
2017/8/25,39.912498474121094,40.13999938964844,39.817501068115234,39.96500015258789,37.51374816894531,101920400
2017/8/28,40.03499984741211,40.5,39.98249816894531,40.36750030517578,37.891563415527344,103864000
2017/8/29,40.025001525878906,40.779998779296875,40,40.727500915527344,38.22948455810547,118067600
2017/8/30,40.95000076293945,40.97249984741211,40.65250015258789,40.837501525878906,38.332740783691406,109078400
2017/8/31,40.90999984741211,41.130001068115234,40.869998931884766,41,38.48527145385742,107140400
2017/9/1,41.20000076293945,41.23500061035156,40.907501220703125,41.01250076293945,38.49699401855469,66364400
2017/9/5,40.9375,41.0625,40.13999938964844,40.52000045776367,38.03470993041992,117874000
2017/9/6,40.6775016784668,40.747501373291016,40.130001068115234,40.477500915527344,37.994808197021484,86606800
2017/9/7,40.522499084472656,40.560001373291016,40.09000015258789,40.314998626708984,37.842281341552734,87714000
2017/9/8,40.21500015258789,40.287498474121094,39.63249969482422,39.657501220703125,37.22511291503906,114446000
2017/9/11,40.125,40.51250076293945,39.97249984741211,40.375,37.89860534667969,126323200
2017/9/12,40.65250015258789,40.9900016784668,39.692501068115234,40.21500015258789,37.7484130859375,286856000
2017/9/13,39.967498779296875,39.9900016784668,39.477500915527344,39.912498474121094,37.464454650878906,179629600
2017/9/14,39.747501373291016,39.849998474121094,39.522499084472656,39.56999969482422,37.142974853515625,95042800
2017/9/15,39.61750030517578,40.24250030517578,39.5,39.970001220703125,37.518436431884766,196458400
2017/9/18,40.02750015258789,40.125,39.5,39.66749954223633,37.23450469970703,113077600
2017/9/19,39.877498626708984,39.942501068115234,39.61000061035156,39.682498931884766,37.24858474731445,83242400
2017/9/20,39.474998474121094,39.564998626708984,38.45750045776367,39.01750183105469,36.62436294555664,211805600
2017/9/21,38.95000076293945,38.95000076293945,38.1875,38.34749984741211,35.995460510253906,150046800
2017/9/22,37.8849983215332,38.067501068115234,37.63999938964844,37.97249984741211,35.64345169067383,186581600
2017/9/25,37.497501373291016,37.95750045776367,37.290000915527344,37.63750076293945,35.32899475097656,177549200
2017/9/26,37.94499969482422,38.47999954223633,37.92250061035156,38.28499984741211,35.93678665161133,146640000
2017/9/27,38.45000076293945,38.68000030517578,38.3849983215332,38.557498931884766,36.19258499145508,102016800
2017/9/28,38.47249984741211,38.56999969482422,38.17499923706055,38.31999969482422,35.96965026855469,88022000
2017/9/29,38.3025016784668,38.532501220703125,38,38.529998779296875,36.1667594909668,105199200
2017/10/2,38.564998626708984,38.61249923706055,38.18000030517578,38.45249938964844,36.094024658203125,74795200
2017/10/3,38.502498626708984,38.772499084472656,38.477500915527344,38.619998931884766,36.25124740600586,64921200
2017/10/4,38.407501220703125,38.46500015258789,38.1150016784668,38.369998931884766,36.016571044921875,80655200
2017/10/5,38.54499816894531,38.86000061035156,38.51250076293945,38.84749984741211,36.46479034423828,85135200
2017/10/6,38.74250030517578,38.872501373291016,38.63999938964844,38.82500076293945,36.44367218017578,69630400
2017/10/9,38.95249938964844,39.182498931884766,38.872501373291016,38.959999084472656,36.57038879394531,65051600
2017/10/10,39.01499938964844,39.5,38.775001525878906,38.974998474121094,36.584468841552734,62468000
2017/10/11,38.99250030517578,39.244998931884766,38.9375,39.13750076293945,36.737003326416016,67622400
2017/10/12,39.087501525878906,39.342498779296875,38.932498931884766,39,36.607940673828125,64500400
2017/10/13,39.182498931884766,39.31999969482422,39.102500915527344,39.247501373291016,36.84026336669922,65576800
2017/10/16,39.474998474121094,40,39.412498474121094,39.970001220703125,37.518436431884766,96486000
2017/10/17,39.94499969482422,40.217498779296875,39.807498931884766,40.11750030517578,37.65690231323242,75989200
2017/10/18,40.10499954223633,40.1775016784668,39.900001525878906,39.939998626708984,37.49028778076172,65496800
2017/10/19,39.1875,39.27000045776367,38.755001068115234,38.994998931884766,36.60323715209961,170336800
2017/10/20,39.15250015258789,39.4375,38.9900016784668,39.0625,36.66660690307617,95896400
2017/10/23,39.22249984741211,39.42250061035156,38.875,39.04249954223633,36.64783477783203,87937200
2017/10/24,39.0724983215332,39.35499954223633,39.04999923706055,39.275001525878906,36.86607360839844,71028800
2017/10/25,39.227500915527344,39.38750076293945,38.817501068115234,39.102500915527344,36.704158782958984,84828400
2017/10/26,39.307498931884766,39.45750045776367,39.19499969482422,39.352500915527344,36.938819885253906,68002000
2017/10/27,39.8224983215332,40.900001525878906,39.67499923706055,40.76250076293945,38.26233673095703,177816800
2017/10/30,40.97249984741211,42.01750183105469,40.93000030517578,41.68000030517578,39.123558044433594,178803200
2017/10/31,41.974998474121094,42.412498474121094,41.73500061035156,42.2599983215332,39.667972564697266,144187200
2017/11/1,42.467498779296875,42.48500061035156,41.40250015258789,41.72249984741211,39.1634521484375,134551200
2017/11/2,41.650001525878906,42.125,41.31999969482422,42.02750015258789,39.449745178222656,165573600
2017/11/3,43.5,43.564998626708984,42.779998779296875,43.125,40.479923248291016,237594400
2017/11/6,43.092498779296875,43.747501373291016,42.93000030517578,43.5625,40.890602111816406,140105200
2017/11/7,43.477500915527344,43.8125,43.400001525878906,43.70249938964844,41.022010803222656,97446000
2017/11/8,43.665000915527344,44.060001373291016,43.58250045776367,44.060001373291016,41.35758590698242,97638000
2017/11/9,43.77750015258789,44.025001525878906,43.28499984741211,43.970001220703125,41.27310562133789,117930400
2017/11/10,43.77750015258789,43.845001220703125,43.567501068115234,43.66749954223633,41.13650894165039,100582000
2017/11/13,43.375,43.625,43.349998474121094,43.49250030517578,40.97166442871094,67928400
2017/11/14,43.2599983215332,43.369998931884766,42.79499816894531,42.834999084472656,40.35226058959961,99130000
2017/11/15,42.49250030517578,42.58000183105469,42.095001220703125,42.27000045776367,39.82001495361328,116632400
2017/11/16,42.79499816894531,42.967498779296875,42.57500076293945,42.775001525878906,40.29573059082031,94550000
2017/11/17,42.7599983215332,42.84749984741211,42.40999984741211,42.537498474121094,40.071998596191406,87598000
2017/11/20,42.5724983215332,42.63999938964844,42.38999938964844,42.494998931884766,40.03196716308594,65049600
2017/11/21,42.69499969482422,43.42499923706055,42.69499969482422,43.28499984741211,40.77617263793945,100525200
2017/11/22,43.34000015258789,43.75,43.26250076293945,43.7400016784668,41.20480728149414,102355600
2017/11/24,43.775001525878906,43.875,43.662498474121094,43.74250030517578,41.207157135009766,56106800
2017/11/27,43.76250076293945,43.77000045776367,43.334999084472656,43.522499084472656,40.99991226196289,82867200
2017/11/28,43.57500076293945,43.717498779296875,42.96500015258789,43.26750183105469,40.75969696044922,105715200
2017/11/29,43.157501220703125,43.22999954223633,41.790000915527344,42.369998931884766,39.91421127319336,166665600
2017/11/30,42.60749816894531,43.03499984741211,42.11000061035156,42.962501525878906,40.472373962402344,166108800
2017/12/1,42.48749923706055,42.91749954223633,42.125,42.76250076293945,40.28396224975586,159037200
2017/12/4,43.119998931884766,43.154998779296875,42.407501220703125,42.45000076293945,39.989585876464844,130169600
2017/12/5,42.26499938964844,42.880001068115234,42.099998474121094,42.40999984741211,39.951900482177734,109400800
2017/12/6,41.875,42.54999923706055,41.6150016784668,42.252498626708984,39.803524017333984,114240000
2017/12/7,42.25749969482422,42.61000061035156,42.227500915527344,42.33000183105469,39.876522064208984,102693200
2017/12/8,42.622501373291016,42.75,42.20500183105469,42.342498779296875,39.88829803466797,93420800
2017/12/11,42.29999923706055,43.22249984741211,42.1974983215332,43.16749954223633,40.665489196777344,141095200
2017/12/12,43.037498474121094,43.09749984741211,42.8650016784668,42.92499923706055,40.437049865722656,77636800
2017/12/13,43.125,43.3849983215332,43,43.067501068115234,40.571285247802734,95273600
2017/12/14,43.099998474121094,43.282501220703125,42.912498474121094,43.05500030517578,40.559505462646484,81906000
2017/12/15,43.407501220703125,43.54249954223633,43.1150016784668,43.49250030517578,40.97166442871094,160677200
2017/12/18,43.720001220703125,44.29999923706055,43.71500015258789,44.10499954223633,41.54865646362305,117684400
2017/12/19,43.75749969482422,43.84749984741211,43.522499084472656,43.6349983215332,41.10588455200195,109745600
2017/12/20,43.717498779296875,43.85499954223633,43.3125,43.587501525878906,41.06114196777344,93902400
2017/12/21,43.54249954223633,44.005001068115234,43.525001525878906,43.752498626708984,41.216575622558594,83799600
2017/12/22,43.66999816894531,43.85499954223633,43.625,43.752498626708984,41.216575622558594,65397600
2017/12/26,42.70000076293945,42.86750030517578,42.41999816894531,42.64250183105469,40.170928955078125,132742000
2017/12/27,42.525001525878906,42.69499969482422,42.4275016784668,42.650001525878906,40.17798614501953,85992800
2017/12/28,42.75,42.962501525878906,42.619998931884766,42.77000045776367,40.2910270690918,65920800
2017/12/29,42.630001068115234,42.647499084472656,42.30500030517578,42.307498931884766,39.85533905029297,103999600
2018/1/2,42.540000915527344,43.07500076293945,42.314998626708984,43.064998626708984,40.56892395019531,102223600
2018/1/3,43.13249969482422,43.63750076293945,42.9900016784668,43.057498931884766,40.56187438964844,118071600
2018/1/4,43.1349983215332,43.36750030517578,43.02000045776367,43.25749969482422,40.75027084350586,89738400
2018/1/5,43.36000061035156,43.842498779296875,43.26250076293945,43.75,41.2142219543457,94640000
2018/1/8,43.587501525878906,43.90250015258789,43.48249816894531,43.587501525878906,41.06114196777344,82271200
2018/1/9,43.63750076293945,43.76499938964844,43.352500915527344,43.58250045776367,41.05644226074219,86336000
2018/1/10,43.290000915527344,43.57500076293945,43.25,43.5724983215332,41.0469970703125,95839600
2018/1/11,43.647499084472656,43.872501373291016,43.622501373291016,43.81999969482422,41.280174255371094,74670800
2018/1/12,44.04499816894531,44.34000015258789,43.912498474121094,44.272499084472656,41.70644760131836,101672400
2018/1/16,44.474998474121094,44.84749984741211,44.03499984741211,44.04750061035156,41.49448013305664,118263600
2018/1/17,44.037498474121094,44.8125,43.76750183105469,44.775001525878906,42.17981719970703,137547200
2018/1/18,44.842498779296875,45.025001525878906,44.5625,44.814998626708984,42.217491149902344,124773600
2018/1/19,44.65250015258789,44.89500045776367,44.352500915527344,44.6150016784668,42.02909469604492,129700400
2018/1/22,44.32500076293945,44.44499969482422,44.150001525878906,44.25,41.685245513916016,108434400
2018/1/23,44.32500076293945,44.86000061035156,44.20500183105469,44.2599983215332,41.694671630859375,130756400
2018/1/24,44.3125,44.32500076293945,43.29999923706055,43.55500030517578,41.0305290222168,204420400
2018/1/25,43.627498626708984,43.73749923706055,42.63249969482422,42.77750015258789,40.298095703125,166116000
2018/1/26,43,43,42.51499938964844,42.877498626708984,40.392303466796875,156572000
2018/1/29,42.540000915527344,42.540000915527344,41.76750183105469,41.9900016784668,39.556236267089844,202561600
2018/1/30,41.38249969482422,41.842498779296875,41.17499923706055,41.74250030517578,39.32307434082031,184192800
2018/1/31,41.717498779296875,42.11000061035156,41.625,41.85749816894531,39.43141555786133,129915600
2018/2/1,41.79249954223633,42.154998779296875,41.689998626708984,41.94499969482422,39.51384735107422,188923200
2018/2/2,41.5,41.70000076293945,40.025001525878906,40.125,37.79933547973633,346375200
2018/2/5,39.775001525878906,40.970001220703125,39,39.122501373291016,36.854942321777344,290954000
2018/2/6,38.70750045776367,40.93000030517578,38.5,40.75749969482422,38.395179748535156,272975200
2018/2/7,40.772499084472656,40.849998474121094,39.76750183105469,39.8849983215332,37.573238372802734,206434400
2018/2/8,40.0724983215332,40.25,38.75749969482422,38.787498474121094,36.53936004638672,217562000
2018/2/9,39.26750183105469,39.47249984741211,37.560001373291016,39.102500915527344,36.98627853393555,282690400
2018/2/12,39.625,40.97249984741211,39.377498626708984,40.6775016784668,38.476043701171875,243278000
2018/2/13,40.48749923706055,41.1875,40.412498474121094,41.084999084472656,38.86149215698242,130196800
2018/2/14,40.7599983215332,41.8849983215332,40.720001220703125,41.842498779296875,39.57798767089844,162579600
2018/2/15,42.4474983215332,43.272499084472656,42.25,43.247501373291016,40.90695571899414,204588800
2018/2/16,43.09000015258789,43.70500183105469,42.942501068115234,43.10749816894531,40.7745246887207,160704400
2018/2/20,43.01250076293945,43.564998626708984,42.85499954223633,42.962501525878906,40.63737869262695,135722000
2018/2/21,43.20750045776367,43.529998779296875,42.752498626708984,42.76750183105469,40.452945709228516,149886400
2018/2/22,42.95000076293945,43.48749923706055,42.9275016784668,43.125,40.79109573364258,123967600
2018/2/23,43.41749954223633,43.912498474121094,43.3849983215332,43.875,41.500492095947266,135249600
2018/2/26,44.087501525878906,44.84749984741211,44.0525016784668,44.74250030517578,42.3210563659668,152648800
2018/2/27,44.775001525878906,45.119998931884766,44.540000915527344,44.59749984741211,42.183895111083984,155712400
2018/2/28,44.814998626708984,45.154998779296875,44.51250076293945,44.529998779296875,42.12005615234375,151128400
2018/3/1,44.6349983215332,44.94499969482422,43.165000915527344,43.75,41.382266998291016,195208000
2018/3/2,43.20000076293945,44.07500076293945,43.11249923706055,44.0525016784668,41.66838836669922,153816000
2018/3/5,43.8025016784668,44.435001373291016,43.630001068115234,44.20500183105469,41.81264114379883,113605600
2018/3/6,44.477500915527344,44.5625,44.032501220703125,44.16749954223633,41.77716827392578,95154000
2018/3/7,43.73500061035156,43.962501525878906,43.567501068115234,43.75749969482422,41.38935470581055,126814000
2018/3/8,43.869998931884766,44.279998779296875,43.76750183105469,44.23500061035156,41.84101486206055,95096400
2018/3/9,44.4900016784668,45,44.34749984741211,44.994998931884766,42.55988693237305,128740800
2018/3/12,45.0724983215332,45.59749984741211,45.0525016784668,45.43000030517578,42.97134017944336,128828400
2018/3/13,45.647499084472656,45.875,44.810001373291016,44.99250030517578,42.557518005371094,126774000
2018/3/14,45.08000183105469,45.130001068115234,44.45249938964844,44.61000061035156,42.19571304321289,117473600
2018/3/15,44.625,45.060001373291016,44.51750183105469,44.662498474121094,42.24537658691406,90975200
2018/3/16,44.662498474121094,44.779998779296875,44.404998779296875,44.505001068115234,42.096405029296875,157618800
2018/3/19,44.33000183105469,44.36750030517578,43.415000915527344,43.82500076293945,41.45320510864258,133787200
2018/3/20,43.810001373291016,44.20000076293945,43.73500061035156,43.810001373291016,41.439022064208984,78597600
2018/3/21,43.7599983215332,43.772499084472656,42.814998626708984,42.817501068115234,40.50023651123047,148219600
2018/3/22,42.5,43.16999816894531,42.150001525878906,42.212501525878906,39.9279670715332,165963200
2018/3/23,42.09749984741211,42.47999954223633,41.23500061035156,41.23500061035156,39.003379821777344,164115200
2018/3/26,42.01750183105469,43.275001525878906,41.61000061035156,43.192501068115234,40.85493087768555,150164800
2018/3/27,43.41999816894531,43.787498474121094,41.72999954223633,42.084999084472656,39.80736541748047,163690400
2018/3/28,41.8125,42.505001068115234,41.29750061035156,41.619998931884766,39.36753463745117,166674000
2018/3/29,41.95249938964844,42.9375,41.724998474121094,41.94499969482422,39.67493438720703,153594000
2018/4/2,41.65999984741211,42.23500061035156,41.11750030517578,41.66999816894531,39.414833068847656,150347200
2018/4/3,41.90999984741211,42.1875,41.220001220703125,42.09749984741211,39.819190979003906,121112000
2018/4/4,41.220001220703125,43.002498626708984,41.192501068115234,42.90250015258789,40.580631256103516,138422000
2018/4/5,43.14500045776367,43.557498931884766,43.02000045776367,43.20000076293945,40.862037658691406,107732800
2018/4/6,42.74250030517578,43.119998931884766,42.04999923706055,42.095001220703125,39.81683349609375,140021200
2018/4/9,42.470001220703125,43.272499084472656,42.462501525878906,42.51250076293945,40.21172332763672,116070800
2018/4/10,43.25,43.5,42.88249969482422,43.3125,40.968441009521484,113634400
2018/4/11,43.057498931884766,43.47999954223633,42.92499923706055,43.11000061035156,40.776893615722656,89726400
2018/4/12,43.352500915527344,43.75,43.2599983215332,43.53499984741211,41.178897857666016,91557200
2018/4/13,43.69499969482422,43.959999084472656,43.462501525878906,43.682498931884766,41.31841278076172,100497200
2018/4/16,43.75749969482422,44.04750061035156,43.70750045776367,43.95500183105469,41.57616424560547,86313600
2018/4/17,44.122501373291016,44.73500061035156,44.102500915527344,44.560001373291016,42.14842987060547,106421600
2018/4/18,44.45249938964844,44.70500183105469,44.220001220703125,44.459999084472656,42.053836822509766,83018000
2018/4/19,43.439998626708984,43.84749984741211,43.165000915527344,43.20000076293945,40.862037658691406,139235200
2018/4/20,42.650001525878906,42.80500030517578,41.35749816894531,41.43000030517578,39.18782424926758,261964400
2018/4/23,41.70750045776367,41.72999954223633,41.022499084472656,41.310001373291016,39.07432556152344,146062000
2018/4/24,41.41749954223633,41.58250045776367,40.30500030517578,40.73500061035156,38.53042984008789,134768000
2018/4/25,40.654998779296875,41.35499954223633,40.602500915527344,40.912498474121094,38.69832229614258,113528400
2018/4/26,41.029998779296875,41.432498931884766,40.842498779296875,41.05500030517578,38.8331184387207,111852000
2018/4/27,41,41.08250045776367,40.157501220703125,40.58000183105469,38.38383102416992,142623200
2018/4/30,40.532501220703125,41.814998626708984,40.459999084472656,41.314998626708984,39.07904052734375,169709600
2018/5/1,41.602500915527344,42.29999923706055,41.317501068115234,42.275001525878906,39.987091064453125,214277600
2018/5/2,43.807498931884766,44.4375,43.45000076293945,44.14250183105469,41.75352096557617,266157600
2018/5/3,43.970001220703125,44.375,43.61000061035156,44.22249984741211,41.82920455932617,136272800
2018/5/4,44.5625,46.0625,44.54249954223633,45.95750045776367,43.47029495239258,224805200
2018/5/7,46.29499816894531,46.91749954223633,46.1875,46.290000915527344,43.78480529785156,169805600
2018/5/8,46.247501373291016,46.55500030517578,45.91749954223633,46.51250076293945,43.995262145996094,113611200
2018/5/9,46.63750076293945,46.849998474121094,46.30500030517578,46.84000015258789,44.30503845214844,92844800
2018/5/10,46.935001373291016,47.592498779296875,46.912498474121094,47.5099983215332,44.93876647949219,111957200
2018/5/11,47.372501373291016,47.51499938964844,46.86249923706055,47.147499084472656,44.76784896850586,104848800
2018/5/14,47.252498626708984,47.38249969482422,46.96500015258789,47.037498474121094,44.66341018676758,83115200
2018/5/15,46.69499969482422,46.76750183105469,46.275001525878906,46.61000061035156,44.257484436035156,94780800
2018/5/16,46.51750183105469,47.1150016784668,46.5,47.04499816894531,44.670509338378906,76732400
2018/5/17,47,47.227500915527344,46.59000015258789,46.747501373291016,44.388038635253906,69176000
2018/5/18,46.79750061035156,46.95249938964844,46.532501220703125,46.57749938964844,44.226627349853516,73190800
2018/5/21,47,47.317501068115234,46.727500915527344,46.907501220703125,44.53996658325195,73603200
2018/5/22,47.095001220703125,47.220001220703125,46.69499969482422,46.790000915527344,44.42839813232422,60962800
2018/5/23,46.587501525878906,47.125,46.439998626708984,47.09000015258789,44.713260650634766,80233600
2018/5/24,47.192501068115234,47.209999084472656,46.5525016784668,47.037498474121094,44.66341018676758,92936000
2018/5/25,47.057498931884766,47.412498474121094,46.912498474121094,47.14500045776367,44.76547622680664,69844000
2018/5/29,46.900001525878906,47.1875,46.717498779296875,46.974998474121094,44.604068756103516,90056400
2018/5/30,46.93000030517578,47,46.69499969482422,46.875,44.509117126464844,74762000
2018/5/31,46.80500030517578,47.057498931884766,46.53499984741211,46.717498779296875,44.359554290771484,109931200
2018/6/1,46.997501373291016,47.564998626708984,46.9375,47.560001373291016,45.15953063964844,93770000
2018/6/4,47.90999984741211,48.35499954223633,47.837501525878906,47.95750045776367,45.5369758605957,105064800
2018/6/5,48.26750183105469,48.48500061035156,48.09000015258789,48.32749938964844,45.888301849365234,86264000
2018/6/6,48.407501220703125,48.52000045776367,47.97999954223633,48.494998931884766,46.047340393066406,83734400
2018/6/7,48.53499984741211,48.54999923706055,48.084999084472656,48.3650016784668,45.92390823364258,85388800
2018/6/8,47.79249954223633,48,47.442501068115234,47.92499923706055,45.506103515625,106627200
2018/6/11,47.837501525878906,47.99250030517578,47.5525016784668,47.807498931884766,45.3945426940918,73234000
2018/6/12,47.84749984741211,48.15250015258789,47.787498474121094,48.06999969482422,45.643802642822266,67644400
2018/6/13,48.10499954223633,48.220001220703125,47.61000061035156,47.67499923706055,45.26872634887695,86553600
2018/6/14,47.88750076293945,47.89250183105469,47.55500030517578,47.70000076293945,45.29247283935547,86440400
2018/6/15,47.50749969482422,47.540000915527344,47.064998626708984,47.209999084472656,44.82720184326172,246876800
2018/6/18,46.970001220703125,47.30500030517578,46.79999923706055,47.185001373291016,44.80345916748047,73939600
2018/6/19,46.28499984741211,46.58250045776367,45.86249923706055,46.42250061035156,44.07945251464844,134314000
2018/6/20,46.587501525878906,46.79999923706055,46.432498931884766,46.625,44.271732330322266,82514800
2018/6/21,46.8125,47.087501525878906,46.23500061035156,46.3650016784668,44.02485275268555,102847600
2018/6/22,46.529998779296875,46.537498474121094,46.17499923706055,46.22999954223633,43.896663665771484,108801600
2018/6/25,45.849998474121094,46.22999954223633,45.182498931884766,45.54249954223633,43.243873596191406,126652400
2018/6/26,45.747501373291016,46.63249969482422,45.6349983215332,46.10749816894531,43.78034591674805,98276800
2018/6/27,46.307498931884766,46.81999969482422,46.00749969482422,46.040000915527344,43.71626281738281,101141200
2018/6/28,46.025001525878906,46.5525016784668,45.95000076293945,46.375,44.03434753417969,69460800
2018/6/29,46.5724983215332,46.79750061035156,45.727500915527344,46.27750015258789,43.9417610168457,90950800
2018/7/2,45.95500183105469,46.82500076293945,45.85499954223633,46.79499816894531,44.43313980102539,70925200
2018/7/3,46.9474983215332,46.98749923706055,45.8849983215332,45.97999954223633,43.65927505493164,55819200
2018/7/5,46.314998626708984,46.602500915527344,46.06999969482422,46.349998474121094,44.01061248779297,66416800
2018/7/6,46.35499954223633,47.10749816894531,46.29999923706055,46.99250030517578,44.62066650390625,69940800
2018/7/9,47.375,47.66999816894531,47.32500076293945,47.64500045776367,45.24025344848633,79026400
2018/7/10,47.6775016784668,47.81999969482422,47.54499816894531,47.587501525878906,45.18564987182617,63756400
2018/7/11,47.125,47.44499969482422,46.90250015258789,46.970001220703125,44.59931945800781,75326000
2018/7/12,47.38249969482422,47.852500915527344,47.32749938964844,47.75749969482422,45.347068786621094,72164400
2018/7/13,47.77000045776367,47.959999084472656,47.724998474121094,47.83250045776367,45.41828155517578,50055600
2018/7/16,47.880001068115234,48.162498474121094,47.60499954223633,47.727500915527344,45.31858444213867,60172400
2018/7/17,47.4375,47.967498779296875,47.29999923706055,47.86249923706055,45.44676971435547,62138000
2018/7/18,47.94499969482422,47.95000076293945,47.48249816894531,47.599998474121094,45.197509765625,65573600
2018/7/19,47.42250061035156,48.13750076293945,47.42250061035156,47.970001220703125,45.54884338378906,81147200
2018/7/20,47.94499969482422,48.10749816894531,47.54249954223633,47.86000061035156,45.44439697265625,82704800
2018/7/23,47.66999816894531,47.9900016784668,47.38999938964844,47.90250015258789,45.4847526550293,63957600
2018/7/24,48.11249923706055,48.415000915527344,48.01250076293945,48.25,45.81471252441406,74791600
2018/7/25,48.26499938964844,48.712501525878906,48.10749816894531,48.70500183105469,46.24674606323242,66839600
2018/7/26,48.65250015258789,48.9900016784668,48.40250015258789,48.5525016784668,46.10194396972656,76304000
2018/7/27,48.747501373291016,48.79750061035156,47.525001525878906,47.744998931884766,45.335205078125,96096000
2018/7/30,47.974998474121094,48.04999923706055,47.26750183105469,47.477500915527344,45.08120346069336,84118000
2018/7/31,47.57500076293945,48.03499984741211,47.334999084472656,47.5724983215332,45.17140197753906,157492000
2018/8/1,49.782501220703125,50.439998626708984,49.32749938964844,50.375,47.83245086669922,271742800
2018/8/2,50.14500045776367,52.095001220703125,50.087501525878906,51.84749984741211,49.23063278198242,249616000
2018/8/3,51.75749969482422,52.185001373291016,51.369998931884766,51.997501373291016,49.37307357788086,133789600
2018/8/6,52,52.3125,51.76750183105469,52.26750183105469,49.62944793701172,101701600
2018/8/7,52.33000183105469,52.375,51.689998626708984,51.77750015258789,49.16416931152344,102349600
2018/8/8,51.51250076293945,51.95249938964844,51.130001068115234,51.8125,49.19740295410156,90102000
2018/8/9,52.38249969482422,52.44499969482422,51.79999923706055,52.220001220703125,49.58433151245117,93970400
2018/8/10,51.84000015258789,52.275001525878906,51.66749954223633,51.88249969482422,49.436641693115234,98444800
2018/8/13,52.32749938964844,52.73749923706055,51.92499923706055,52.217498779296875,49.75585174560547,103563600
2018/8/14,52.540000915527344,52.63999938964844,52.064998626708984,52.4375,49.965484619140625,82992000
2018/8/15,52.30500030517578,52.685001373291016,52.08250045776367,52.560001373291016,50.08220291137695,115230400
2018/8/16,52.9375,53.45249938964844,52.86750030517578,53.33000183105469,50.815914154052734,114001600
2018/8/17,53.36000061035156,54.48749923706055,53.290000915527344,54.39500045776367,51.83070755004883,141708000
2018/8/20,54.525001525878906,54.79499816894531,53.77750015258789,53.8650016784668,51.32568359,121150800
2018/8/21,54.20000076293945,54.29750061035156,53.50749969482422,53.7599983215332,51.22564697265625,104639200
2018/8/22,53.525001525878906,54.09000015258789,53.459999084472656,53.76250076293945,51.22801971435547,76072400
2018/8/23,53.662498474121094,54.26250076293945,53.650001525878906,53.872501373291016,51.33283996582031,75532800
2018/8/24,54.150001525878906,54.224998474121094,53.77750015258789,54.040000915527344,51.492435455322266,73905600
2018/8/27,54.287498474121094,54.685001373291016,54.08250045776367,54.48500061035156,51.91645050048828,82100400
2018/8/28,54.752498626708984,55.1349983215332,54.72999954223633,54.92499923706055,52.33572006225586,91107200
2018/8/29,55.037498474121094,55.872501373291016,54.852500915527344,55.744998931884766,53.11705780029297,109019200
2018/8/30,55.8125,57.064998626708984,55.599998474121094,56.25749969482422,53.60540008544922,195175200
2018/8/31,56.627498626708984,57.217498779296875,56.5,56.907501220703125,54.22475814819336,173360400
2018/9/4,57.102500915527344,57.29499816894531,56.657501220703125,57.09000015258789,54.398658752441406,109560400
2018/9/5,57.247501373291016,57.41749954223633,56.275001525878906,56.717498779296875,54.0437126159668,133332000
2018/9/6,56.557498931884766,56.837501525878906,55.32500076293945,55.775001525878906,53.14563751220703,137160000
2018/9/7,55.462501525878906,56.342498779296875,55.1775016784668,55.32500076293945,52.716854095458984,150479200
2018/9/10,55.23749923706055,55.462501525878906,54.11750030517578,54.58250045776367,52.00936508178711,158066000
2018/9/11,54.502498626708984,56.07500076293945,54.13999938964844,55.962501525878906,53.32429885864258,142996000
2018/9/12,56.23500061035156,56.25,54.959999084472656,55.26750183105469,52.66206359863281,197114800
2018/9/13,55.880001068115234,57.087501525878906,55.64250183105469,56.602500915527344,53.93412780761719,166825600
2018/9/14,56.4375,56.709999084472656,55.630001068115234,55.959999084472656,53.321922302246094,127997200
2018/9/17,55.537498474121094,55.73749923706055,54.317501068115234,54.470001220703125,51.902164459228516,148780400
2018/9/18,54.4474983215332,55.462501525878906,54.279998779296875,54.560001373291016,51.98793029785156,126286800
2018/9/19,54.625,54.904998779296875,53.82500076293945,54.592498779296875,52.01888656616211,108495200
2018/9/20,55.060001373291016,55.56999969482422,54.787498474121094,55.00749969482422,52.414329528808594,106435200
2018/9/21,55.19499969482422,55.34000015258789,54.3224983215332,54.415000915527344,51.849754333496094,384986800
2018/9/24,54.20500183105469,55.314998626708984,54.157501220703125,55.1974983215332,52.595367431640625,110773600
2018/9/25,54.9375,55.70500183105469,54.92499923706055,55.54750061035156,52.92887496948242,98217600
2018/9/26,55.25,55.9375,54.939998626708984,55.10499954223633,52.507225036621094,95938800
2018/9/27,55.95500183105469,56.61000061035156,55.8849983215332,56.23749923706055,53.58633804321289,120724800
2018/9/28,56.1974983215332,56.459999084472656,56.005001068115234,56.435001373291016,53.774532318115234,91717600
2018/10/1,56.98749923706055,57.35499954223633,56.587501525878906,56.814998626708984,54.13661575317383,94403200
2018/10/2,56.8125,57.5,56.657501220703125,57.31999969482422,54.617801666259766,99152800
2018/10/3,57.51250076293945,58.36750030517578,57.44499969482422,58.01750183105469,55.28242492675781,114619200
2018/10/4,57.69499969482422,58.087501525878906,56.682498931884766,56.997501373291016,54.310508728027344,128168000
2018/10/5,56.9900016784668,57.102500915527344,55.14500045776367,56.0724983215332,53.42911148071289,134322000
2018/10/8,55.5525016784668,56.20000076293945,55.04999923706055,55.942501068115234,53.30525207519531,118655600
2018/10/9,55.90999984741211,56.817501068115234,55.5625,56.717498779296875,54.0437126159668,107564000
2018/10/10,56.3650016784668,56.587501525878906,54.01250076293945,54.09000015258789,51.540077209472656,167962400
2018/10/11,53.630001068115234,54.875,53.08000183105469,53.61249923706055,51.0850830078125,212497600
2018/10/12,55.10499954223633,55.720001220703125,54.209999084472656,55.52750015258789,52.90981674194336,161351600
2018/10/15,55.290000915527344,55.45750045776367,54.317501068115234,54.34000015258789,51.77829360961914,123164000
2018/10/16,54.73249816894531,55.747501373291016,54.189998626708984,55.537498474121094,52.91932678222656,116736000
2018/10/17,55.57500076293945,55.65999984741211,54.834999084472656,55.29750061035156,52.690650939941406,91541600
2018/10/18,54.46500015258789,54.935001373291016,53.25,54.005001068115234,51.45908737182617,130325200
2018/10/19,54.51499938964844,55.314998626708984,54.35749816894531,54.82749938964844,52.24280548095703,132314800
2018/10/22,54.9474983215332,55.84000015258789,54.73500061035156,55.162498474121094,52.5620231628418,115168400
2018/10/23,53.95750045776367,55.8125,53.67499923706055,55.682498931884766,53.05750274658203,155071200
2018/10/24,55.650001525878906,56.057498931884766,53.6349983215332,53.772499084472656,51.23754119873047,163702000
2018/10/25,54.4275016784668,55.345001220703125,54.1875,54.95000076293945,52.35954284667969,119423200
2018/10/26,53.974998474121094,55.04750061035156,53.16749954223633,54.07500076293945,51.52579116821289,189033600
2018/10/29,54.79750061035156,54.92250061035156,51.522499084472656,53.060001373291016,50.55863952636719,183742000
2018/10/30,52.787498474121094,53.79499816894531,52.317501068115234,53.32500076293945,50.811153411865234,146640000
2018/10/31,54.220001220703125,55.11249923706055,54.154998779296875,54.71500015258789,52.1356086730957,153435600
2018/11/1,54.76250076293945,55.59000015258789,54.20249938964844,55.55500030517578,52.9360237121582,233292800
2018/11/2,52.38750076293945,53.412498474121094,51.35749816894531,51.869998931884766,49.424739837646484,365314800
2018/11/5,51.07500076293945,51.09749984741211,49.54249954223633,50.397499084472656,48.02165603637695,264654800
2018/11/6,50.47999954223633,51.18000030517578,50.42250061035156,50.942501068115234,48.540958404541016,127531600
2018/11/7,51.49250030517578,52.51499938964844,51.032501220703125,52.48749923706055,50.013126373291016,133697600
2018/11/8,52.494998931884766,52.529998779296875,51.6875,52.122501373291016,49.838626861572266,101450400
2018/11/9,51.38750076293945,51.502498626708984,50.5625,51.11750030517578,48.87765121459961,137463200
2018/11/12,49.75,49.962501525878906,48.4474983215332,48.54249954223633,46.415496826171875,204542000
2018/11/13,47.907501220703125,49.29499816894531,47.86249923706055,48.057498931884766,45.95174026489258,187531600
2018/11/14,48.474998474121094,48.619998931884766,46.48249816894531,46.70000076293945,44.653724670410156,243204000
2018/11/15,47.09749984741211,47.99250030517578,46.724998474121094,47.852500915527344,45.75572967529297,185915200
2018/11/16,47.625,48.74250030517578,47.3650016784668,48.38249969482422,46.26250076293945,147713200
2018/11/19,47.5,47.67499923706055,46.247501373291016,46.46500015258789,44.42902374267578,167701200
2018/11/20,44.592498779296875,45.36750030517578,43.877498626708984,44.244998931884766,42.30628967285156,271300800
2018/11/21,44.932498931884766,45.067501068115234,44.13750076293945,44.19499969482422,42.258487701416016,124496800
2018/11/23,43.73500061035156,44.150001525878906,43.025001525878906,43.0724983215332,41.1851806640625,94496000
2018/11/26,43.560001373291016,43.73749923706055,42.564998626708984,43.654998779296875,41.742149353027344,179994000
2018/11/27,42.877498626708984,43.692501068115234,42.720001220703125,43.560001373291016,41.65130615234375,165549600
2018/11/28,44.182498931884766,45.3224983215332,43.73249816894531,45.23500061035156,43.25291061401367,184250000
2018/11/29,45.665000915527344,45.70000076293945,44.42499923706055,44.88750076293945,42.92064666748047,167080000
2018/11/30,45.0724983215332,45.08250045776367,44.25749969482422,44.64500045776367,42.68877410888672,158126000
2018/12/3,46.1150016784668,46.23500061035156,45.3025016784668,46.20500183105469,44.180419921875,163210000
2018/12/4,45.23749923706055,45.59749984741211,44.067501068115234,44.17250061035156,42.23696517944336,165377200
2018/12/6,42.939998626708984,43.69499969482422,42.60499954223633,43.68000030517578,41.76604080200195,172393600
2018/12/7,43.372501373291016,43.622501373291016,42.07500076293945,42.122501373291016,40.276798248291016,169126400
2018/12/10,41.25,42.522499084472656,40.83250045776367,42.400001525878906,40.542152404785156,248104000
2018/12/11,42.915000915527344,42.9474983215332,41.75,42.157501220703125,40.31026077270508,189126800
2018/12/12,42.599998474121094,42.97999954223633,42.255001068115234,42.275001525878906,40.4226188659668,142510800
2018/12/13,42.622501373291016,43.14250183105469,42.38750076293945,42.73749923706055,40.86484146118164,127594400
2018/12/14,42.25,42.27000045776367,41.31999969482422,41.369998931884766,39.557273864746094,162814800
2018/12/17,41.36249923706055,42.087501525878906,40.682498931884766,40.98500061035156,39.18914794921875,177151600
2018/12/18,41.345001220703125,41.88249969482422,41.09749984741211,41.51750183105469,39.69831466674805,135366000
2018/12/19,41.5,41.86249923706055,39.772499084472656,40.22249984741211,38.460052490234375,196189200
2018/12/20,40.099998474121094,40.52750015258789,38.82500076293945,39.20750045776367,37.489524841308594,259092000
2018/12/21,39.21500015258789,39.540000915527344,37.407501220703125,37.682498931884766,36.03134536743164,382978400
2018/12/24,37.037498474121094,37.88750076293945,36.647499084472656,36.70750045776367,35.09907531738281,148676800
2018/12/26,37.07500076293945,39.307498931884766,36.68000030517578,39.29249954223633,37.57080841064453,234330000
2018/12/27,38.959999084472656,39.192501068115234,37.51750183105469,39.037498474121094,37.32697296142578,212468400
2018/12/28,39.375,39.630001068115234,38.63750076293945,39.057498931884766,37.34609603881836,169165600
2018/12/31,39.63249969482422,39.84000015258789,39.119998931884766,39.435001373291016,37.707061767578125,140014000
2019/1/2,38.72249984741211,39.712501525878906,38.557498931884766,39.47999954223633,37.75007247924805,148158800
2019/1/3,35.994998931884766,36.43000030517578,35.5,35.54750061035156,33.989898681640625,365248800
2019/1/4,36.13249969482422,37.13750076293945,35.95000076293945,37.064998626708984,35.44089889526367,234428400
2019/1/7,37.17499923706055,37.20750045776367,36.474998474121094,36.98249816894531,35.36201477050781,219111200
2019/1/8,37.38999938964844,37.95500183105469,37.130001068115234,37.6875,36.03612518310547,164101200
2019/1/9,37.8224983215332,38.63249969482422,37.407501220703125,38.32749938964844,36.64807891845703,180396400
2019/1/10,38.125,38.49250030517578,37.71500015258789,38.45000076293945,36.765220642089844,143122800
2019/1/11,38.220001220703125,38.42499923706055,37.877498626708984,38.0724983215332,36.40424728393555,108092800
2019/1/14,37.712501525878906,37.817501068115234,37.30500030517578,37.5,35.85683822631836,129756800
2019/1/15,37.567501068115234,38.34749984741211,37.51250076293945,38.26750183105469,36.59071731567383,114843600
2019/1/16,38.27000045776367,38.970001220703125,38.25,38.73500061035156,37.037723541259766,122278800
2019/1/17,38.54999923706055,39.415000915527344,38.314998626708984,38.96500015258789,37.25765609741211,119284800
2019/1/18,39.375,39.470001220703125,38.994998931884766,39.20500183105469,37.48714065551758,135004000
2019/1/22,39.102500915527344,39.182498931884766,38.154998779296875,38.32500076293945,36.64569854736328,121576000
2019/1/23,38.537498474121094,38.78499984741211,37.92499923706055,38.47999954223633,36.79391098022461,92522400
2019/1/24,38.52750015258789,38.619998931884766,37.935001373291016,38.17499923706055,36.50225830078125,101766000
2019/1/25,38.869998931884766,39.532501220703125,38.58000183105469,39.439998626708984,37.71183776855469,134142000
2019/1/28,38.9474983215332,39.08250045776367,38.415000915527344,39.07500076293945,37.36282730102539,104768400
2019/1/29,39.0625,39.532501220703125,38.52750015258789,38.66999816894531,36.97558594,166348800
2019/1/30,40.8125,41.537498474121094,40.057498931884766,41.3125,39.502296447753906,244439200
2019/1/31,41.52750015258789,42.25,41.13999938964844,41.61000061035156,39.78675079345703,162958400
2019/2/1,41.7400016784668,42.244998931884766,41.48249816894531,41.630001068115234,39.805877685546875,130672400
2019/2/4,41.852500915527344,42.915000915527344,41.81999969482422,42.8125,40.93655776977539,125982000
2019/2/5,43.21500015258789,43.77000045776367,43.087501525878906,43.54499816894531,41.63697052001953,144406400
2019/2/6,43.662498474121094,43.89250183105469,43.212501525878906,43.560001373291016,41.65130615234375,112958400
2019/2/7,43.099998474121094,43.48500061035156,42.584999084472656,42.73500061035156,40.86246109008789,126966800
2019/2/8,42.247501373291016,42.665000915527344,42.10499954223633,42.602500915527344,40.91047286987305,95280000
2019/2/11,42.76250076293945,42.8025016784668,42.3125,42.35749816894531,40.675193786621094,83973600
2019/2/12,42.525001525878906,42.75,42.42499923706055,42.72249984741211,41.02570343017578,89134000
2019/2/13,42.84749984741211,43.119998931884766,42.47999954223633,42.54499816894531,40.85525131225586,89960800
2019/2/14,42.4275016784668,42.814998626708984,42.345001220703125,42.70000076293945,41.00410461425781,87342800
2019/2/15,42.8125,42.92499923706055,42.4375,42.60499954223633,40.912872314453125,98507200
2019/2/19,42.4275016784668,42.86000061035156,42.372501373291016,42.73249816894531,41.035301208496094,75891200
2019/2/20,42.79750061035156,43.33000183105469,42.747501373291016,43.00749969482422,41.29938507080078,104457600
2019/2/21,42.95000076293945,43.092498779296875,42.57500076293945,42.76499938964844,41.06652069091797,68998800
2019/2/22,42.89500045776367,43.25,42.845001220703125,43.24250030517578,41.52505874633789,75652800
2019/2/25,43.540000915527344,43.967498779296875,43.48749923706055,43.557498931884766,41.82753372192383,87493600
2019/2/26,43.4275016784668,43.82500076293945,43.29249954223633,43.58250045776367,41.85155487060547,68280800
2019/2/27,43.3025016784668,43.75,43.182498931884766,43.717498779296875,41.9811897277832,111341600
2019/2/28,43.58000183105469,43.727500915527344,43.22999954223633,43.287498474121094,41.568267822265625,112861600
2019/3/1,43.56999969482422,43.787498474121094,43.22249984741211,43.74250030517578,42.00518798828125,103544800
2019/3/4,43.92250061035156,44.4375,43.49250030517578,43.962501525878906,42.21645736694336,109744800
2019/3/5,43.98500061035156,44,43.6349983215332,43.88249969482422,42.13962936401367,78949600
2019/3/6,43.66749954223633,43.872501373291016,43.48500061035156,43.630001068115234,41.897159576416016,83241600
2019/3/7,43.467498779296875,43.61000061035156,43.005001068115234,43.125,41.412227630615234,99185600
2019/3/8,42.58000183105469,43.26750183105469,42.375,43.227500915527344,41.51064682006836,95997600
2019/3/11,43.872501373291016,44.779998779296875,43.837501525878906,44.724998474121094,42.94867706298828,128044000
2019/3/12,45,45.66749954223633,44.842498779296875,45.227500915527344,43.431217193603516,129870400
2019/3/13,45.5625,45.82500076293945,45.22999954223633,45.4275016784668,43.623268127441406,124130000
2019/3/14,45.974998474121094,46.025001525878906,45.63999938964844,45.932498931884766,44.10822296142578,94318000
2019/3/15,46.212501525878906,46.83250045776367,45.935001373291016,46.529998779296875,44.68198776245117,156171600
2019/3/18,46.45000076293945,47.09749984741211,46.4474983215332,47.005001068115234,45.13811492919922,104879200
2019/3/19,47.087501525878906,47.247501373291016,46.47999954223633,46.63249969482422,44.78041458129883,126585600
2019/3/20,46.557498931884766,47.372501373291016,46.182498931884766,47.040000915527344,45.171730041503906,124140800
2019/3/21,47.505001068115234,49.08250045776367,47.45249938964844,48.772499084472656,46.83541488647461,204136800
2019/3/22,48.834999084472656,49.42250061035156,47.69499969482422,47.76250076293945,45.865535736083984,169630800
2019/3/25,47.877498626708984,47.994998931884766,46.650001525878906,47.185001373291016,45.31096649169922,175381200
2019/3/26,47.915000915527344,48.220001220703125,46.14500045776367,46.6974983215332,44.84283447265625,199202000
2019/3/27,47.1875,47.439998626708984,46.63750076293945,47.11750030517578,45.24614715576172,119393600
2019/3/28,47.23749923706055,47.38999938964844,46.88249969482422,47.18000030517578,45.30617141723633,83121600
2019/3/29,47.45750045776367,47.52000045776367,47.1349983215332,47.48749923706055,45.60145950317383,94256000
2019/4/1,47.90999984741211,47.91999816894531,47.095001220703125,47.810001373291016,45.91114807128906,111448000
2019/4/2,47.772499084472656,48.6150016784668,47.76250076293945,48.505001068115234,46.57854461669922,91062800
2019/4/3,48.3125,49.125,48.287498474121094,48.837501525878906,46.89784240722656,93087200
2019/4/4,48.6974983215332,49.092498779296875,48.28499984741211,48.92250061035156,46.97946548461914,76457200
2019/4/5,49.11249923706055,49.275001525878906,48.98249816894531,49.25,47.29396057128906,74106400
2019/4/8,49.10499954223633,50.057498931884766,49.084999084472656,50.025001525878906,48.038185119628906,103526800
2019/4/9,50.08000183105469,50.712501525878906,49.807498931884766,49.875,47.89413833618164,143072800
2019/4/10,49.66999816894531,50.185001373291016,49.54499816894531,50.154998779296875,48.163002014160156,86781200
2019/4/11,50.212501525878906,50.25,49.61000061035156,49.73749923706055,47.76209259033203,83603200
2019/4/12,49.79999923706055,50.03499984741211,49.0525016784668,49.717498779296875,47.74288558959961,111042800
2019/4/15,49.64500045776367,49.962501525878906,49.502498626708984,49.807498931884766,47.829307556152344,70146400
2019/4/16,49.8650016784668,50.342498779296875,49.63999938964844,49.8125,47.83411407470703,102785600
2019/4/17,49.8849983215332,50.845001220703125,49.65250015258789,50.782501220703125,48.765586853027344,115627200
2019/4/18,50.779998779296875,51.037498474121094,50.630001068115234,50.96500015258789,48.940853118896484,96783200
2019/4/22,50.70750045776367,51.23500061035156,50.584999084472656,51.13249969482422,49.101688385009766,77758000
2019/4/23,51.10749816894531,51.9375,50.974998474121094,51.869998931884766,49.80990219116211,93292000
2019/4/24,51.84000015258789,52.119998931884766,51.76250076293945,51.790000915527344,49.73308181762695,70162400
2019/4/25,51.70750045776367,51.939998626708984,51.279998779296875,51.31999969482422,49.28173828,74172800
2019/4/26,51.224998474121094,51.25,50.529998779296875,51.07500076293945,49.04647445678711,74596400
2019/4/29,51.099998474121094,51.49250030517578,50.96500015258789,51.15250015258789,49.12089920043945,88818800
2019/4/30,50.76499938964844,50.849998474121094,49.77750015258789,50.16749954223633,48.175018310546875,186139600
2019/5/1,52.470001220703125,53.82749938964844,52.307498931884766,52.630001068115234,50.53971481323242,259309200
2019/5/2,52.459999084472656,53.162498474121094,52.032501220703125,52.287498474121094,50.210811614990234,127985200
2019/5/3,52.72249984741211,52.959999084472656,52.557498931884766,52.9375,50.834999084472656,83569600
2019/5/6,51.0724983215332,52.209999084472656,50.875,52.119998931884766,50.04996871948242,129772400
2019/5/7,51.470001220703125,51.85499954223633,50.20750045776367,50.71500015258789,48.700775146484375,155054800
2019/5/8,50.474998474121094,51.334999084472656,50.4375,50.724998474121094,48.710384368896484,105358000
2019/5/9,50.099998474121094,50.41999816894531,49.165000915527344,50.18000030517578,48.187015533447266,139634400
2019/5/10,49.35499954223633,49.712501525878906,48.192501068115234,49.29499816894531,47.51947021484375,164834800
2019/5/13,46.9275016784668,47.369998931884766,45.712501525878906,46.43000030517578,44.757659912109375,229722400
2019/5/14,46.602500915527344,47.42499923706055,46.352500915527344,47.165000915527344,45.466182708740234,146118800
2019/5/15,46.567501068115234,47.9375,46.505001068115234,47.72999954223633,46.01082992553711,106178800
2019/5/16,47.477500915527344,48.11750030517578,47.209999084472656,47.52000045776367,45.80839920043945,132125600
2019/5/17,46.73249816894531,47.724998474121094,46.689998626708984,47.25,45.548126220703125,131516400
2019/5/20,45.880001068115234,46.087501525878906,45.06999969482422,45.772499084472656,44.123836517333984,154449200
2019/5/21,46.30500030517578,47,46.17499923706055,46.650001525878906,44.96973419189453,113459200
2019/5/22,46.165000915527344,46.4275016784668,45.63750076293945,45.69499969482422,44.049129486083984,118994400
2019/5/23,44.95000076293945,45.1349983215332,44.45249938964844,44.915000915527344,43.2972297668457,146118800
2019/5/24,45.04999923706055,45.53499984741211,44.654998779296875,44.74250030517578,43.130943298339844,94858800
2019/5/28,44.72999954223633,45.147499084472656,44.477500915527344,44.557498931884766,42.952606201171875,111792800
2019/5/29,44.10499954223633,44.837501525878906,44,44.345001220703125,42.747764587402344,113924800
2019/5/30,44.48749923706055,44.807498931884766,44.16749954223633,44.57500076293945,42.9694709777832,84873600
2019/5/31,44.057498931884766,44.497501373291016,43.747501373291016,43.76750183105469,42.1910514831543,108174400
2019/6/3,43.900001525878906,44.47999954223633,42.567501068115234,43.32500076293945,41.76449203491211,161584400
2019/6/4,43.86000061035156,44.95750045776367,43.630001068115234,44.90999984741211,43.292396545410156,123872000
2019/6/5,46.06999969482422,46.247501373291016,45.28499984741211,45.6349983215332,43.991294860839844,119093600
2019/6/6,45.77000045776367,46.36750030517578,45.537498474121094,46.30500030517578,44.637168884277344,90105200
2019/6/7,46.627498626708984,47.97999954223633,46.442501068115234,47.537498474121094,45.82526779174805,122737600
2019/6/10,47.95249938964844,48.842498779296875,47.904998779296875,48.14500045776367,46.410884857177734,104883600
2019/6/11,48.71500015258789,49,48.400001525878906,48.70249938964844,46.94830322265625,107731600
2019/6/12,48.48749923706055,48.99250030517578,48.34749984741211,48.54750061035156,46.79888916015625,73012800
2019/6/13,48.67499923706055,49.1974983215332,48.400001525878906,48.537498474121094,46.789249420166016,86698400
2019/6/14,47.88750076293945,48.397499084472656,47.57500076293945,48.185001373291016,46.44944763183594,75046000
2019/6/17,48.224998474121094,48.7400016784668,48.04249954223633,48.47249984741211,46.72659683227539,58676400
2019/6/18,49.01250076293945,50.0724983215332,48.8025016784668,49.61249923706055,47.82553482055664,106204000
2019/6/19,49.91999816894531,49.970001220703125,49.32749938964844,49.467498779296875,47.68574142456055,84496800
2019/6/20,50.092498779296875,50.15250015258789,49.50749969482422,49.8650016784668,48.06893539428711,86056000
2019/6/21,49.70000076293945,50.212501525878906,49.537498474121094,49.69499969482422,47.905059814453125,191202400
2019/6/24,49.6349983215332,50.040000915527344,49.54249954223633,49.64500045776367,47.85685348510742,72881600
2019/6/25,49.60749816894531,49.814998626708984,48.8224983215332,48.89250183105469,47.13146209716797,84281200
2019/6/26,49.442501068115234,50.247501373291016,49.337501525878906,49.95000076293945,48.15087127685547,104270000
2019/6/27,50.0724983215332,50.39250183105469,49.89250183105469,49.935001373291016,48.136409759521484,83598800
2019/6/28,49.66999816894531,49.875,49.26250076293945,49.47999954223633,47.69779968261719,124442400
2019/7/1,50.79249954223633,51.122501373291016,50.162498474121094,50.38750076293945,48.57261276245117,109012000
2019/7/2,50.352500915527344,50.782501220703125,50.34000015258789,50.682498931884766,48.85698699951172,67740800
2019/7/3,50.81999969482422,51.11000061035156,50.67250061035156,51.102500915527344,49.26185989379883,45448000
2019/7/5,50.837501525878906,51.27000045776367,50.724998474121094,51.057498931884766,49.218475341796875,69062000
2019/7/8,50.20249938964844,50.349998474121094,49.602500915527344,50.005001068115234,48.203887939453125,101354400
2019/7/9,49.79999923706055,50.377498626708984,49.70249938964844,50.310001373291016,48.49790954589844,82312000
2019/7/10,50.462501525878906,50.932498931884766,50.38999938964844,50.807498931884766,48.97747802734375,71588400
2019/7/11,50.82749938964844,51.09749984741211,50.4275016784668,50.4375,48.620811462402344,80767200
2019/7/12,50.61249923706055,51,50.54999923706055,50.82500076293945,48.99435043334961,70380800
2019/7/15,51.022499084472656,51.467498779296875,51,51.3025016784668,49.454654693603516,67789600
2019/7/16,51.147499084472656,51.52750015258789,50.875,51.125,49.283538818359375,67467200
2019/7/17,51.01250076293945,51.272499084472656,50.817501068115234,50.837501525878906,49.006404876708984,56430000
2019/7/18,51,51.470001220703125,50.92499923706055,51.415000915527344,49.563106536865234,74162400
2019/7/19,51.4474983215332,51.625,50.59000015258789,50.647499084472656,48.82324981689453,83717200
2019/7/22,50.912498474121094,51.807498931884766,50.90250015258789,51.80500030517578,49.93905258178711,89111600
2019/7/23,52.1150016784668,52.227500915527344,51.8224983215332,52.209999084472656,50.329471588134766,73420800
2019/7/24,51.91749954223633,52.287498474121094,51.79249954223633,52.16749954223633,50.28850173950195,59966400
2019/7/25,52.22249984741211,52.310001373291016,51.682498931884766,51.755001068115234,49.8908576965332,55638400
2019/7/26,51.869998931884766,52.432498931884766,51.78499984741211,51.935001373291016,50.06437683105469,70475600
2019/7/29,52.1150016784668,52.65999984741211,52.11000061035156,52.41999816894531,50.53190994262695,86693600
2019/7/30,52.189998626708984,52.540000915527344,51.82749938964844,52.19499969482422,50.314998626708984,135742800
2019/7/31,54.10499954223633,55.342498779296875,52.82500076293945,53.2599983215332,51.341644287109375,277125600
2019/8/1,53.474998474121094,54.50749969482422,51.685001373291016,52.10749816894531,50.230655670166016,216071600
2019/8/2,51.38249969482422,51.60749816894531,50.407501220703125,51.005001068115234,49.167869567871094,163448400
2019/8/5,49.497501373291016,49.662498474121094,48.14500045776367,48.334999084472656,46.59403991699219,209572000
2019/8/6,49.07749938964844,49.51750183105469,48.5099983215332,49.25,47.47608947753906,143299200
2019/8/7,48.852500915527344,49.88999938964844,48.45500183105469,49.7599983215332,47.96771240234375,133457600
2019/8/8,50.04999923706055,50.88249969482422,49.84749984741211,50.85749816894531,49.02568054199219,108038000
2019/8/9,50.32500076293945,50.689998626708984,49.8224983215332,50.247501373291016,48.62169647216797,98478800
2019/8/12,49.904998779296875,50.51250076293945,49.787498474121094,50.119998931884766,48.49831771850586,89927600
2019/8/13,50.255001068115234,53.03499984741211,50.119998931884766,52.24250030517578,50.55214309692383,188874000
2019/8/14,50.790000915527344,51.61000061035156,50.647499084472656,50.6875,49.04745864868164,146189600
2019/8/15,50.8650016784668,51.28499984741211,49.91749954223633,50.435001373291016,48.80311965942383,108909600
2019/8/16,51.06999969482422,51.790000915527344,50.959999084472656,51.625,49.954620361328125,110481600
2019/8/19,52.654998779296875,53.182498931884766,52.50749969482422,52.587501525878906,50.885982513427734,97654400
2019/8/20,52.720001220703125,53.337501525878906,52.58000183105469,52.59000015258789,50.88839340209961,107537200
2019/8/21,53.247501373291016,53.412498474121094,52.900001525878906,53.15999984741211,51.43995666503906,86141600
2019/8/22,53.29750061035156,53.61000061035156,52.6875,53.1150016784668,51.39641189575195,89014800
2019/8/23,52.35749816894531,53.01250076293945,50.25,50.65999984741211,49.020835876464844,187272000
2019/8/26,51.46500015258789,51.79750061035156,51.26499938964844,51.622501373291016,49.952205657958984,104174400
2019/8/27,51.96500015258789,52.13750076293945,50.88249969482422,51.040000915527344,49.388553619384766,103493200
2019/8/28,51.025001525878906,51.43000030517578,50.83000183105469,51.38249969482422,49.71996307373047,63755200
2019/8/29,52.125,52.33000183105469,51.665000915527344,52.252498626708984,50.56181716918945,83962000
2019/8/30,52.540000915527344,52.61249923706055,51.79999923706055,52.185001373291016,50.49650573730469,84573600
2019/9/3,51.60749816894531,51.744998931884766,51.05500030517578,51.42499923706055,49.76108932495117,80092000
2019/9/4,52.09749984741211,52.369998931884766,51.83000183105469,52.29750061035156,50.6053581237793,76752400
2019/9/5,53,53.49250030517578,52.877498626708984,53.31999969482422,51.594783782958984,95654800
2019/9/6,53.51250076293945,53.60499954223633,53.127498626708984,53.314998626708984,51.58994674682617,77449200
2019/9/9,53.709999084472656,54.11000061035156,52.76750183105469,53.54249954223633,51.810081481933594,109237600
2019/9/10,53.46500015258789,54.19499969482422,52.9275016784668,54.17499923706055,52.422119140625,127111600
2019/9/11,54.51750183105469,55.9275016784668,54.432498931884766,55.897499084472656,54.08888244628906,177158400
2019/9/12,56.20000076293945,56.60499954223633,55.71500015258789,55.772499084472656,53.96792984008789,128906800
2019/9/13,55,55.1974983215332,54.255001068115234,54.6875,52.918033599853516,159053200
2019/9/16,54.432498931884766,55.032501220703125,54.38999938964844,54.974998474121094,53.196231842041016,84632400
2019/9/17,54.9900016784668,55.20500183105469,54.779998779296875,55.17499923706055,53.38975524902344,73274800
2019/9/18,55.26499938964844,55.712501525878906,54.86000061035156,55.692501068115234,53.8905143737793,101360000
2019/9/19,55.502498626708984,55.939998626708984,55.092498779296875,55.2400016784668,53.45265579223633,88242400
2019/9/20,55.345001220703125,55.63999938964844,54.36750030517578,54.432498931884766,52.67128372192383,221652400
2019/9/23,54.73749923706055,54.959999084472656,54.412498474121094,54.68000030517578,52.9107780456543,76662000
2019/9/24,55.25749969482422,55.622501373291016,54.29750061035156,54.41999816894531,52.65918731689453,124763200
2019/9/25,54.63750076293945,55.375,54.28499984741211,55.25749969482422,53.469581604003906,87613600
2019/9/26,55,55.23500061035156,54.70750045776367,54.97249984741211,53.19381332397461,75334000
2019/9/27,55.1349983215332,55.2400016784668,54.31999969482422,54.70500183105469,52.93497085571289,101408000
2019/9/30,55.224998474121094,56.14500045776367,55.1974983215332,55.99250030517578,54.18080520629883,103909600
2019/10/1,56.26750183105469,57.05500030517578,56.04999923706055,56.147499084472656,54.33078384399414,139223200
2019/10/2,55.76499938964844,55.89500045776367,54.48249816894531,54.7400016784668,52.968833923339844,138449200
2019/10/3,54.60749816894531,55.2400016784668,53.782501220703125,55.20500183105469,53.41878128051758,114426000
2019/10/4,56.40999984741211,56.872501373291016,55.97249984741211,56.752498626708984,54.91621398925781,138478800
2019/10/7,56.567501068115234,57.48249816894531,56.459999084472656,56.76499938964844,54.928314208984375,122306000
2019/10/8,56.45500183105469,57.01499938964844,56.08250045776367,56.099998474121094,54.28483963012695,111820000
2019/10/9,56.75749969482422,56.9474983215332,56.40999984741211,56.75749969482422,54.921051025390625,74770400
2019/10/10,56.98249816894531,57.61000061035156,56.82500076293945,57.522499084472656,55.66130447387695,113013600
2019/10/11,58.23749923706055,59.40999984741211,58.07749938964844,59.0525016784668,57.14179611206055,166795600
2019/10/14,58.724998474121094,59.532501220703125,58.66749954223633,58.967498779296875,57.05954360961914,96427600
2019/10/15,59.09749984741211,59.412498474121094,58.720001220703125,58.83000183105469,56.92649841308594,87360000
2019/10/16,58.342498779296875,58.810001373291016,58.29999923706055,58.592498779296875,56.69668197631836,73903200
2019/10/17,58.772499084472656,59.037498474121094,58.380001068115234,58.81999969482422,56.91682052612305,67585200
2019/10/18,58.647499084472656,59.39500045776367,58.5724983215332,59.102500915527344,57.190181732177734,97433600
2019/10/21,59.380001068115234,60.247501373291016,59.33000183105469,60.127498626708984,58.18201446533203,87247200
2019/10/22,60.290000915527344,60.54999923706055,59.904998779296875,59.9900016784668,58.04896926879883,82293600
2019/10/23,60.525001525878906,60.810001373291016,60.30500030517578,60.79499816894531,58.82790756225586,75828800
2019/10/24,61.127498626708984,61.20000076293945,60.45249938964844,60.89500045776367,58.924678802490234,69275200
2019/10/25,60.790000915527344,61.682498931884766,60.720001220703125,61.64500045776367,59.65040588378906,73477200
2019/10/28,61.85499954223633,62.3125,61.68000030517578,62.26250076293945,60.2479362487793,96572800
2019/10/29,62.24250030517578,62.4375,60.64250183105469,60.8224983215332,58.85452651977539,142839600
2019/10/30,61.189998626708984,61.32500076293945,60.3025016784668,60.814998626708984,58.8472785949707,124522000
2019/10/31,61.810001373291016,62.29249954223633,59.314998626708984,62.189998626708984,60.17778396606445,139162000
2019/11/1,62.3849983215332,63.98249816894531,62.290000915527344,63.95500183105469,61.88566970825195,151125200
2019/11/4,64.3324966430664,64.4625015258789,63.845001220703125,64.375,62.292076110839844,103272000
2019/11/5,64.26249694824219,64.54750061035156,64.08000183105469,64.28250122070312,62.202579498291016,79897600
2019/11/6,64.19249725341797,64.37249755859375,63.842498779296875,64.30999755859375,62.229183197021484,75864400
2019/11/7,64.68499755859375,65.0875015258789,64.52749633789062,64.85749816894531,62.94739532470703,94940400
2019/11/8,64.67250061035156,65.11000061035156,64.2125015258789,65.03500366210938,63.119667053222656,69986400
2019/11/11,64.57499694824219,65.61750030517578,64.56999969482422,65.55000305175781,63.6194953918457,81821200
2019/11/12,65.38749694824219,65.69750213623047,65.2300033569336,65.48999786376953,63.5612678527832,87388800
2019/11/13,65.28250122070312,66.19499969482422,65.26750183105469,66.11750030517578,64.17028045654297,102734400
2019/11/14,65.9375,66.22000122070312,65.5250015258789,65.66000366210938,63.72624969482422,89182800
2019/11/15,65.91999816894531,66.44499969482422,65.75250244140625,66.44000244140625,64.48329162597656,100206400
2019/11/18,66.44999694824219,66.85749816894531,66.05750274658203,66.7750015258789,64.80842590332031,86703200
2019/11/19,66.9749984741211,67,66.34750366210938,66.57250213623047,64.61186981201172,76167200
2019/11/20,66.38500213623047,66.5199966430664,65.0999984741211,65.79750061035156,63.85971450805664,106234400
2019/11/21,65.92250061035156,66.00250244140625,65.29499816894531,65.50250244140625,63.57339859008789,121395200
2019/11/22,65.64749908447266,65.79499816894531,65.20999908447266,65.44499969482422,63.51758575439453,65325200
2019/11/25,65.67749786376953,66.61000061035156,65.62999725341797,66.59249877929688,64.63129425048828,84020400
2019/11/26,66.73500061035156,66.79000091552734,65.625,66.07250213623047,64.12661743164062,105207600
2019/11/27,66.3949966430664,66.99500274658203,66.32749938964844,66.95999908447266,64.98798370361328,65235600
2019/11/29,66.6500015258789,67,66.4749984741211,66.8125,64.84481048583984,46617600
2019/12/2,66.81749725341797,67.0625,65.86250305175781,66.04000091552734,64.09506225585938,94487200
2019/12/3,64.57749938964844,64.88249969482422,64.07250213623047,64.86250305175781,62.95224380493164,114430400
2019/12/4,65.26750183105469,65.82749938964844,65.16999816894531,65.43499755859375,63.50788497924805,67181600
2019/12/5,65.94750213623047,66.47250366210938,65.68250274658203,66.3949966430664,64.43961334228516,74424400
2019/12/6,66.87000274658203,67.75,66.82499694824219,67.67749786376953,65.68431854248047,106075600
2019/12/9,67.5,67.69999694824219,66.22750091552734,66.7300033569336,64.76473999023438,128042400
2019/12/10,67.1500015258789,67.51750183105469,66.46499633789062,67.12000274658203,65.14324951171875,90420400
2019/12/11,67.20249938964844,67.7750015258789,67.125,67.69249725341797,65.69889068603516,78756800
2019/12/12,66.94499969482422,68.13999938964844,66.83000183105469,67.86499786376953,65.8663101196289,137310400
2019/12/13,67.86499786376953,68.82499694824219,67.73249816894531,68.7874984741211,66.76164245605469,133587600
2019/12/16,69.25,70.19750213623047,69.24500274658203,69.96499633789062,67.90446472167969,128186000
2019/12/17,69.89250183105469,70.44249725341797,69.69999694824219,70.10250091552734,68.03790283203125,114158400
2019/12/18,69.94999694824219,70.4749984741211,69.77999877929688,69.93499755859375,67.8753433227539,116028400
2019/12/19,69.875,70.29499816894531,69.73750305175781,70.00499725341797,67.94328308105469,98369200
2019/12/20,70.55750274658203,70.6624984741211,69.63999938964844,69.86000061035156,67.80256652832031,275978000
2019/12/23,70.13249969482422,71.0625,70.09249877929688,71,68.90900421142578,98572000
2019/12/24,71.17250061035156,71.22250366210938,70.7300033569336,71.06749725341797,68.97451782226562,48478800
2019/12/26,71.20500183105469,72.49500274658203,71.17500305175781,72.47750091552734,70.34298706054688,93121200
2019/12/27,72.77999877929688,73.49250030517578,72.02999877929688,72.44999694824219,70.3162841796875,146266000
2019/12/30,72.36499786376953,73.17250061035156,71.30500030517578,72.87999725341797,70.73361206054688,144114400
2019/12/31,72.48249816894531,73.41999816894531,72.37999725341797,73.4124984741211,71.25045776367188,100805600
2020/1/2,74.05999755859375,75.1500015258789,73.79750061035156,75.0875015258789,72.87611389160156,135480400
2020/1/3,74.2874984741211,75.1449966430664,74.125,74.35749816894531,72.16761016845703,146322800
2020/1/6,73.44750213623047,74.98999786376953,73.1875,74.94999694824219,72.7426528930664,118387200
2020/1/7,74.95999908447266,75.2249984741211,74.37000274658203,74.59750366210938,72.4005355834961,108872000
2020/1/8,74.29000091552734,76.11000061035156,74.29000091552734,75.79750061035156,73.56520080566406,132079200
2020/1/9,76.80999755859375,77.60749816894531,76.55000305175781,77.40750122070312,75.12776184082031,170108400
2020/1/10,77.6500015258789,78.1675033569336,77.0625,77.5824966430664,75.2976303100586,140644800
2020/1/13,77.91000366210938,79.26750183105469,77.7874984741211,79.23999786376953,76.90632629394531,121532000
2020/1/14,79.17500305175781,79.39250183105469,78.0425033569336,78.16999816894531,75.8678207397461,161954400
2020/1/15,77.9625015258789,78.875,77.38749694824219,77.83499908447266,75.54270935058594,121923600
2020/1/16,78.39749908447266,78.92500305175781,78.02249908447266,78.80999755859375,76.48896789550781,108829200
2020/1/17,79.06749725341797,79.68499755859375,78.75,79.68250274658203,77.3357925415039,137816400
2020/1/21,79.29750061035156,79.75499725341797,79,79.14250183105469,76.81169128417969,110843200
2020/1/22,79.6449966430664,79.99749755859375,79.32749938964844,79.42500305175781,77.08587646484375,101832400
2020/1/23,79.4800033569336,79.88999938964844,78.9124984741211,79.80750274658203,77.45709991455078,104472000
2020/1/24,80.0625,80.8324966430664,79.37999725341797,79.57749938964844,77.23387908935547,146537600
2020/1/27,77.51499938964844,77.94249725341797,76.22000122070312,77.23750305175781,74.9627685546875,161940000
2020/1/28,78.1500015258789,79.5999984741211,78.04750061035156,79.42250061035156,77.08343505859375,162234000
2020/1/29,81.11250305175781,81.9625015258789,80.34500122070312,81.08499908447266,78.69696044921875,216229200
2020/1/30,80.13500213623047,81.02249908447266,79.6875,80.96749877929688,78.58294677734375,126743200
2020/1/31,80.23249816894531,80.66999816894531,77.07250213623047,77.37750244140625,75.09867858886719,199588400
2020/2/3,76.07499694824219,78.37249755859375,75.55500030517578,77.16500091552734,74.89242553710938,173788400
2020/2/4,78.82749938964844,79.91000366210938,78.40750122070312,79.7125015258789,77.3648910522461,136616400
2020/2/5,80.87999725341797,81.19000244140625,79.73750305175781,80.36250305175781,77.99574279785156,118826800
2020/2/6,80.64250183105469,81.30500030517578,80.06500244140625,81.30249786376953,78.90807342529297,105425600
2020/2/7,80.59249877929688,80.8499984741211,79.5,80.00749969482422,77.83551788330078,117684000
2020/2/10,78.54499816894531,80.38749694824219,78.4625015258789,80.38749694824219,78.20516967773438,109348800
2020/2/11,80.9000015258789,80.9749984741211,79.67749786376953,79.90249633789062,77.73335266113281,94323200
2020/2/12,80.36750030517578,81.80500030517578,80.36750030517578,81.80000305175781,79.579345703125,113730400
2020/2/13,81.04750061035156,81.55500030517578,80.8375015258789,81.21749877929688,79.01266479492188,94747600
2020/2/14,81.18499755859375,81.49500274658203,80.7125015258789,81.23750305175781,79.03211212158203,80113600
2020/2/18,78.83999633789062,79.9375,78.65249633789062,79.75,77.58499145507812,152531200
2020/2/19,80,81.14250183105469,80,80.90499877929688,78.70863342285156,93984000
2020/2/20,80.65750122070312,81.1624984741211,79.55249786376953,80.07499694824219,77.90116882324219,100566000
2020/2/21,79.65499877929688,80.11250305175781,77.625,78.26249694824219,76.13786315917969,129554000
2020/2/24,74.31500244140625,76.04499816894531,72.30750274658203,74.54499816894531,72.52130126953125,222195200
2020/2/25,75.23750305175781,75.63249969482422,71.53250122070312,72.0199966430664,70.06482696533203,230673600
2020/2/26,71.63249969482422,74.47000122070312,71.625,73.1624984741211,71.17631530761719,198054800
2020/2/27,70.2750015258789,71.5,68.23999786376953,68.37999725341797,66.52365112304688,320605600
2020/2/28,64.31500244140625,69.60250091552734,64.09249877929688,68.33999633789062,66.48473358154297,426510000
2020/3/2,70.56999969482422,75.36000061035156,69.43000030517578,74.70249938964844,72.67453002929688,341397200
2020/3/3,75.9175033569336,76,71.44999694824219,72.33000183105469,70.36642456054688,319475600
2020/3/4,74.11000061035156,75.8499984741211,73.28250122070312,75.68499755859375,73.63031768798828,219178400
2020/3/5,73.87999725341797,74.88749694824219,72.85250091552734,73.2300033569336,71.24199676513672,187572800
2020/3/6,70.5,72.70500183105469,70.30750274658203,72.25749969482422,70.29589844,226176800
2020/3/9,65.9375,69.52249908447266,65.75,66.5425033569336,64.73604583740234,286744800
2020/3/10,69.28500366210938,71.61000061035156,67.34249877929688,71.33499908447266,69.39844512939453,285290000
2020/3/11,69.34750366210938,70.30500030517578,67.96499633789062,68.85749816894531,66.98819732666016,255598800
2020/3/12,63.98500061035156,67.5,62,62.057498931884766,60.372798919677734,418474000
2020/3/13,66.22250366210938,69.9800033569336,63.23749923706055,69.49250030517578,67.60594177246094,370732000
2020/3/16,60.48749923706055,64.7699966430664,60,60.5525016784668,58.908653259277344,322423600
2020/3/17,61.877498626708984,64.40249633789062,59.599998474121094,63.21500015258789,61.498878479003906,324056000
2020/3/18,59.942501068115234,62.5,59.279998779296875,61.66749954223633,59.99338150024414,300233600
2020/3/19,61.84749984741211,63.209999084472656,60.65250015258789,61.19499969482422,59.53371047973633,271857200
2020/3/20,61.79499816894531,62.95750045776367,57,57.310001373291016,55.754180908203125,401693200
2020/3/23,57.02000045776367,57.125,53.15250015258789,56.092498779296875,54.569725036621094,336752800
2020/3/24,59.09000015258789,61.92250061035156,58.57500076293945,61.720001220703125,60.04445266723633,287531200
2020/3/25,62.6875,64.5625,61.07500076293945,61.380001068115234,59.71368408203125,303602000
2020/3/26,61.630001068115234,64.66999816894531,61.59000015258789,64.61000061035156,62.85600280761719,252087200
2020/3/27,63.1875,63.967498779296875,61.76250076293945,61.935001373291016,60.25362014770508,204216800
2020/3/30,62.685001373291016,63.880001068115234,62.349998474121094,63.70249938964844,61.973140716552734,167976400
2020/3/31,63.900001525878906,65.62249755859375,63,63.5724983215332,61.84666061401367,197002000
2020/4/1,61.625,62.18000030517578,59.782501220703125,60.227500915527344,58.59246826171875,176218400
2020/4/2,60.084999084472656,61.287498474121094,59.224998474121094,61.23249816894531,59.57018280029297,165934000
2020/4/3,60.70000076293945,61.42499923706055,59.74250030517578,60.352500915527344,58.714088439941406,129880000
2020/4/6,62.724998474121094,65.77749633789062,62.345001220703125,65.61750030517578,63.836158752441406,201820400
2020/4/7,67.69999694824219,67.92500305175781,64.75,64.85749816894531,63.096778869628906,202887200
2020/4/8,65.68499755859375,66.84249877929688,65.30750274658203,66.51750183105469,64.71172332763672,168895200
2020/4/9,67.17500305175781,67.51750183105469,66.17500305175781,66.99749755859375,65.17870330810547,161834800
2020/4/13,67.07749938964844,68.42500305175781,66.4574966430664,68.3125,66.45800018310547,131022800
2020/4/14,70,72.0625,69.51249694824219,71.76249694824219,69.81431579589844,194994800
2020/4/15,70.5999984741211,71.5824966430664,70.15750122070312,71.10749816894531,69.17710876464844,131154400
2020/4/16,71.84500122070312,72.05000305175781,70.5875015258789,71.67250061035156,69.72677612304688,157125200
2020/4/17,71.17250061035156,71.73750305175781,69.21499633789062,70.69999694824219,68.7806625366211,215250000
2020/4/20,69.48750305175781,70.41999816894531,69.2125015258789,69.23249816894531,67.35301208496094,130015200
2020/4/21,69.06999969482422,69.3125,66.35749816894531,67.09249877929688,65.27110290527344,180991600
2020/4/22,68.40249633789062,69.4749984741211,68.05000305175781,69.0250015258789,67.15113830566406,116862400
2020/4/23,68.96749877929688,70.4375,68.71749877929688,68.75749969482422,66.89090728759766,124814400
2020/4/24,69.30000305175781,70.75250244140625,69.25,70.74250030517578,68.82202911376953,126161200
2020/4/27,70.44999694824219,71.13500213623047,69.98750305175781,70.7925033569336,68.87066650390625,117087600
2020/4/28,71.2699966430664,71.4574966430664,69.55000305175781,69.6449966430664,67.75432586669922,112004800
2020/4/29,71.18250274658203,72.4175033569336,70.97250366210938,71.93250274658203,69.97972106933594,137280800
2020/4/30,72.48999786376953,73.63249969482422,72.0875015258789,73.44999694824219,71.45601654052734,183064000
2020/5/1,71.5625,74.75,71.4625015258789,72.26750183105469,70.30563354492188,240616800
2020/5/4,72.2925033569336,73.42250061035156,71.58000183105469,73.29000091552734,71.30036926269531,133568000
2020/5/5,73.76499938964844,75.25,73.61499786376953,74.38999938964844,72.37049865722656,147751200
2020/5/6,75.11499786376953,75.80999755859375,74.71749877929688,75.15750122070312,73.11717224121094,142333600
2020/5/7,75.80500030517578,76.2925033569336,75.49250030517578,75.93499755859375,73.87357330322266,115215200
2020/5/8,76.41000366210938,77.5875015258789,76.07250213623047,77.53250122070312,75.63188171386719,133838400
2020/5/11,77.0250015258789,79.26249694824219,76.80999755859375,78.75250244140625,76.82197570800781,145946400
2020/5/12,79.4574966430664,79.92250061035156,77.72750091552734,77.85250091552734,75.94404602050781,162301200
2020/5/13,78.0374984741211,78.98750305175781,75.80249786376953,76.9124984741211,75.02705383300781,200622400
2020/5/14,76.12750244140625,77.44750213623047,75.38249969482422,77.38500213623047,75.48799133300781,158929200
2020/5/15,75.0875015258789,76.9749984741211,75.05249786376953,76.92749786376953,75.04170227050781,166348400
2020/5/18,78.2925033569336,79.125,77.58000183105469,78.73999786376953,76.80976867675781,135178400
2020/5/19,78.75749969482422,79.62999725341797,78.25250244140625,78.28500366210938,76.36592864990234,101729600
2020/5/20,79.16999816894531,79.87999725341797,79.12999725341797,79.80750274658203,77.8510971069336,111504800
2020/5/21,79.66500091552734,80.22250366210938,78.96749877929688,79.2125015258789,77.27068328857422,102688800
2020/5/22,78.94249725341797,79.80750274658203,78.8375015258789,79.72250366210938,77.7681884765625,81803200
2020/5/26,80.875,81.05999755859375,79.125,79.18250274658203,77.24144744873047,125522000
2020/5/27,79.03500366210938,79.67749786376953,78.27249908447266,79.52749633789062,77.57796478271484,112945200
2020/5/28,79.19249725341797,80.86000061035156,78.90750122070312,79.5625,77.61210632324219,133560800
2020/5/29,79.8125,80.2874984741211,79.11750030517578,79.48500061035156,77.53651428222656,153532400
2020/6/1,79.4375,80.5875015258789,79.30249786376953,80.4625015258789,78.49004364013672,80791200
2020/6/2,80.1875,80.86000061035156,79.73249816894531,80.83499908447266,78.85340881347656,87642800
2020/6/3,81.16500091552734,81.55000305175781,80.57499694824219,81.27999877929688,79.2874984741211,104491200
2020/6/4,81.09750366210938,81.40499877929688,80.19499969482422,80.58000183105469,78.60466766357422,87560400
2020/6/5,80.8375015258789,82.9375,80.80750274658203,82.875,80.84342193603516,137250400
2020/6/8,82.5625,83.4000015258789,81.83000183105469,83.36499786376953,81.3213882446289,95654400
2020/6/9,83.03500366210938,86.40249633789062,83.00250244140625,85.99749755859375,83.88935089111328,147712400
2020/6/10,86.9749984741211,88.69249725341797,86.52249908447266,88.20999908447266,86.0476303100586,166651600
2020/6/11,87.32749938964844,87.76499938964844,83.87000274658203,83.9749984741211,81.91642761230469,201662400
2020/6/12,86.18000030517578,86.94999694824219,83.55500030517578,84.69999694824219,82.6236572265625,200146000
2020/6/15,83.3125,86.41999816894531,83.1449966430664,85.74749755859375,83.64549255371094,138808800
2020/6/16,87.86499786376953,88.30000305175781,86.18000030517578,88.0199966430664,85.86226654052734,165428800
2020/6/17,88.7874984741211,88.8499984741211,87.77249908447266,87.89749908447266,85.74278259277344,114406400
2020/6/18,87.85250091552734,88.36250305175781,87.30500030517578,87.93250274658203,85.77693176269531,96820400
2020/6/19,88.66000366210938,89.13999938964844,86.2874984741211,87.43000030517578,85.2867431640625,264476000
2020/6/22,87.83499908447266,89.86499786376953,87.7874984741211,89.71749877929688,87.51818084716797,135445200
2020/6/23,91,93.09500122070312,90.56749725341797,91.63249969482422,89.38623809814453,212155600
2020/6/24,91.25,92.19750213623047,89.62999725341797,90.01499938964844,87.80836486816406,192623200
2020/6/25,90.17500305175781,91.25,89.39250183105469,91.20999908447266,88.97407531738281,137522400
2020/6/26,91.10250091552734,91.33000183105469,88.25499725341797,88.40750122070312,86.24027252197266,205256800
2020/6/29,88.3125,90.5425033569336,87.81999969482422,90.44499969482422,88.22782897949219,130646000
2020/6/30,90.0199966430664,91.49500274658203,90,91.19999694824219,88.96432495117188,140223200
2020/7/1,91.27999877929688,91.83999633789062,90.97750091552734,91.02749633789062,88.79605865478516,110737200
2020/7/2,91.9625015258789,92.61750030517578,90.91000366210938,91.02749633789062,88.79605865478516,114041600
2020/7/6,92.5,93.94499969482422,92.46749877929688,93.4625015258789,91.17135620117188,118655600
2020/7/7,93.85250091552734,94.65499877929688,93.05750274658203,93.17250061035156,90.88846588134766,112424400
2020/7/8,94.18000030517578,95.375,94.08999633789062,95.34249877929688,93.00529479980469,117092000
2020/7/9,96.26249694824219,96.31749725341797,94.67250061035156,95.75250244140625,93.40522003173828,125642800
2020/7/10,95.33499908447266,95.9800033569336,94.70500183105469,95.91999816894531,93.56861877441406,90257200
2020/7/13,97.26499938964844,99.95500183105469,95.25749969482422,95.47750091552734,93.136962890625,191649200
2020/7/14,94.83999633789062,97.25499725341797,93.87750244140625,97.05750274658203,94.67823791503906,170989200
2020/7/15,98.98999786376953,99.24749755859375,96.48999786376953,97.7249984741211,95.32937622070312,153198000
2020/7/16,96.5625,97.40499877929688,95.90499877929688,96.52249908447266,94.15634155273438,110577600
2020/7/17,96.98750305175781,97.14749908447266,95.83999633789062,96.32749938964844,93.96611785888672,92186800
2020/7/20,96.4175033569336,98.5,96.0625,98.35749816894531,95.94636535644531,90318000
2020/7/21,99.17250061035156,99.25,96.74250030517578,97,94.62213897705078,103433200
2020/7/22,96.69249725341797,97.9749984741211,96.60250091552734,97.27249908447266,94.88796997070312,89001600
2020/7/23,96.99749755859375,97.07749938964844,92.01000213623047,92.84500122070312,90.5689926147461,197004400
2020/7/24,90.98750305175781,92.97000122070312,89.1449966430664,92.61499786376953,90.3446273803711,185438800
2020/7/27,93.70999908447266,94.90499877929688,93.4800033569336,94.80999755859375,92.48582458496094,121214000
2020/7/28,94.36750030517578,94.55000305175781,93.24749755859375,93.25250244140625,90.96652221679688,103625600
2020/7/29,93.75,95.2300033569336,93.7125015258789,95.04000091552734,92.710205078125,90329200
2020/7/30,94.1875,96.29750061035156,93.76750183105469,96.19000244140625,93.83201599121094,158130000
2020/7/31,102.88500213623047,106.41500091552734,100.82499694824219,106.26000213623047,103.65515899658203,374336800
2020/8/3,108.19999694824219,111.63749694824219,107.89250183105469,108.9375,106.26700592041016,308151200
2020/8/4,109.13249969482422,110.79000091552734,108.38749694824219,109.66500091552734,106.97667694091797,173071600
2020/8/5,109.37750244140625,110.39250183105469,108.89749908447266,110.0625,107.36442565917969,121776800
2020/8/6,110.40499877929688,114.4124984741211,109.79750061035156,113.90249633789062,111.11030578613281,202428800
2020/8/7,113.20500183105469,113.67500305175781,110.2925033569336,111.11250305175781,108.5841064453125,198045600
2020/8/10,112.5999984741211,113.7750015258789,110,112.72750091552734,110.16236114501953,212403600
2020/8/11,111.97000122070312,112.48249816894531,109.10749816894531,109.375,106.88614654541016,187902400
2020/8/12,110.49749755859375,113.2750015258789,110.29750061035156,113.01000213623047,110.43843841552734,165598000
2020/8/13,114.43000030517578,116.0425033569336,113.92749786376953,115.01000213623047,112.39291381835938,210082000
2020/8/14,114.83000183105469,115,113.04499816894531,114.90750122070312,112.29276275634766,165565200
2020/8/17,116.0625,116.0875015258789,113.9625015258789,114.60749816894531,111.99958038330078,119561600
2020/8/18,114.35250091552734,116,114.00749969482422,115.5625,112.932861328125,105633600
2020/8/19,115.98249816894531,117.1624984741211,115.61000061035156,115.7074966430664,113.07454681396484,145538000
2020/8/20,115.75,118.39250183105469,115.73249816894531,118.2750015258789,115.58362579345703,126907200
2020/8/21,119.26249694824219,124.86750030517578,119.25,124.37000274658203,121.53995513916016,338054800
2020/8/24,128.69749450683594,128.78500366210938,123.9375,125.85749816894531,122.99359893798828,345937600
2020/8/25,124.69750213623047,125.18000030517578,123.05249786376953,124.82499694824219,121.98458099365234,211495600
2020/8/26,126.18000030517578,126.99250030517578,125.0824966430664,126.52249908447266,123.64346313476562,163022400
2020/8/27,127.14250183105469,127.48500061035156,123.8324966430664,125.01000213623047,122.16539764404297,155552400
2020/8/28,126.01249694824219,126.44249725341797,124.57749938964844,124.80750274658203,121.96748352050781,187630000
2020/8/31,127.58000183105469,131,126,129.0399932861328,126.1036605834961,225702700
2020/9/1,132.75999450683594,134.8000030517578,130.52999877929688,134.17999267578125,131.12669372558594,151948100
2020/9/2,137.58999633789062,137.97999572753906,127,131.39999389648438,128.40994262695312,200119000
2020/9/3,126.91000366210938,128.83999633789062,120.5,120.87999725341797,118.12936401367188,257599600
2020/9/4,120.06999969482422,123.69999694824219,110.88999938964844,120.95999908447266,118.20751953125,332607200
2020/9/8,113.94999694824219,118.98999786376953,112.68000030517578,112.81999969482422,110.25276184082031,231366600
2020/9/9,117.26000213623047,119.13999938964844,115.26000213623047,117.31999969482422,114.65038299560547,176940500
2020/9/10,120.36000061035156,120.5,112.5,113.48999786376953,110.90750885009766,182274400
2020/9/11,114.56999969482422,115.2300033569336,110,112,109.451416015625,180860300
2020/9/14,114.72000122070312,115.93000030517578,112.80000305175781,115.36000061035156,112.73497009277344,140150100
2020/9/15,118.33000183105469,118.83000183105469,113.61000061035156,115.54000091552734,112.9108657836914,184642000
2020/9/16,115.2300033569336,116,112.04000091552734,112.12999725341797,109.5784683227539,154679000
2020/9/17,109.72000122070312,112.19999694824219,108.70999908447266,110.33999633789062,107.8292007446289,178011000
2020/9/18,110.4000015258789,110.87999725341797,106.08999633789062,106.83999633789062,104.40882873535156,287104900
2020/9/21,104.54000091552734,110.19000244140625,103.0999984741211,110.08000183105469,107.57510375976562,195713800
2020/9/22,112.68000030517578,112.86000061035156,109.16000366210938,111.80999755859375,109.2657470703125,183055400
2020/9/23,111.62000274658203,112.11000061035156,106.7699966430664,107.12000274658203,104.68246459960938,150718700
2020/9/24,105.16999816894531,110.25,105,108.22000122070312,105.75743103027344,167743300
2020/9/25,108.43000030517578,112.44000244140625,107.66999816894531,112.27999877929688,109.72503662109375,149981400
2020/9/28,115.01000213623047,115.31999969482422,112.77999877929688,114.95999908447266,112.34407043457031,137672400
2020/9/29,114.55000305175781,115.30999755859375,113.56999969482422,114.08999633789062,111.4938735961914,99382200
2020/9/30,113.79000091552734,117.26000213623047,113.62000274658203,115.80999755859375,113.17472076416016,142675200
2020/10/1,117.63999938964844,117.72000122070312,115.83000183105469,116.79000091552734,114.13243865966797,116120400
2020/10/2,112.88999938964844,115.37000274658203,112.22000122070312,113.0199966430664,110.44821166992188,144712000
2020/10/5,113.91000366210938,116.6500015258789,113.55000305175781,116.5,113.84902954101562,106243800
2020/10/6,115.69999694824219,116.12000274658203,112.25,113.16000366210938,110.58502197265625,161498200
2020/10/7,114.62000274658203,115.55000305175781,114.12999725341797,115.08000183105469,112.46133422851562,96849000
2020/10/8,116.25,116.4000015258789,114.58999633789062,114.97000122070312,112.35383605957031,83477200
2020/10/9,115.27999877929688,117,114.91999816894531,116.97000122070312,114.30834197998047,100506900
2020/10/12,120.05999755859375,125.18000030517578,119.27999877929688,124.4000015258789,121.56926727294922,240226800
2020/10/13,125.2699966430664,125.38999938964844,119.6500015258789,121.0999984741211,118.34436798095703,262330500
2020/10/14,121,123.02999877929688,119.62000274658203,121.19000244140625,118.43229675292969,150712000
2020/10/15,118.72000122070312,121.19999694824219,118.1500015258789,120.70999908447266,117.96321868896484,112559200
2020/10/16,121.27999877929688,121.55000305175781,118.80999755859375,119.0199966430664,116.31167602539062,115393800
2020/10/19,119.95999908447266,120.41999816894531,115.66000366210938,115.9800033569336,113.34086608886719,120639300
2020/10/20,116.19999694824219,118.9800033569336,115.62999725341797,117.51000213623047,114.8360366821289,124423700
2020/10/21,116.66999816894531,118.70999908447266,116.44999694824219,116.87000274658203,114.21060943603516,89946000
2020/10/22,117.44999694824219,118.04000091552734,114.58999633789062,115.75,113.11609649658203,101988000
2020/10/23,116.38999938964844,116.55000305175781,114.27999877929688,115.04000091552734,112.4222640991211,82572600
2020/10/26,114.01000213623047,116.55000305175781,112.87999725341797,115.05000305175781,112.43202209472656,111850700
2020/10/27,115.48999786376953,117.27999877929688,114.54000091552734,116.5999984741211,113.94673919677734,92276800
2020/10/28,115.05000305175781,115.43000030517578,111.0999984741211,111.19999694824219,108.66961669921875,143937800
2020/10/29,112.37000274658203,116.93000030517578,112.19999694824219,115.31999969482422,112.69588470458984,146129200
2020/10/30,111.05999755859375,111.98999786376953,107.72000122070312,108.86000061035156,106.38288116455078,190272600
2020/11/2,109.11000061035156,110.68000030517578,107.31999969482422,108.7699966430664,106.29491424560547,122866900
2020/11/3,109.66000366210938,111.48999786376953,108.7300033569336,110.44000244140625,107.92691040039062,107624400
2020/11/4,114.13999938964844,115.58999633789062,112.3499984741211,114.94999694824219,112.33429718017578,138235500
2020/11/5,117.94999694824219,119.62000274658203,116.87000274658203,119.02999877929688,116.32145690917969,126387100
2020/11/6,118.31999969482422,119.19999694824219,116.12999725341797,118.69000244140625,116.18930053710938,114457900
2020/11/9,120.5,121.98999786376953,116.05000305175781,116.31999969482422,113.8692398071289,154515300
2020/11/10,115.55000305175781,117.58999633789062,114.12999725341797,115.97000122070312,113.526611328125,138023400
2020/11/11,117.19000244140625,119.62999725341797,116.44000244140625,119.48999786376953,116.97245025634766,112295000
2020/11/12,119.62000274658203,120.52999877929688,118.56999969482422,119.20999908447266,116.69835662841797,103162300
2020/11/13,119.44000244140625,119.66999816894531,117.87000274658203,119.26000213623047,116.7472915649414,81581900
2020/11/16,118.91999816894531,120.98999786376953,118.1500015258789,120.30000305175781,117.76536560058594,91183000
2020/11/17,119.55000305175781,120.66999816894531,118.95999908447266,119.38999938964844,116.87455749511719,74271000
2020/11/18,118.61000061035156,119.81999969482422,118,118.02999877929688,115.54320526123047,76322100
2020/11/19,117.58999633789062,119.05999755859375,116.80999755859375,118.63999938964844,116.1403579711914,74113000
2020/11/20,118.63999938964844,118.7699966430664,117.29000091552734,117.33999633789062,114.86773681640625,73604300
2020/11/23,117.18000030517578,117.62000274658203,113.75,113.8499984741211,111.45126342773438,127959300
2020/11/24,113.91000366210938,115.8499984741211,112.58999633789062,115.16999816894531,112.74346160888672,113874200
2020/11/25,115.55000305175781,116.75,115.16999816894531,116.02999877929688,113.58533477783203,76499200
2020/11/27,116.56999969482422,117.48999786376953,116.22000122070312,116.58999633789062,114.13353729248047,46691300
2020/11/30,116.97000122070312,120.97000122070312,116.80999755859375,119.05000305175781,116.5417251586914,169410200
2020/12/1,121.01000213623047,123.47000122070312,120.01000213623047,122.72000122070312,120.1343994140625,127728200
2020/12/2,122.0199966430664,123.37000274658203,120.88999938964844,123.08000183105469,120.48681640625,89004200
2020/12/3,123.5199966430664,123.77999877929688,122.20999908447266,122.94000244140625,120.34976196289062,78967600
2020/12/4,122.5999984741211,122.86000061035156,121.5199966430664,122.25,119.67427825927734,78260400
2020/12/7,122.30999755859375,124.56999969482422,122.25,123.75,121.1427001953125,86712000
2020/12/8,124.37000274658203,124.9800033569336,123.08999633789062,124.37999725341797,121.75941467285156,82225500
2020/12/9,124.52999877929688,125.94999694824219,121,121.77999877929688,119.21420288085938,115089200
2020/12/10,120.5,123.87000274658203,120.1500015258789,123.23999786376953,120.64341735839844,81312200
2020/12/11,122.43000030517578,122.76000213623047,120.55000305175781,122.41000366210938,119.83092498779297,86939800
2020/12/14,122.5999984741211,123.3499984741211,121.54000091552734,121.77999877929688,119.21420288085938,79184500
2020/12/15,124.33999633789062,127.9000015258789,124.12999725341797,127.87999725341797,125.1856689453125,157243700
2020/12/16,127.41000366210938,128.3699951171875,126.55999755859375,127.80999755859375,125.11714935302734,98208600
2020/12/17,128.89999389648438,129.5800018310547,128.0399932861328,128.6999969482422,125.9884033203125,94359800
2020/12/18,128.9600067138672,129.10000610351562,126.12000274658203,126.66000366210938,123.99137878417969,192541500
2020/12/21,125.0199966430664,128.30999755859375,123.44999694824219,128.22999572753906,125.52828979492188,121251600
2020/12/22,131.61000061035156,134.41000366210938,129.64999389648438,131.8800048828125,129.1014404296875,168904800
2020/12/23,132.16000366210938,132.42999267578125,130.77999877929688,130.9600067138672,128.20077514648438,88223700
2020/12/24,131.32000732421875,133.4600067138672,131.10000610351562,131.97000122070312,129.1894989013672,54930100
2020/12/28,133.99000549316406,137.33999633789062,133.50999450683594,136.69000244140625,133.81004333496094,124486200
2020/12/29,138.0500030517578,138.7899932861328,134.33999633789062,134.8699951171875,132.0283966064453,121047300
2020/12/30,135.5800018310547,135.99000549316406,133.39999389648438,133.72000122070312,130.9026336669922,96452100
2020/12/31,134.0800018310547,134.74000549316406,131.72000122070312,132.69000244140625,129.8943328857422,99116600
2021/1/4,133.52000427246094,133.61000061035156,126.76000213623047,129.41000366210938,126.68344116210938,143301900
2021/1/5,128.88999938964844,131.74000549316406,128.42999267578125,131.00999450683594,128.2497100830078,97664900
2021/1/6,127.72000122070312,131.0500030517578,126.37999725341797,126.5999984741211,123.93264770507812,155088000
2021/1/7,128.36000061035156,131.6300048828125,127.86000061035156,130.9199981689453,128.16162109375,109578200
2021/1/8,132.42999267578125,132.6300048828125,130.22999572753906,132.0500030517578,129.26780700683594,105158200
2021/1/11,129.19000244140625,130.1699981689453,128.5,128.97999572753906,126.26250457763672,100384500
2021/1/12,128.5,129.69000244140625,126.86000061035156,128.8000030517578,126.08628845214844,91951100
2021/1/13,128.75999450683594,131.4499969482422,128.49000549316406,130.88999938964844,128.1322479248047,88636800
2021/1/14,130.8000030517578,131,128.75999450683594,128.91000366210938,126.19396209716797,90221800
2021/1/15,128.77999877929688,130.22000122070312,127,127.13999938964844,124.46127319335938,111598500
2021/1/19,127.77999877929688,128.7100067138672,126.94000244140625,127.83000183105469,125.1367416381836,90757300
2021/1/20,128.66000366210938,132.49000549316406,128.5500030517578,132.02999877929688,129.24822998046875,104319500
2021/1/21,133.8000030517578,139.6699981689453,133.58999633789062,136.8699951171875,133.98626708984375,120150900
2021/1/22,136.27999877929688,139.85000610351562,135.02000427246094,139.07000732421875,136.13992309570312,114459400
2021/1/25,143.07000732421875,145.08999633789062,136.5399932861328,142.9199981689453,139.9087677001953,157611700
2021/1/26,143.60000610351562,144.3000030517578,141.3699951171875,143.16000366210938,140.1437225341797,98390600
2021/1/27,143.42999267578125,144.3000030517578,140.41000366210938,142.05999755859375,139.0669403076172,140843800
2021/1/28,139.52000427246094,141.99000549316406,136.6999969482422,137.08999633789062,134.20162963867188,142621100
2021/1/29,135.8300018310547,136.74000549316406,130.2100067138672,131.9600067138672,129.17971801757812,177523800
2021/2/1,133.75,135.3800048828125,130.92999267578125,134.13999938964844,131.31378173828125,106239800
2021/2/2,135.72999572753906,136.30999755859375,134.61000061035156,134.99000549316406,132.14588928222656,83305400
2021/2/3,135.75999450683594,135.77000427246094,133.61000061035156,133.94000244140625,131.11801147460938,89880900
2021/2/4,136.3000030517578,137.39999389648438,134.58999633789062,137.38999938964844,134.4953155517578,84183100
2021/2/5,137.35000610351562,137.4199981689453,135.86000061035156,136.75999450683594,134.07864379882812,75693800
2021/2/8,136.02999877929688,136.9600067138672,134.9199981689453,136.91000366210938,134.22567749023438,71297200
2021/2/9,136.6199951171875,137.8800048828125,135.85000610351562,136.00999450683594,133.34332275390625,76774200
2021/2/10,136.47999572753906,136.99000549316406,134.39999389648438,135.38999938964844,132.73548889160156,73046600
2021/2/11,135.89999389648438,136.38999938964844,133.77000427246094,135.1300048828125,132.48060607910156,64280000
2021/2/12,134.35000610351562,135.52999877929688,133.69000244140625,135.3699951171875,132.7158966064453,60145100
2021/2/16,135.49000549316406,136.00999450683594,132.7899932861328,133.19000244140625,130.5786590576172,80576300
2021/2/17,131.25,132.22000122070312,129.47000122070312,130.83999633789062,128.27468872070312,97918500
2021/2/18,129.1999969482422,130,127.41000366210938,129.7100067138672,127.16686248779297,96856700
2021/2/19,130.24000549316406,130.7100067138672,128.8000030517578,129.8699951171875,127.3237533569336,87668800
2021/2/22,128.00999450683594,129.72000122070312,125.5999984741211,126,123.52960205078125,103916400
2021/2/23,123.76000213623047,126.70999908447266,118.38999938964844,125.86000061035156,123.39234161376953,158273000
2021/2/24,124.94000244140625,125.55999755859375,122.2300033569336,125.3499984741211,122.89234161376953,111039900
2021/2/25,124.68000030517578,126.45999908447266,120.54000091552734,120.98999786376953,118.61782836914062,148199500
2021/2/26,122.58999633789062,124.8499984741211,121.19999694824219,121.26000213623047,118.88252258300781,164560400
2021/3/1,123.75,127.93000030517578,122.79000091552734,127.79000091552734,125.28450775146484,116307900
2021/3/2,128.41000366210938,128.72000122070312,125.01000213623047,125.12000274658203,122.66685485839844,102260900
2021/3/3,124.80999755859375,125.70999908447266,121.83999633789062,122.05999755859375,119.66683959960938,112966300
2021/3/4,121.75,123.5999984741211,118.62000274658203,120.12999725341797,117.77467346191406,178155000
2021/3/5,120.9800033569336,121.94000244140625,117.56999969482422,121.41999816894531,119.03939056396484,153766600
2021/3/8,120.93000030517578,121,116.20999908447266,116.36000061035156,114.07861328125,154376600
2021/3/9,119.02999877929688,122.05999755859375,118.79000091552734,121.08999633789062,118.71585845947266,129525800
2021/3/10,121.69000244140625,122.16999816894531,119.44999694824219,119.9800033569336,117.62763214111328,111943300
2021/3/11,122.54000091552734,123.20999908447266,121.26000213623047,121.95999908447266,119.56880950927734,103026500
2021/3/12,120.4000015258789,121.16999816894531,119.16000366210938,121.02999877929688,118.65704345703125,88105100
2021/3/15,121.41000366210938,124,120.41999816894531,123.98999786376953,121.55900573730469,92403800
2021/3/16,125.69999694824219,127.22000122070312,124.72000122070312,125.56999969482422,123.10803985595703,115227900
2021/3/17,124.05000305175781,125.86000061035156,122.33999633789062,124.76000213623047,122.31391143798828,111932600
2021/3/18,122.87999725341797,123.18000030517578,120.31999969482422,120.52999877929688,118.1668472290039,121229700
2021/3/19,119.9000015258789,121.43000030517578,119.68000030517578,119.98999786376953,117.6374282836914,185549500
2021/3/22,120.33000183105469,123.87000274658203,120.26000213623047,123.38999938964844,120.97077941894531,111912300
2021/3/23,123.33000183105469,124.23999786376953,122.13999938964844,122.54000091552734,120.13744354248047,95467100
2021/3/24,122.81999969482422,122.9000015258789,120.06999969482422,120.08999633789062,117.73546600341797,88530500
2021/3/25,119.54000091552734,121.66000366210938,119,120.58999633789062,118.22566223144531,98844700
2021/3/26,120.3499984741211,121.4800033569336,118.91999816894531,121.20999908447266,118.8335189819336,94071200
2021/3/29,121.6500015258789,122.58000183105469,120.7300033569336,121.38999938964844,119.01000213623047,80819200
2021/3/30,120.11000061035156,120.4000015258789,118.86000061035156,119.9000015258789,117.54920959472656,85671900
2021/3/31,121.6500015258789,123.5199966430664,121.1500015258789,122.1500015258789,119.7551040649414,118323800
2021/4/1,123.66000366210938,124.18000030517578,122.48999786376953,123,120.58841705322266,75089100
2021/4/5,123.87000274658203,126.16000366210938,123.06999969482422,125.9000015258789,123.43156433105469,88651200
2021/4/6,126.5,127.12999725341797,125.6500015258789,126.20999908447266,123.73548126220703,80171300
2021/4/7,125.83000183105469,127.91999816894531,125.13999938964844,127.9000015258789,125.39234924316406,83466700
2021/4/8,128.9499969482422,130.38999938964844,128.52000427246094,130.36000061035156,127.80412292480469,88844600
2021/4/9,129.8000030517578,133.0399932861328,129.47000122070312,133,130.392333984375,106686700
2021/4/12,132.52000427246094,132.85000610351562,130.6300048828125,131.24000549316406,128.66685485839844,91420000
2021/4/13,132.44000244140625,134.66000366210938,131.92999267578125,134.42999267578125,131.79428100585938,91266500
2021/4/14,134.94000244140625,135,131.66000366210938,132.02999877929688,129.44139099121094,87222800
2021/4/15,133.82000732421875,135,133.63999938964844,134.5,131.86294555664062,89347100
2021/4/16,134.3000030517578,134.6699981689453,133.27999877929688,134.16000366210938,131.52963256835938,84922400
2021/4/19,133.50999450683594,135.47000122070312,133.33999633789062,134.83999633789062,132.1962432861328,94264200
2021/4/20,135.02000427246094,135.52999877929688,131.80999755859375,133.11000061035156,130.5001983642578,94812300
2021/4/21,132.36000061035156,133.75,131.3000030517578,133.5,130.88253784179688,68847100
2021/4/22,133.0399932861328,134.14999389648438,131.41000366210938,131.94000244140625,129.35317993164062,84566500
2021/4/23,132.16000366210938,135.1199951171875,132.16000366210938,134.32000732421875,131.68650817871094,78657500
2021/4/26,134.8300018310547,135.05999755859375,133.55999755859375,134.72000122070312,132.07861328125,66905100
2021/4/27,135.00999450683594,135.41000366210938,134.11000061035156,134.38999938964844,131.75509643554688,66015800
2021/4/28,134.30999755859375,135.02000427246094,133.0800018310547,133.5800018310547,130.9609832763672,107760100
2021/4/29,136.47000122070312,137.07000732421875,132.4499969482422,133.47999572753906,130.86293029785156,151101000
2021/4/30,131.77999877929688,133.55999755859375,131.07000732421875,131.4600067138672,128.882568359375,109839500
2021/5/3,132.0399932861328,134.07000732421875,131.8300018310547,132.5399932861328,129.94137573242188,75135100
2021/5/4,131.19000244140625,131.49000549316406,126.69999694824219,127.8499984741211,125.34332275390625,137564700
2021/5/5,129.1999969482422,130.4499969482422,127.97000122070312,128.10000610351562,125.58843994140625,84000900
2021/5/6,127.88999938964844,129.75,127.12999725341797,129.74000549316406,127.19627380371094,78128300
2021/5/7,130.85000610351562,131.25999450683594,129.47999572753906,130.2100067138672,127.87388610839844,78973300
2021/5/10,129.41000366210938,129.5399932861328,126.80999755859375,126.8499984741211,124.57415771484375,88071200
2021/5/11,123.5,126.2699966430664,122.7699966430664,125.91000366210938,123.65105438232422,126142800
2021/5/12,123.4000015258789,124.63999938964844,122.25,122.7699966430664,120.56737518310547,112172300
2021/5/13,124.58000183105469,126.1500015258789,124.26000213623047,124.97000122070312,122.72791290283203,105861300
2021/5/14,126.25,127.88999938964844,125.8499984741211,127.44999694824219,125.16340637207031,81918000
2021/5/17,126.81999969482422,126.93000030517578,125.16999816894531,126.2699966430664,124.00457000732422,74244600
2021/5/18,126.55999755859375,126.98999786376953,124.77999877929688,124.8499984741211,122.61004638671875,63342900
2021/5/19,123.16000366210938,124.91999816894531,122.86000061035156,124.69000244140625,122.45294189453125,92612000
2021/5/20,125.2300033569336,127.72000122070312,125.0999984741211,127.30999755859375,125.02590942382812,76857100
2021/5/21,127.81999969482422,128,125.20999908447266,125.43000030517578,123.17964935302734,79295400
2021/5/24,126.01000213623047,127.94000244140625,125.94000244140625,127.0999984741211,124.81968688964844,63092900
2021/5/25,127.81999969482422,128.32000732421875,126.31999969482422,126.9000015258789,124.62328338623047,72009500
2021/5/26,126.95999908447266,127.38999938964844,126.41999816894531,126.8499984741211,124.57415771484375,56575900
2021/5/27,126.44000244140625,127.63999938964844,125.08000183105469,125.27999877929688,123.0323486328125,94625600
2021/5/28,125.56999969482422,125.80000305175781,124.55000305175781,124.61000061035156,122.37435913085938,71311100
2021/6/1,125.08000183105469,125.3499984741211,123.94000244140625,124.27999877929688,122.05027770996094,67637100
2021/6/2,124.27999877929688,125.23999786376953,124.05000305175781,125.05999755859375,122.8162841796875,59278900
2021/6/3,124.68000030517578,124.8499984741211,123.12999725341797,123.54000091552734,121.32355499267578,76229200
2021/6/4,124.06999969482422,126.16000366210938,123.8499984741211,125.88999938964844,123.63138580322266,75169300
2021/6/7,126.16999816894531,126.31999969482422,124.83000183105469,125.9000015258789,123.64122009277344,71057600
2021/6/8,126.5999984741211,128.4600067138672,126.20999908447266,126.73999786376953,124.46614074707031,74403800
2021/6/9,127.20999908447266,127.75,126.5199966430664,127.12999725341797,124.84913635253906,56877900
2021/6/10,127.0199966430664,128.19000244140625,125.94000244140625,126.11000061035156,123.84745025634766,71186400
2021/6/11,126.52999877929688,127.44000244140625,126.0999984741211,127.3499984741211,125.06519317626953,53522400
2021/6/14,127.81999969482422,130.5399932861328,127.06999969482422,130.47999572753906,128.13902282714844,96906500
2021/6/15,129.94000244140625,130.60000610351562,129.38999938964844,129.63999938964844,127.3141098022461,62746300
2021/6/16,130.3699951171875,130.88999938964844,128.4600067138672,130.14999389648438,127.81497192382812,91815000
2021/6/17,129.8000030517578,132.5500030517578,129.64999389648438,131.7899932861328,129.42552185058594,96721700
2021/6/18,130.7100067138672,131.50999450683594,130.24000549316406,130.4600067138672,128.11941528320312,108953300
2021/6/21,130.3000030517578,132.41000366210938,129.2100067138672,132.3000030517578,129.9263916015625,79663300
2021/6/22,132.1300048828125,134.0800018310547,131.6199951171875,133.97999572753906,131.57623291015625,74783600
2021/6/23,133.77000427246094,134.32000732421875,133.22999572753906,133.6999969482422,131.30125427246094,60214200
2021/6/24,134.4499969482422,134.63999938964844,132.92999267578125,133.41000366210938,131.0164794921875,68711000
2021/6/25,133.4600067138672,133.88999938964844,132.80999755859375,133.11000061035156,130.72186279296875,70783700
2021/6/28,133.41000366210938,135.25,133.35000610351562,134.77999877929688,132.36190795898438,62111300
2021/6/29,134.8000030517578,136.49000549316406,134.35000610351562,136.3300018310547,133.88409423828125,64556100
2021/6/30,136.1699981689453,137.41000366210938,135.8699951171875,136.9600067138672,134.50279235839844,63261400
2021/7/1,136.60000610351562,137.3300018310547,135.75999450683594,137.27000427246094,134.80722045898438,52485800
2021/7/2,137.89999389648438,140,137.75,139.9600067138672,137.44898986816406,78852600
2021/7/6,140.07000732421875,143.14999389648438,140.07000732421875,142.02000427246094,139.47201538085938,108181800
2021/7/7,143.5399932861328,144.88999938964844,142.66000366210938,144.57000732421875,141.97625732421875,104911600
2021/7/8,141.5800018310547,144.05999755859375,140.6699981689453,143.24000549316406,140.670166015625,105575500
2021/7/9,142.75,145.64999389648438,142.64999389648438,145.11000061035156,142.50657653808594,99890800
2021/7/12,146.2100067138672,146.32000732421875,144,144.5,141.90750122070312,76299700
2021/7/13,144.02999877929688,147.4600067138672,143.6300048828125,145.63999938964844,143.0270538330078,100827100
2021/7/14,148.10000610351562,149.57000732421875,147.67999267578125,149.14999389648438,146.47409057617188,127050800
2021/7/15,149.24000549316406,150,147.08999633789062,148.47999572753906,145.8161163330078,106820300
2021/7/16,148.4600067138672,149.75999450683594,145.8800048828125,146.38999938964844,143.7635955810547,93251400
2021/7/19,143.75,144.07000732421875,141.6699981689453,142.4499969482422,139.894287109375,121434600
2021/7/20,143.4600067138672,147.10000610351562,142.9600067138672,146.14999389648438,143.52789306640625,96350000
2021/7/21,145.52999877929688,146.1300048828125,144.6300048828125,145.39999389648438,142.79135131835938,74993500
2021/7/22,145.94000244140625,148.1999969482422,145.80999755859375,146.8000030517578,144.16624450683594,77338200
2021/7/23,147.5500030517578,148.72000122070312,146.9199981689453,148.55999755859375,145.8946990966797,71447400
2021/7/26,148.27000427246094,149.8300018310547,147.6999969482422,148.99000549316406,146.31695556640625,72434100
2021/7/27,149.1199951171875,149.2100067138672,145.5500030517578,146.77000427246094,144.1367645263672,104818600
2021/7/28,144.80999755859375,146.97000122070312,142.5399932861328,144.97999572753906,142.37889099121094,118931200
2021/7/29,144.69000244140625,146.5500030517578,144.5800018310547,145.63999938964844,143.0270538330078,56699500
2021/7/30,144.3800048828125,146.3300018310547,144.11000061035156,145.86000061035156,143.24310302734375,70440600
2021/8/2,146.36000061035156,146.9499969482422,145.25,145.52000427246094,142.9092254638672,62880000
2021/8/3,145.80999755859375,148.0399932861328,145.17999267578125,147.36000061035156,144.71620178222656,64786600
2021/8/4,147.27000427246094,147.7899932861328,146.27999877929688,146.9499969482422,144.3135528564453,56368300
2021/8/5,146.97999572753906,147.83999633789062,146.1699981689453,147.05999755859375,144.4215850830078,46397700
2021/8/6,146.35000610351562,147.11000061035156,145.6300048828125,146.13999938964844,143.7331085205078,54126800
2021/8/9,146.1999969482422,146.6999969482422,145.52000427246094,146.08999633789062,143.68394470214844,48908700
2021/8/10,146.44000244140625,147.7100067138672,145.3000030517578,145.60000610351562,143.2020263671875,69023100
2021/8/11,146.0500030517578,146.72000122070312,145.52999877929688,145.86000061035156,143.4577178955078,48493500
2021/8/12,146.19000244140625,149.0500030517578,145.83999633789062,148.88999938964844,146.43783569335938,72282600
2021/8/13,148.97000122070312,149.44000244140625,148.27000427246094,149.10000610351562,146.64437866210938,59375000
2021/8/16,148.5399932861328,151.19000244140625,146.47000122070312,151.1199951171875,148.63108825683594,103296000
2021/8/17,150.22999572753906,151.67999267578125,149.08999633789062,150.19000244140625,147.71641540527344,92229700
2021/8/18,149.8000030517578,150.72000122070312,146.14999389648438,146.36000061035156,143.949462890625,86326000
2021/8/19,145.02999877929688,148,144.5,146.6999969482422,144.28387451171875,86960300
2021/8/20,147.44000244140625,148.5,146.77999877929688,148.19000244140625,145.74935913085938,60549600
2021/8/23,148.30999755859375,150.19000244140625,147.88999938964844,149.7100067138672,147.24432373046875,60131800
2021/8/24,149.4499969482422,150.86000061035156,149.14999389648438,149.6199951171875,147.15582275390625,48606400
2021/8/25,149.80999755859375,150.32000732421875,147.8000030517578,148.36000061035156,145.9165496826172,58991300
2021/8/26,148.35000610351562,149.1199951171875,147.50999450683594,147.5399932861328,145.1100616455078,48597200
2021/8/27,147.47999572753906,148.75,146.8300018310547,148.60000610351562,146.152587890625,55802400
2021/8/30,149,153.49000549316406,148.61000061035156,153.1199951171875,150.59814453125,90956700
2021/8/31,152.66000366210938,152.8000030517578,151.2899932861328,151.8300018310547,149.3293914794922,86453100
2021/9/1,152.8300018310547,154.97999572753906,152.33999633789062,152.50999450683594,149.9982147216797,80313700
2021/9/2,153.8699951171875,154.72000122070312,152.39999389648438,153.64999389648438,151.11941528320312,71115500
2021/9/3,153.75999450683594,154.6300048828125,153.08999633789062,154.3000030517578,151.7587127685547,57808700
2021/9/7,154.97000122070312,157.25999450683594,154.38999938964844,156.69000244140625,154.109375,82278300
2021/9/8,156.97999572753906,157.0399932861328,153.97999572753906,155.11000061035156,152.55540466308594,74420200
2021/9/9,155.49000549316406,156.11000061035156,153.9499969482422,154.07000732421875,151.53250122070312,57305700
2021/9/10,155,155.47999572753906,148.6999969482422,148.97000122070312,146.51651000976562,140893200
2021/9/13,150.6300048828125,151.4199981689453,148.75,149.5500030517578,147.08694458007812,102404300
2021/9/14,150.35000610351562,151.07000732421875,146.91000366210938,148.1199951171875,145.6804962158203,109296300
2021/9/15,148.55999755859375,149.44000244140625,146.3699951171875,149.02999877929688,146.57550048828125,83281300
2021/9/16,148.44000244140625,148.97000122070312,147.22000122070312,148.7899932861328,146.33946228027344,68034100
2021/9/17,148.82000732421875,148.82000732421875,145.75999450683594,146.05999755859375,143.6544647216797,129868800
2021/9/20,143.8000030517578,144.83999633789062,141.27000427246094,142.94000244140625,140.58584594726562,123478900
2021/9/21,143.92999267578125,144.60000610351562,142.77999877929688,143.42999267578125,141.06773376464844,75834000
2021/9/22,144.4499969482422,146.42999267578125,143.6999969482422,145.85000610351562,143.44789123535156,76404300
2021/9/23,146.64999389648438,147.0800018310547,145.63999938964844,146.8300018310547,144.41177368164062,64838200
2021/9/24,145.66000366210938,147.47000122070312,145.55999755859375,146.9199981689453,144.50027465820312,53477900
2021/9/27,145.47000122070312,145.9600067138672,143.82000732421875,145.3699951171875,142.97576904296875,74150700
2021/9/28,143.25,144.75,141.69000244140625,141.91000366210938,139.57276916503906,108972300
2021/9/29,142.47000122070312,144.4499969482422,142.02999877929688,142.8300018310547,140.47763061523438,74602000
2021/9/30,143.66000366210938,144.3800048828125,141.27999877929688,141.5,139.16954040527344,89056700
2021/10/1,141.89999389648438,142.9199981689453,139.11000061035156,142.64999389648438,140.3005828857422,94639600
2021/10/4,141.75999450683594,142.2100067138672,138.27000427246094,139.13999938964844,136.84840393066406,98322000
2021/10/5,139.49000549316406,142.24000549316406,139.36000061035156,141.11000061035156,138.78598022460938,80861100
2021/10/6,139.47000122070312,142.14999389648438,138.3699951171875,142,139.66128540039062,83221100
2021/10/7,143.05999755859375,144.22000122070312,142.72000122070312,143.2899932861328,140.9300537109375,61732700
2021/10/8,144.02999877929688,144.17999267578125,142.55999755859375,142.89999389648438,140.5464630126953,58773200
2021/10/11,142.27000427246094,144.80999755859375,141.80999755859375,142.80999755859375,140.45797729492188,64452200
2021/10/12,143.22999572753906,143.25,141.0399932861328,141.50999450683594,139.1793670654297,73035900
2021/10/13,141.24000549316406,141.39999389648438,139.1999969482422,140.91000366210938,138.5892791748047,78762700
2021/10/14,142.11000061035156,143.8800048828125,141.50999450683594,143.75999450683594,141.39230346679688,69907100
2021/10/15,143.77000427246094,144.89999389648438,143.50999450683594,144.83999633789062,142.4545135498047,67940300
2021/10/18,143.4499969482422,146.83999633789062,143.16000366210938,146.5500030517578,144.13633728027344,85589200
2021/10/19,147.00999450683594,149.1699981689453,146.5500030517578,148.75999450683594,146.30996704101562,76378900
2021/10/20,148.6999969482422,149.75,148.1199951171875,149.25999450683594,146.80172729492188,58418800
2021/10/21,148.80999755859375,149.63999938964844,147.8699951171875,149.47999572753906,147.01809692382812,61421000
2021/10/22,149.69000244140625,150.17999267578125,148.63999938964844,148.69000244140625,146.24111938476562,58883400
2021/10/25,148.67999267578125,149.3699951171875,147.6199951171875,148.63999938964844,146.19195556640625,50720600
2021/10/26,149.3300018310547,150.83999633789062,149.00999450683594,149.32000732421875,146.86074829101562,60893400
2021/10/27,149.36000061035156,149.72999572753906,148.49000549316406,148.85000610351562,146.3984832763672,56094900
2021/10/28,149.82000732421875,153.1699981689453,149.72000122070312,152.57000732421875,150.05723571777344,100077900
2021/10/29,147.22000122070312,149.94000244140625,146.41000366210938,149.8000030517578,147.33282470703125,124953200
2021/11/1,148.99000549316406,149.6999969482422,147.8000030517578,148.9600067138672,146.50668334960938,74588300
2021/11/2,148.66000366210938,151.57000732421875,148.64999389648438,150.02000427246094,147.54920959472656,69122000
2021/11/3,150.38999938964844,151.97000122070312,149.82000732421875,151.49000549316406,148.99501037597656,54511500
2021/11/4,151.5800018310547,152.42999267578125,150.63999938964844,150.9600067138672,148.47377014160156,60394600
2021/11/5,151.88999938964844,152.1999969482422,150.05999755859375,151.27999877929688,149.00558471679688,65463900
2021/11/8,151.41000366210938,151.57000732421875,150.16000366210938,150.44000244140625,148.17823791503906,55020900
2021/11/9,150.1999969482422,151.42999267578125,150.05999755859375,150.80999755859375,148.54269409179688,56787900
2021/11/10,150.02000427246094,150.1300048828125,147.85000610351562,147.9199981689453,145.6961212158203,65187100
2021/11/11,148.9600067138672,149.42999267578125,147.67999267578125,147.8699951171875,145.64686584472656,41000000
2021/11/12,148.42999267578125,150.39999389648438,147.47999572753906,149.99000549316406,147.73501586914062,63804000
2021/11/15,150.3699951171875,151.8800048828125,149.42999267578125,150,147.74485778808594,59222800
2021/11/16,149.94000244140625,151.49000549316406,149.33999633789062,151,148.7298126220703,59256200
2021/11/17,151,155,150.99000549316406,153.49000549316406,151.18240356445312,88807000
2021/11/18,153.7100067138672,158.6699981689453,153.0500030517578,157.8699951171875,155.4965362548828,137827700
2021/11/19,157.64999389648438,161.02000427246094,156.52999877929688,160.5500030517578,158.13623046875,117305600
2021/11/22,161.67999267578125,165.6999969482422,161,161.02000427246094,158.59918212890625,117467900
2021/11/23,161.1199951171875,161.8000030517578,159.05999755859375,161.41000366210938,158.9833221435547,96041900
2021/11/24,160.75,162.13999938964844,159.63999938964844,161.94000244140625,159.50535583496094,69463600
2021/11/26,159.57000732421875,160.4499969482422,156.36000061035156,156.80999755859375,154.45248413085938,76959800
2021/11/29,159.3699951171875,161.19000244140625,158.7899932861328,160.24000549316406,157.83090209960938,88748200
2021/11/30,159.99000549316406,165.52000427246094,159.9199981689453,165.3000030517578,162.81484985351562,174048100
2021/12/1,167.47999572753906,170.3000030517578,164.52999877929688,164.77000427246094,162.2928009033203,152052500
2021/12/2,158.74000549316406,164.1999969482422,157.8000030517578,163.75999450683594,161.29800415039062,136739200
2021/12/3,164.02000427246094,164.9600067138672,159.72000122070312,161.83999633789062,159.4068603515625,118023100
2021/12/6,164.2899932861328,167.8800048828125,164.27999877929688,165.32000732421875,162.83453369140625,107497000
2021/12/7,169.0800018310547,171.5800018310547,168.33999633789062,171.17999267578125,168.60641479492188,120405400
2021/12/8,172.1300048828125,175.9600067138672,170.6999969482422,175.0800018310547,172.44781494140625,116998900
2021/12/9,174.91000366210938,176.75,173.9199981689453,174.55999755859375,171.9356231689453,108923700
2021/12/10,175.2100067138672,179.6300048828125,174.69000244140625,179.4499969482422,176.75210571289062,115402700
2021/12/13,181.1199951171875,182.1300048828125,175.52999877929688,175.74000549316406,173.097900390625,153237000
2021/12/14,175.25,177.74000549316406,172.2100067138672,174.3300018310547,171.70909118652344,139380400
2021/12/15,175.11000061035156,179.5,172.30999755859375,179.3000030517578,176.6043701171875,131063300
2021/12/16,179.27999877929688,181.13999938964844,170.75,172.25999450683594,169.670166015625,150185800
2021/12/17,169.92999267578125,173.47000122070312,169.69000244140625,171.13999938964844,168.56703186035156,195432700
2021/12/20,168.27999877929688,170.5800018310547,167.4600067138672,169.75,167.1979522705078,107499100
2021/12/21,171.55999755859375,173.1999969482422,169.1199951171875,172.99000549316406,170.38922119140625,91185900
2021/12/22,173.0399932861328,175.86000061035156,172.14999389648438,175.63999938964844,172.99940490722656,92135300
2021/12/23,175.85000610351562,176.85000610351562,175.27000427246094,176.27999877929688,173.62973022460938,68356600
2021/12/27,177.08999633789062,180.4199981689453,177.07000732421875,180.3300018310547,177.61886596679688,74919600
2021/12/28,180.16000366210938,181.3300018310547,178.52999877929688,179.2899932861328,176.594482421875,79144300
2021/12/29,179.3300018310547,180.6300048828125,178.13999938964844,179.3800048828125,176.6831512451172,62348900
2021/12/30,179.47000122070312,180.57000732421875,178.08999633789062,178.1999969482422,175.5208740234375,59773000
2021/12/31,178.08999633789062,179.22999572753906,177.25999450683594,177.57000732421875,174.9003906,64062300
2022/1/3,177.8300018310547,182.8800048828125,177.7100067138672,182.00999450683594,179.2736053466797,104487900
2022/1/4,182.6300048828125,182.94000244140625,179.1199951171875,179.6999969482422,176.99832153320312,99310400
2022/1/5,179.61000061035156,180.1699981689453,174.63999938964844,174.9199981689453,172.2902069091797,94537600
2022/1/6,172.6999969482422,175.3000030517578,171.63999938964844,172,169.41409301757812,96904000
2022/1/7,172.88999938964844,174.13999938964844,171.02999877929688,172.1699981689453,169.58157348632812,86709100
2022/1/10,169.0800018310547,172.5,168.1699981689453,172.19000244140625,169.6012420654297,106765600
2022/1/11,172.32000732421875,175.17999267578125,170.82000732421875,175.0800018310547,172.44781494140625,76138300
2022/1/12,176.1199951171875,177.17999267578125,174.82000732421875,175.52999877929688,172.89102172851562,74805200
2022/1/13,175.77999877929688,176.6199951171875,171.7899932861328,172.19000244140625,169.6012420654297,84505800
2022/1/14,171.33999633789062,173.77999877929688,171.08999633789062,173.07000732421875,170.468017578125,80440800
2022/1/18,171.50999450683594,172.5399932861328,169.41000366210938,169.8000030517578,167.2471923828125,90956700
2022/1/19,170,171.0800018310547,165.94000244140625,166.22999572753906,163.73085021972656,94815000
2022/1/20,166.97999572753906,169.67999267578125,164.17999267578125,164.50999450683594,162.03672790527344,91420500
2022/1/21,164.4199981689453,166.3300018310547,162.3000030517578,162.41000366210938,159.96827697753906,122848900
2022/1/24,160.02000427246094,162.3000030517578,154.6999969482422,161.6199951171875,159.19015502929688,162294600
2022/1/25,158.97999572753906,162.75999450683594,157.02000427246094,159.77999877929688,157.3778076171875,115798400
2022/1/26,163.5,164.38999938964844,157.82000732421875,159.69000244140625,157.28919982910156,108275300
2022/1/27,162.4499969482422,163.83999633789062,158.27999877929688,159.22000122070312,156.82623291015625,121954600
2022/1/28,165.7100067138672,170.35000610351562,162.8000030517578,170.3300018310547,167.76922607421875,179935700
2022/1/31,170.16000366210938,175,169.50999450683594,174.77999877929688,172.15228271484375,115541600
2022/2/1,174.00999450683594,174.83999633789062,172.30999755859375,174.61000061035156,171.98486328125,86213900
2022/2/2,174.75,175.8800048828125,173.3300018310547,175.83999633789062,173.1963653564453,84914300
2022/2/3,174.47999572753906,176.24000549316406,172.1199951171875,172.89999389648438,170.30056762695312,89418100
2022/2/4,171.67999267578125,174.10000610351562,170.67999267578125,172.38999938964844,170.0145721435547,82465400
2022/2/7,172.86000061035156,173.9499969482422,170.9499969482422,171.66000366210938,169.29464721679688,77251200
2022/2/8,171.72999572753906,175.35000610351562,171.42999267578125,174.8300018310547,172.4209442138672,74829200
2022/2/9,176.0500030517578,176.64999389648438,174.89999389648438,176.27999877929688,173.8509979248047,71285000
2022/2/10,174.13999938964844,175.47999572753906,171.5500030517578,172.1199951171875,169.74827575683594,90865900
2022/2/11,172.3300018310547,173.0800018310547,168.0399932861328,168.63999938964844,166.31626892089844,98670700
2022/2/14,167.3699951171875,169.5800018310547,166.55999755859375,168.8800048828125,166.55294799804688,86185500
2022/2/15,170.97000122070312,172.9499969482422,170.25,172.7899932861328,170.4090576171875,62527400
2022/2/16,171.85000610351562,173.33999633789062,170.0500030517578,172.5500030517578,170.17236328125,61177400
2022/2/17,171.02999877929688,171.91000366210938,168.47000122070312,168.8800048828125,166.55294799804688,69589300
2022/2/18,169.82000732421875,170.5399932861328,166.19000244140625,167.3000030517578,164.99468994140625,82772700
2022/2/22,164.97999572753906,166.69000244140625,162.14999389648438,164.32000732421875,162.0557861328125,91162800
2022/2/23,165.5399932861328,166.14999389648438,159.75,160.07000732421875,157.8643341064453,90009200
2022/2/24,152.5800018310547,162.85000610351562,152,162.74000549316406,160.49754333496094,141147500
2022/2/25,163.83999633789062,165.1199951171875,160.8699951171875,164.85000610351562,162.57847595214844,91974200
2022/2/28,163.05999755859375,165.4199981689453,162.42999267578125,165.1199951171875,162.84474182128906,95056600
2022/3/1,164.6999969482422,166.60000610351562,161.97000122070312,163.1999969482422,160.95120239257812,83474400
2022/3/2,164.38999938964844,167.36000061035156,162.9499969482422,166.55999755859375,164.264892578125,79724800
2022/3/3,168.47000122070312,168.91000366210938,165.5500030517578,166.22999572753906,163.93942260742188,76678400
2022/3/4,164.49000549316406,165.5500030517578,162.10000610351562,163.1699981689453,160.92161560058594,83737200
2022/3/7,163.36000061035156,165.02000427246094,159.0399932861328,159.3000030517578,157.10494995117188,96418800
2022/3/8,158.82000732421875,162.8800048828125,155.8000030517578,157.44000244140625,155.2705841064453,131148300
2022/3/9,161.47999572753906,163.41000366210938,159.41000366210938,162.9499969482422,160.7046661376953,91454900
2022/3/10,160.1999969482422,160.38999938964844,155.97999572753906,158.52000427246094,156.335693359375,105342000
2022/3/11,158.92999267578125,159.27999877929688,154.5,154.72999572753906,152.59793090820312,96970100
2022/3/14,151.4499969482422,154.1199951171875,150.10000610351562,150.6199951171875,148.54454040527344,108732100
2022/3/15,150.89999389648438,155.57000732421875,150.3800048828125,155.08999633789062,152.95294189453125,92964300
2022/3/16,157.0500030517578,160,154.4600067138672,159.58999633789062,157.39096069335938,102300200
2022/3/17,158.61000061035156,161,157.6300048828125,160.6199951171875,158.40676879882812,75615400
2022/3/18,160.50999450683594,164.47999572753906,159.75999450683594,163.97999572753906,161.720458984375,123511700
2022/3/21,163.50999450683594,166.35000610351562,163.00999450683594,165.3800048828125,163.10116577148438,95811400
2022/3/22,165.50999450683594,169.4199981689453,164.91000366210938,168.82000732421875,166.4937744140625,81532000
2022/3/23,167.99000549316406,172.63999938964844,167.64999389648438,170.2100067138672,167.86463928222656,98062700
2022/3/24,171.05999755859375,174.13999938964844,170.2100067138672,174.07000732421875,171.67140197753906,90131400
2022/3/25,173.8800048828125,175.27999877929688,172.75,174.72000122070312,172.3124542236328,80546200
2022/3/28,172.1699981689453,175.72999572753906,172,175.60000610351562,173.1803741455078,90371900
2022/3/29,176.69000244140625,179.00999450683594,176.33999633789062,178.9600067138672,176.49403381347656,100589400
2022/3/30,178.5500030517578,179.61000061035156,176.6999969482422,177.77000427246094,175.32046508789062,92633200
2022/3/31,177.83999633789062,178.02999877929688,174.39999389648438,174.61000061035156,172.2039794921875,103049300
2022/4/1,174.02999877929688,174.8800048828125,171.94000244140625,174.30999755859375,171.90811157226562,78751300
2022/4/4,174.57000732421875,178.49000549316406,174.44000244140625,178.44000244140625,175.98121643066406,76468400
2022/4/5,177.5,178.3000030517578,174.4199981689453,175.05999755859375,172.6477813720703,73401800
2022/4/6,172.36000061035156,173.6300048828125,170.1300048828125,171.8300018310547,169.4623260498047,89058800
2022/4/7,171.16000366210938,173.36000061035156,169.85000610351562,172.13999938964844,169.76803588867188,77594700
2022/4/8,171.77999877929688,171.77999877929688,169.1999969482422,170.08999633789062,167.7462615966797,76575500
2022/4/11,168.7100067138672,169.02999877929688,165.5,165.75,163.466064453125,72246700
2022/4/12,168.02000427246094,169.8699951171875,166.63999938964844,167.66000366210938,165.3497314453125,79265200
2022/4/13,167.38999938964844,171.0399932861328,166.77000427246094,170.39999389648438,168.052001953125,70618900
2022/4/14,170.6199951171875,171.27000427246094,165.0399932861328,165.2899932861328,163.0124053955078,75329400
2022/4/18,163.9199981689453,166.60000610351562,163.57000732421875,165.07000732421875,162.7954559326172,69023900
2022/4/19,165.02000427246094,167.82000732421875,163.91000366210938,167.39999389648438,165.0933074951172,67723800
2022/4/20,168.75999450683594,168.8800048828125,166.10000610351562,167.22999572753906,164.92564392089844,67929800
2022/4/21,168.91000366210938,171.52999877929688,165.91000366210938,166.4199981689453,164.12684631347656,87227800
2022/4/22,166.4600067138672,167.8699951171875,161.5,161.7899932861328,159.56065368652344,84882400
2022/4/25,161.1199951171875,163.1699981689453,158.4600067138672,162.8800048828125,160.63563537597656,96046400
2022/4/26,162.25,162.33999633789062,156.72000122070312,156.8000030517578,154.639404296875,95623200
2022/4/27,155.91000366210938,159.7899932861328,155.3800048828125,156.57000732421875,154.41256713867188,88063200
2022/4/28,159.25,164.52000427246094,158.92999267578125,163.63999938964844,161.38514709472656,130216800
2022/4/29,161.83999633789062,166.1999969482422,157.25,157.64999389648438,155.47769165039062,131747600
2022/5/2,156.7100067138672,158.22999572753906,153.27000427246094,157.9600067138672,155.78341674804688,123055300
2022/5/3,158.14999389648438,160.7100067138672,156.32000732421875,159.47999572753906,157.28244018554688,88966500
2022/5/4,159.6699981689453,166.47999572753906,159.25999450683594,166.02000427246094,163.73236083984375,108256500
2022/5/5,163.85000610351562,164.0800018310547,154.9499969482422,156.77000427246094,154.6098175048828,130525300
2022/5/6,156.00999450683594,159.44000244140625,154.17999267578125,157.27999877929688,155.34066772460938,116124600
2022/5/9,154.92999267578125,155.8300018310547,151.49000549316406,152.05999755859375,150.18505859375,131577900
2022/5/10,155.52000427246094,156.74000549316406,152.92999267578125,154.50999450683594,152.60482788085938,115366700
2022/5/11,153.5,155.4499969482422,145.80999755859375,146.5,144.69358825683594,142689800
2022/5/12,142.77000427246094,146.1999969482422,138.8000030517578,142.55999755859375,140.8021697998047,182602000
2022/5/13,144.58999633789062,148.10000610351562,143.11000061035156,147.11000061035156,145.2960968017578,113990900
2022/5/16,145.5500030517578,147.52000427246094,144.17999267578125,145.5399932861328,143.7454376220703,86643800
2022/5/17,148.86000061035156,149.77000427246094,146.67999267578125,149.24000549316406,147.3998260498047,78336300
2022/5/18,146.85000610351562,147.36000061035156,139.89999389648438,140.82000732421875,139.0836639404297,109742900
2022/5/19,139.8800048828125,141.66000366210938,136.60000610351562,137.35000610351562,135.65643310546875,136095600
2022/5/20,139.08999633789062,140.6999969482422,132.61000061035156,137.58999633789062,135.89346313476562,137426100
2022/5/23,137.7899932861328,143.25999450683594,137.64999389648438,143.11000061035156,141.34539794921875,117726300
2022/5/24,140.80999755859375,141.97000122070312,137.3300018310547,140.36000061035156,138.6293182373047,104132700
2022/5/25,138.42999267578125,141.7899932861328,138.33999633789062,140.52000427246094,138.78736877441406,92482700
2022/5/26,137.38999938964844,144.33999633789062,137.13999938964844,143.77999877929688,142.0071258544922,90601500
2022/5/27,145.38999938964844,149.67999267578125,145.25999450683594,149.63999938964844,147.7948760986328,90978500
2022/5/31,149.07000732421875,150.66000366210938,146.83999633789062,148.83999633789062,147.0047607421875,103718400
2022/6/1,149.89999389648438,151.74000549316406,147.67999267578125,148.7100067138672,146.8763427734375,74286600
2022/6/2,147.8300018310547,151.27000427246094,146.86000061035156,151.2100067138672,149.34555053710938,72348100
2022/6/3,146.89999389648438,147.97000122070312,144.4600067138672,145.3800048828125,143.58741760253906,88570300
2022/6/6,147.02999877929688,148.57000732421875,144.89999389648438,146.13999938964844,144.33802795410156,71598400
2022/6/7,144.35000610351562,149,144.10000610351562,148.7100067138672,146.8763427734375,67808200
2022/6/8,148.5800018310547,149.8699951171875,147.4600067138672,147.9600067138672,146.1356201171875,53950200
2022/6/9,147.0800018310547,147.9499969482422,142.52999877929688,142.63999938964844,140.88121032714844,69473000
2022/6/10,140.27999877929688,140.75999450683594,137.05999755859375,137.1300048828125,135.43914794921875,91437900
2022/6/13,132.8699951171875,135.1999969482422,131.44000244140625,131.8800048828125,130.2538604736328,122207100
2022/6/14,133.1300048828125,133.88999938964844,131.47999572753906,132.75999450683594,131.12303161621094,84784300
2022/6/15,134.2899932861328,137.33999633789062,132.16000366210938,135.42999267578125,133.76010131835938,91533000
2022/6/16,132.0800018310547,132.38999938964844,129.0399932861328,130.05999755859375,128.45631408691406,108123900
2022/6/17,130.07000732421875,133.0800018310547,129.80999755859375,131.55999755859375,129.93780517578125,134520300
2022/6/21,133.4199981689453,137.05999755859375,133.32000732421875,135.8699951171875,134.19467163085938,81000500
2022/6/22,134.7899932861328,137.75999450683594,133.91000366210938,135.35000610351562,133.6810760498047,73409200
2022/6/23,136.82000732421875,138.58999633789062,135.6300048828125,138.27000427246094,136.56507873535156,72433800
2022/6/24,139.89999389648438,141.91000366210938,139.77000427246094,141.66000366210938,139.9132843017578,89116800
2022/6/27,142.6999969482422,143.49000549316406,140.97000122070312,141.66000366210938,139.9132843017578,70207900
2022/6/28,142.1300048828125,143.4199981689453,137.32000732421875,137.44000244140625,135.74530029296875,67083400
2022/6/29,137.4600067138672,140.6699981689453,136.6699981689453,139.22999572753906,137.5132293701172,66242400
2022/6/30,137.25,138.3699951171875,133.77000427246094,136.72000122070312,135.03419494628906,98964500
2022/7/1,136.0399932861328,139.0399932861328,135.66000366210938,138.92999267578125,137.21693420410156,71051600
2022/7/5,137.77000427246094,141.61000061035156,136.92999267578125,141.55999755859375,139.8145294189453,73353800
2022/7/6,141.35000610351562,144.1199951171875,141.0800018310547,142.9199981689453,141.15777587890625,74064300
2022/7/7,143.2899932861328,146.5500030517578,143.27999877929688,146.35000610351562,144.54544067382812,66253700
2022/7/8,145.25999450683594,147.5500030517578,145,147.0399932861328,145.2269287109375,64547800
2022/7/11,145.6699981689453,146.63999938964844,143.77999877929688,144.8699951171875,143.08370971679688,63141600
2022/7/12,145.75999450683594,148.4499969482422,145.0500030517578,145.86000061035156,144.06149291992188,77588800
2022/7/13,142.99000549316406,146.4499969482422,142.1199951171875,145.49000549316406,143.69606018066406,71185600
2022/7/14,144.0800018310547,148.9499969482422,143.25,148.47000122070312,146.63931274414062,78140700
2022/7/15,149.77999877929688,150.86000061035156,148.1999969482422,150.1699981689453,148.3183594,76259900
2022/7/18,150.74000549316406,151.57000732421875,146.6999969482422,147.07000732421875,145.25657653808594,81420900
2022/7/19,147.9199981689453,151.22999572753906,146.91000366210938,151,149.1381072998047,82982400
2022/7/20,151.1199951171875,153.72000122070312,150.3699951171875,153.0399932861328,151.1529541015625,64823400
2022/7/21,154.5,155.57000732421875,151.94000244140625,155.35000610351562,153.43447875976562,65086600
2022/7/22,155.38999938964844,156.27999877929688,153.41000366210938,154.08999633789062,152.1900177001953,66675400
2022/7/25,154.00999450683594,155.0399932861328,152.27999877929688,152.9499969482422,151.06407165527344,53623900
2022/7/26,152.25999450683594,153.08999633789062,150.8000030517578,151.60000610351562,149.730712890625,55138700
2022/7/27,152.5800018310547,157.3300018310547,152.16000366210938,156.7899932861328,154.85670471191406,78620700
2022/7/28,156.97999572753906,157.63999938964844,154.41000366210938,157.35000610351562,155.4098358154297,81378700
2022/7/29,161.24000549316406,163.6300048828125,159.5,162.50999450683594,160.5061798095703,101786900
2022/8/1,161.00999450683594,163.58999633789062,160.88999938964844,161.50999450683594,159.51853942871094,67829400
2022/8/2,160.10000610351562,162.41000366210938,159.6300048828125,160.00999450683594,158.03700256347656,59907000
2022/8/3,160.83999633789062,166.58999633789062,160.75,166.1300048828125,164.08154296875,82507500
2022/8/4,166.00999450683594,167.19000244140625,164.42999267578125,165.80999755859375,163.7655029296875,55474100
2022/8/5,163.2100067138672,165.85000610351562,163,165.35000610351562,163.5380401611328,56697000
2022/8/8,166.3699951171875,167.80999755859375,164.1999969482422,164.8699951171875,163.06329345703125,60276900
2022/8/9,164.02000427246094,165.82000732421875,163.25,164.9199981689453,163.1127471923828,63135500
2022/8/10,167.67999267578125,169.33999633789062,166.89999389648438,169.24000549316406,167.3853759765625,70170500
2022/8/11,170.05999755859375,170.99000549316406,168.19000244140625,168.49000549316406,166.6436309814453,57149200
2022/8/12,169.82000732421875,172.1699981689453,169.39999389648438,172.10000610351562,170.2140655517578,68039400
2022/8/15,171.52000427246094,173.38999938964844,171.35000610351562,173.19000244140625,171.29212951660156,54091700
2022/8/16,172.77999877929688,173.7100067138672,171.66000366210938,173.02999877929688,171.1338653564453,56377100
2022/8/17,172.77000427246094,176.14999389648438,172.57000732421875,174.5500030517578,172.63722229003906,79542000
2022/8/18,173.75,174.89999389648438,173.1199951171875,174.14999389648438,172.24159240722656,62290100
2022/8/19,173.02999877929688,173.74000549316406,171.30999755859375,171.52000427246094,169.64041137695312,70346300
2022/8/22,169.69000244140625,169.86000061035156,167.13999938964844,167.57000732421875,165.73370361328125,69026800
2022/8/23,167.0800018310547,168.7100067138672,166.64999389648438,167.22999572753906,165.3974151611328,54147100
2022/8/24,167.32000732421875,168.11000061035156,166.25,167.52999877929688,165.69415283203125,53841500
2022/8/25,168.77999877929688,170.13999938964844,168.35000610351562,170.02999877929688,168.166748046875,51218200
2022/8/26,170.57000732421875,171.0500030517578,163.55999755859375,163.6199951171875,161.82696533203125,78961000
2022/8/29,161.14999389648438,162.89999389648438,159.82000732421875,161.3800048828125,159.6115264892578,73314000
2022/8/30,162.1300048828125,162.55999755859375,157.72000122070312,158.91000366210938,157.16860961914062,77906200
2022/8/31,160.30999755859375,160.5800018310547,157.13999938964844,157.22000122070312,155.49710083007812,87991100
2022/9/1,156.63999938964844,158.4199981689453,154.6699981689453,157.9600067138672,156.22901916503906,74229900
2022/9/2,159.75,160.36000061035156,154.97000122070312,155.80999755859375,154.10256958007812,76957800
2022/9/6,156.47000122070312,157.08999633789062,153.69000244140625,154.52999877929688,152.8365936279297,73714800
2022/9/7,154.82000732421875,156.6699981689453,153.61000061035156,155.9600067138672,154.2509307861328,87449600
2022/9/8,154.63999938964844,156.36000061035156,152.67999267578125,154.4600067138672,152.76736450195312,84923800
2022/9/9,155.47000122070312,157.82000732421875,154.75,157.3699951171875,155.64547729492188,68028800
2022/9/12,159.58999633789062,164.25999450683594,159.3000030517578,163.42999267578125,161.63906860351562,104956000
2022/9/13,159.89999389648438,160.5399932861328,153.3699951171875,153.83999633789062,152.15415954589844,122656600
2022/9/14,154.7899932861328,157.10000610351562,153.61000061035156,155.30999755859375,153.60804748535156,87965400
2022/9/15,154.64999389648438,155.24000549316406,151.3800048828125,152.3699951171875,150.7002716064453,90481100
2022/9/16,151.2100067138672,151.35000610351562,148.3699951171875,150.6999969482422,149.048583984375,162278800
2022/9/19,149.30999755859375,154.55999755859375,149.10000610351562,154.47999572753906,152.78712463378906,81474200
2022/9/20,153.39999389648438,158.0800018310547,153.0800018310547,156.89999389648438,155.18060302734375,107689800
2022/9/21,157.33999633789062,158.74000549316406,153.60000610351562,153.72000122070312,152.03546142578125,101696800
2022/9/22,152.3800048828125,154.47000122070312,150.91000366210938,152.74000549316406,151.06622314453125,86652500
2022/9/23,151.19000244140625,151.47000122070312,148.55999755859375,150.42999267578125,148.78152465820312,96029900
2022/9/26,149.66000366210938,153.77000427246094,149.63999938964844,150.77000427246094,149.11781311035156,93339400
2022/9/27,152.74000549316406,154.72000122070312,149.9499969482422,151.75999450683594,150.09693908691406,84442700
2022/9/28,147.63999938964844,150.63999938964844,144.83999633789062,149.83999633789062,148.19798278808594,146691400
2022/9/29,146.10000610351562,146.72000122070312,140.67999267578125,142.47999572753906,140.9186553955078,128138200
2022/9/30,141.27999877929688,143.10000610351562,138,138.1999969482422,136.68553161621094,124925300
2022/10/3,138.2100067138672,143.07000732421875,137.69000244140625,142.4499969482422,140.88897705078125,114311700
2022/10/4,145.02999877929688,146.22000122070312,144.25999450683594,146.10000610351562,144.49899291992188,87830100
2022/10/5,144.07000732421875,147.3800048828125,143.00999450683594,146.39999389648438,144.79566955566406,79471000
2022/10/6,145.80999755859375,147.5399932861328,145.22000122070312,145.42999267578125,143.83631896972656,68402200
2022/10/7,142.5399932861328,143.10000610351562,139.4499969482422,140.08999633789062,138.55482482910156,85925600
2022/10/10,140.4199981689453,141.88999938964844,138.57000732421875,140.4199981689453,138.88121032714844,74899000
2022/10/11,139.89999389648438,141.35000610351562,138.22000122070312,138.97999572753906,137.4569854736328,77033700
2022/10/12,139.1300048828125,140.36000061035156,138.16000366210938,138.33999633789062,136.82400512695312,70433700
2022/10/13,134.99000549316406,143.58999633789062,134.3699951171875,142.99000549316406,141.4230499267578,113224000
2022/10/14,144.30999755859375,144.52000427246094,138.19000244140625,138.3800048828125,136.86358642578125,88598000
2022/10/17,141.07000732421875,142.89999389648438,140.27000427246094,142.41000366210938,140.8494110107422,85250900
2022/10/18,145.49000549316406,146.6999969482422,140.61000061035156,143.75,142.17471313476562,99136600
2022/10/19,141.69000244140625,144.9499969482422,141.5,143.86000061035156,142.28350830078125,61758300
2022/10/20,143.02000427246094,145.88999938964844,142.64999389648438,143.38999938964844,141.8186798095703,64522000
2022/10/21,142.8699951171875,147.85000610351562,142.64999389648438,147.27000427246094,145.65614318847656,86548600
2022/10/24,147.19000244140625,150.22999572753906,146,149.4499969482422,147.81224060058594,75981900
2022/10/25,150.08999633789062,152.49000549316406,149.36000061035156,152.33999633789062,150.6705780029297,74732300
2022/10/26,150.9600067138672,151.99000549316406,148.0399932861328,149.35000610351562,147.71336364746094,88194300
2022/10/27,148.07000732421875,149.0500030517578,144.1300048828125,144.8000030517578,143.21324157714844,109180200
2022/10/28,148.1999969482422,157.5,147.82000732421875,155.74000549316406,154.03334045410156,164762400
2022/10/31,153.16000366210938,154.24000549316406,151.9199981689453,153.33999633789062,151.65963745117188,97943200
2022/11/1,155.0800018310547,155.4499969482422,149.1300048828125,150.64999389648438,148.99911499023438,80379300
2022/11/2,148.9499969482422,152.1699981689453,145,145.02999877929688,143.4407196044922,93604600
2022/11/3,142.05999755859375,142.8000030517578,138.75,138.8800048828125,137.35809326171875,97918500
2022/11/4,142.08999633789062,142.6699981689453,134.3800048828125,138.3800048828125,137.09060668945312,140814800
2022/11/7,137.11000061035156,139.14999389648438,135.6699981689453,138.9199981689453,137.62557983398438,83374600
2022/11/8,140.41000366210938,141.42999267578125,137.49000549316406,139.5,138.20016479492188,89908500
2022/11/9,138.5,138.5500030517578,134.58999633789062,134.8699951171875,133.6133270263672,74917800
2022/11/10,141.24000549316406,146.8699951171875,139.5,146.8699951171875,145.50149536132812,118854000
2022/11/11,145.82000732421875,150.00999450683594,144.3699951171875,149.6999969482422,148.30514526367188,93979700
2022/11/14,148.97000122070312,150.27999877929688,147.42999267578125,148.27999877929688,146.89833068847656,73374100
2022/11/15,152.22000122070312,153.58999633789062,148.55999755859375,150.0399932861328,148.6419677734375,89868300
2022/11/16,149.1300048828125,149.8699951171875,147.2899932861328,148.7899932861328,147.40359497070312,64218300
2022/11/17,146.42999267578125,151.47999572753906,146.14999389648438,150.72000122070312,149.31564331054688,80389400
2022/11/18,152.30999755859375,152.6999969482422,149.97000122070312,151.2899932861328,149.88031005859375,74829600
2022/11/21,150.16000366210938,150.3699951171875,147.72000122070312,148.00999450683594,146.63088989257812,58724100
2022/11/22,148.1300048828125,150.4199981689453,146.92999267578125,150.17999267578125,148.7806396484375,51804100
2022/11/23,149.4499969482422,151.8300018310547,149.33999633789062,151.07000732421875,149.66238403320312,58301400
2022/11/25,148.30999755859375,148.8800048828125,147.1199951171875,148.11000061035156,146.72994995117188,35195900
2022/11/28,145.13999938964844,146.63999938964844,143.3800048828125,144.22000122070312,142.87619018554688,69246000
2022/11/29,144.2899932861328,144.80999755859375,140.35000610351562,141.1699981689453,139.85459899902344,83763800
2022/11/30,141.39999389648438,148.72000122070312,140.5500030517578,148.02999877929688,146.6506805419922,111380900
2022/12/1,148.2100067138672,149.1300048828125,146.61000061035156,148.30999755859375,146.9281005859375,71250400
2022/12/2,145.9600067138672,148,145.64999389648438,147.80999755859375,146.43275451660156,65447400
2022/12/5,147.77000427246094,150.9199981689453,145.77000427246094,146.6300048828125,145.2637481689453,68826400
2022/12/6,147.07000732421875,147.3000030517578,141.9199981689453,142.91000366210938,141.57839965820312,64727200
2022/12/7,142.19000244140625,143.3699951171875,140,140.94000244140625,139.6267547607422,69721100
2022/12/8,142.36000061035156,143.52000427246094,141.10000610351562,142.64999389648438,141.32081604003906,62128300
2022/12/9,142.33999633789062,145.57000732421875,140.89999389648438,142.16000366210938,140.83538818359375,76097000
2022/12/12,142.6999969482422,144.5,141.05999755859375,144.49000549316406,143.1436767578125,70462700
2022/12/13,149.5,149.97000122070312,144.24000549316406,145.47000122070312,144.1145477294922,93886200
2022/12/14,145.35000610351562,146.66000366210938,141.16000366210938,143.2100067138672,141.87559509277344,82291200
2022/12/15,141.11000061035156,141.8000030517578,136.02999877929688,136.5,135.22813415527344,98931900
2022/12/16,136.69000244140625,137.64999389648438,133.72999572753906,134.50999450683594,133.25668334960938,160156900
2022/12/19,135.11000061035156,135.1999969482422,131.32000732421875,132.3699951171875,131.13662719726562,79592600
2022/12/20,131.38999938964844,133.25,129.88999938964844,132.3000030517578,131.0672607421875,77432800
2022/12/21,132.97999572753906,136.80999755859375,132.75,135.4499969482422,134.18789672851562,85928000
2022/12/22,134.35000610351562,134.55999755859375,130.3000030517578,132.22999572753906,130.99789428710938,77852100
2022/12/23,130.9199981689453,132.4199981689453,129.63999938964844,131.86000061035156,130.63137817382812,63814900
2022/12/27,131.3800048828125,131.41000366210938,128.72000122070312,130.02999877929688,128.8184051513672,69007800
2022/12/28,129.6699981689453,131.02999877929688,125.87000274658203,126.04000091552734,124.8656005859375,85438400
2022/12/29,127.98999786376953,130.47999572753906,127.7300033569336,129.61000061035156,128.40231323242188,75703700
2022/12/30,128.41000366210938,129.9499969482422,127.43000030517578,129.92999267578125,128.71932983398438,77034200
2023/1/3,130.27999877929688,130.89999389648438,124.16999816894531,125.06999969482422,123.90463256835938,112117500
2023/1/4,126.88999938964844,128.66000366210938,125.08000183105469,126.36000061035156,125.18260955810547,89113600
2023/1/5,127.12999725341797,127.7699966430664,124.76000213623047,125.0199966430664,123.85509490966797,80962700
2023/1/6,126.01000213623047,130.2899932861328,124.88999938964844,129.6199951171875,128.41221618652344,87754700
2023/1/9,130.47000122070312,133.41000366210938,129.88999938964844,130.14999389648438,128.9373016357422,70790800
2023/1/10,130.25999450683594,131.25999450683594,128.1199951171875,130.72999572753906,129.5118865966797,63896200
2023/1/11,131.25,133.50999450683594,130.4600067138672,133.49000549316406,132.24620056152344,69458900
2023/1/12,133.8800048828125,134.25999450683594,131.44000244140625,133.41000366210938,132.1669158935547,71379600
2023/1/13,132.02999877929688,134.9199981689453,131.66000366210938,134.75999450683594,133.5043487548828,57809700
2023/1/17,134.8300018310547,137.2899932861328,134.1300048828125,135.94000244140625,134.67333984375,63646600
2023/1/18,136.82000732421875,138.61000061035156,135.02999877929688,135.2100067138672,133.9501495361328,69672800
2023/1/19,134.0800018310547,136.25,133.77000427246094,135.27000427246094,134.00958251953125,58280400
2023/1/20,135.27999877929688,138.02000427246094,134.22000122070312,137.8699951171875,136.5853729248047,80223600
2023/1/23,138.1199951171875,143.32000732421875,137.89999389648438,141.11000061035156,139.795166015625,81760300
2023/1/24,140.30999755859375,143.16000366210938,140.3000030517578,142.52999877929688,141.2019500732422,66435100
2023/1/25,140.88999938964844,142.42999267578125,138.80999755859375,141.86000061035156,140.53817749023438,65799300
2023/1/26,143.1699981689453,144.25,141.89999389648438,143.9600067138672,142.61862182617188,54105100
2023/1/27,143.16000366210938,147.22999572753906,143.0800018310547,145.92999267578125,144.57025146484375,70555800
2023/1/30,144.9600067138672,145.5500030517578,142.85000610351562,143,141.66757202148438,64015300
2023/1/31,142.6999969482422,144.33999633789062,142.27999877929688,144.2899932861328,142.94554138183594,65874500
2023/2/1,143.97000122070312,146.61000061035156,141.32000732421875,145.42999267578125,144.07492065429688,77663600
2023/2/2,148.89999389648438,151.17999267578125,148.1699981689453,150.82000732421875,149.41470336914062,118339000
2023/2/3,148.02999877929688,157.3800048828125,147.8300018310547,154.5,153.0603790283203,154357300
2023/2/6,152.57000732421875,153.10000610351562,150.77999877929688,151.72999572753906,150.31622314453125,69858300
2023/2/7,150.63999938964844,155.22999572753906,150.63999938964844,154.64999389648438,153.20899963378906,83322600
2023/2/8,153.8800048828125,154.5800018310547,151.1699981689453,151.9199981689453,150.50445556640625,64120100
2023/2/9,153.77999877929688,154.3300018310547,150.4199981689453,150.8699951171875,149.4642333984375,56007100
2023/2/10,149.4600067138672,151.33999633789062,149.22000122070312,151.00999450683594,149.8313446044922,57450700
2023/2/13,150.9499969482422,154.25999450683594,150.9199981689453,153.85000610351562,152.64920043945312,62199000
2023/2/14,152.1199951171875,153.77000427246094,150.86000061035156,153.1999969482422,152.00424194335938,61707600
2023/2/15,153.11000061035156,155.5,152.8800048828125,155.3300018310547,154.11761474609375,65573800
2023/2/16,153.50999450683594,156.3300018310547,153.35000610351562,153.7100067138672,152.51026916503906,68167900
2023/2/17,152.35000610351562,153,150.85000610351562,152.5500030517578,151.3593292236328,59144100
2023/2/21,150.1999969482422,151.3000030517578,148.41000366210938,148.47999572753906,147.3210906982422,58867200
2023/2/22,148.8699951171875,149.9499969482422,147.16000366210938,148.91000366210938,147.74774169921875,51011300
2023/2/23,150.08999633789062,150.33999633789062,147.24000549316406,149.39999389648438,148.23391723632812,48394200
2023/2/24,147.11000061035156,147.19000244140625,145.72000122070312,146.7100067138672,145.56492614746094,55469600
2023/2/27,147.7100067138672,149.1699981689453,147.4499969482422,147.9199981689453,146.76547241210938,44998500
2023/2/28,147.0500030517578,149.0800018310547,146.8300018310547,147.41000366210938,146.25942993164062,50547000
2023/3/1,146.8300018310547,147.22999572753906,145.00999450683594,145.30999755859375,144.1758270263672,55479000
2023/3/2,144.3800048828125,146.7100067138672,143.89999389648438,145.91000366210938,144.7711639404297,52238100
2023/3/3,148.0399932861328,151.11000061035156,147.3300018310547,151.02999877929688,149.8511962890625,70732300
2023/3/6,153.7899932861328,156.3000030517578,153.4600067138672,153.8300018310547,152.6293487548828,87558000
2023/3/7,153.6999969482422,154.02999877929688,151.1300048828125,151.60000610351562,150.41673278808594,56182000
2023/3/8,152.80999755859375,153.47000122070312,151.8300018310547,152.8699951171875,151.6768341064453,47204800
2023/3/9,153.55999755859375,154.5399932861328,150.22999572753906,150.58999633789062,149.4146270751953,53833600
2023/3/10,150.2100067138672,150.94000244140625,147.61000061035156,148.5,147.34092712402344,68572400
2023/3/13,147.80999755859375,153.13999938964844,147.6999969482422,150.47000122070312,149.29554748535156,84457100
2023/3/14,151.27999877929688,153.39999389648438,150.10000610351562,152.58999633789062,151.39901733398438,73695900
2023/3/15,151.19000244140625,153.25,149.9199981689453,152.99000549316406,151.79588317871094,77167900
2023/3/16,152.16000366210938,156.4600067138672,151.63999938964844,155.85000610351562,154.6335906982422,76161100
2023/3/17,156.0800018310547,156.74000549316406,154.27999877929688,155,153.79019165039062,98944600
2023/3/20,155.07000732421875,157.82000732421875,154.14999389648438,157.39999389648438,156.1714630126953,73641400
2023/3/21,157.32000732421875,159.39999389648438,156.5399932861328,159.27999877929688,158.0367889404297,73938300
2023/3/22,159.3000030517578,162.13999938964844,157.80999755859375,157.8300018310547,156.59812927246094,75701800
2023/3/23,158.8300018310547,161.5500030517578,157.67999267578125,158.92999267578125,157.68951416015625,67622100
2023/3/24,158.86000061035156,160.33999633789062,157.85000610351562,160.25,158.99923706054688,59196500
2023/3/27,159.94000244140625,160.77000427246094,157.8699951171875,158.27999877929688,157.0446014404297,52390300
2023/3/28,157.97000122070312,158.49000549316406,155.97999572753906,157.64999389648438,156.41949462890625,45992200
2023/3/29,159.3699951171875,161.0500030517578,159.35000610351562,160.77000427246094,159.51516723632812,51305700
2023/3/30,161.52999877929688,162.47000122070312,161.27000427246094,162.36000061035156,161.09275817871094,49501700
2023/3/31,162.44000244140625,165,161.91000366210938,164.89999389648438,163.61293029785156,68749800
2023/4/3,164.27000427246094,166.2899932861328,164.22000122070312,166.1699981689453,164.8730010986328,56976200
2023/4/4,166.60000610351562,166.83999633789062,165.11000061035156,165.6300048828125,164.3372344970703,46278300
2023/4/5,164.74000549316406,165.0500030517578,161.8000030517578,163.75999450683594,162.48182678222656,51511700
2023/4/6,162.42999267578125,164.9600067138672,162,164.66000366210938,163.37481689453125,45390100
2023/4/10,161.4199981689453,162.02999877929688,160.0800018310547,162.02999877929688,160.7653350830078,47716900
2023/4/11,162.35000610351562,162.36000061035156,160.50999450683594,160.8000030517578,159.54493713378906,47644200
2023/4/12,161.22000122070312,162.05999755859375,159.77999877929688,160.10000610351562,158.85040283203125,50133100
2023/4/13,161.6300048828125,165.8000030517578,161.4199981689453,165.55999755859375,164.26776123046875,68445600
2023/4/14,164.58999633789062,166.32000732421875,163.82000732421875,165.2100067138672,163.9205322265625,49386500
2023/4/17,165.08999633789062,165.38999938964844,164.02999877929688,165.22999572753906,163.9403533935547,41516200
2023/4/18,166.10000610351562,167.41000366210938,165.64999389648438,166.47000122070312,165.17068481445312,49923000
2023/4/19,165.8000030517578,168.16000366210938,165.5399932861328,167.6300048828125,166.32162475585938,47720200
2023/4/20,166.08999633789062,167.8699951171875,165.55999755859375,166.64999389648438,165.34925842285156,52456400
2023/4/21,165.0500030517578,166.4499969482422,164.49000549316406,165.02000427246094,163.7320098876953,58337300
2023/4/24,165,165.60000610351562,163.88999938964844,165.3300018310547,164.0395965576172,41949600
2023/4/25,165.19000244140625,166.30999755859375,163.72999572753906,163.77000427246094,162.4917449951172,48714100
2023/4/26,163.05999755859375,165.27999877929688,162.8000030517578,163.75999450683594,162.48182678222656,45498800
2023/4/27,165.19000244140625,168.55999755859375,165.19000244140625,168.41000366210938,167.0955352783203,64902300
2023/4/28,168.49000549316406,169.85000610351562,167.8800048828125,169.67999267578125,168.3556365966797,55209200
2023/5/1,169.27999877929688,170.4499969482422,168.63999938964844,169.58999633789062,168.26634216308594,52472900
2023/5/2,170.08999633789062,170.35000610351562,167.5399932861328,168.5399932861328,167.22451782226562,48425700
2023/5/3,169.5,170.9199981689453,167.16000366210938,167.4499969482422,166.1430206298828,65136000
2023/5/4,164.88999938964844,167.0399932861328,164.30999755859375,165.7899932861328,164.4959716796875,81235400
2023/5/5,170.97999572753906,174.3000030517578,170.75999450683594,173.57000732421875,172.21527099609375,113316400
2023/5/8,172.47999572753906,173.85000610351562,172.11000061035156,173.5,172.1457977294922,55962800
2023/5/9,173.0500030517578,173.5399932861328,171.60000610351562,171.77000427246094,170.4293212890625,45326900
2023/5/10,173.02000427246094,174.02999877929688,171.89999389648438,173.55999755859375,172.20533752441406,53724500
2023/5/11,173.85000610351562,174.58999633789062,172.1699981689453,173.75,172.3938446044922,49514700
2023/5/12,173.6199951171875,174.05999755859375,171,172.57000732421875,171.4599151611328,45497800
2023/5/15,173.16000366210938,173.2100067138672,171.47000122070312,172.07000732421875,170.963134765625,37266700
2023/5/16,171.99000549316406,173.13999938964844,171.8000030517578,172.07000732421875,170.963134765625,42110300
2023/5/17,171.7100067138672,172.92999267578125,170.4199981689453,172.69000244140625,171.5791473388672,57951600
2023/5/18,173,175.24000549316406,172.5800018310547,175.0500030517578,173.9239501953125,65496700
2023/5/19,176.38999938964844,176.38999938964844,174.94000244140625,175.16000366210938,174.0332489013672,55772400
2023/5/22,173.97999572753906,174.7100067138672,173.4499969482422,174.1999969482422,173.0794219970703,43570900
2023/5/23,173.1300048828125,173.3800048828125,171.27999877929688,171.55999755859375,170.45639038085938,50747300
2023/5/24,171.08999633789062,172.4199981689453,170.52000427246094,171.83999633789062,170.73458862304688,45143500
2023/5/25,172.41000366210938,173.89999389648438,171.69000244140625,172.99000549316406,171.87721252441406,56058300
2023/5/26,173.32000732421875,175.77000427246094,173.11000061035156,175.42999267578125,174.30149841308594,54835000
2023/5/30,176.9600067138672,178.99000549316406,176.57000732421875,177.3000030517578,176.1594696044922,55964400
2023/5/31,177.3300018310547,179.35000610351562,176.75999450683594,177.25,176.1097869873047,99625300
2023/6/1,177.6999969482422,180.1199951171875,176.92999267578125,180.08999633789062,178.9315185546875,68901800
2023/6/2,181.02999877929688,181.77999877929688,179.25999450683594,180.9499969482422,179.78599548339844,61945900
2023/6/5,182.6300048828125,184.9499969482422,178.0399932861328,179.5800018310547,178.4248047,121946500
2023/6/6,179.97000122070312,180.1199951171875,177.42999267578125,179.2100067138672,178.05718994140625,64848400
2023/6/7,178.44000244140625,181.2100067138672,177.32000732421875,177.82000732421875,176.67613220214844,61944600
2023/6/8,177.89999389648438,180.83999633789062,177.4600067138672,180.57000732421875,179.408447265625,50214900
2023/6/9,181.5,182.22999572753906,180.6300048828125,180.9600067138672,179.79592895507812,48870700
2023/6/12,181.27000427246094,183.88999938964844,180.97000122070312,183.7899932861328,182.60769653320312,54274900
2023/6/13,182.8000030517578,184.14999389648438,182.44000244140625,183.30999755859375,182.1308135986328,54929100
2023/6/14,183.3699951171875,184.38999938964844,182.02000427246094,183.9499969482422,182.76669311523438,57462900
2023/6/15,183.9600067138672,186.52000427246094,183.77999877929688,186.00999450683594,184.81344604492188,65433200
2023/6/16,186.72999572753906,186.99000549316406,184.27000427246094,184.9199981689453,183.73043823242188,101235600
2023/6/20,184.41000366210938,186.10000610351562,184.41000366210938,185.00999450683594,183.8198699951172,49799100
2023/6/21,184.89999389648438,185.41000366210938,182.58999633789062,183.9600067138672,182.77662658691406,49515700
2023/6/22,183.74000549316406,187.0500030517578,183.6699981689453,187,185.79708862304688,51245300
2023/6/23,185.5500030517578,187.55999755859375,185.00999450683594,186.67999267578125,185.4791259765625,53079300
2023/6/26,186.8300018310547,188.0500030517578,185.22999572753906,185.27000427246094,184.07821655273438,48088700
2023/6/27,185.88999938964844,188.38999938964844,185.6699981689453,188.05999755859375,186.85023498535156,50730800
2023/6/28,187.92999267578125,189.89999389648438,187.60000610351562,189.25,188.03260803222656,51216800
2023/6/29,189.0800018310547,190.07000732421875,188.94000244140625,189.58999633789062,188.3704071044922,46347300
2023/6/30,191.6300048828125,194.47999572753906,191.25999450683594,193.97000122070312,192.7222442626953,85069600
2023/7/3,193.77999877929688,193.8800048828125,191.75999450683594,192.4600067138672,191.2219696044922,31458200
2023/7/5,191.57000732421875,192.97999572753906,190.6199951171875,191.3300018310547,190.09922790527344,46920300
2023/7/6,189.83999633789062,192.02000427246094,189.1999969482422,191.80999755859375,190.5761260986328,45094300
2023/7/7,191.41000366210938,192.6699981689453,190.24000549316406,190.67999267578125,189.45338439941406,46778000
2023/7/10,189.25999450683594,189.99000549316406,187.0399932861328,188.61000061035156,187.396728515625,59922200
2023/7/11,189.16000366210938,189.3000030517578,186.60000610351562,188.0800018310547,186.87014770507812,46638100
2023/7/12,189.67999267578125,191.6999969482422,188.47000122070312,189.77000427246094,188.54925537109375,60750200
2023/7/13,190.5,191.19000244140625,189.77999877929688,190.5399932861328,189.3142852783203,41342300
2023/7/14,190.22999572753906,191.17999267578125,189.6300048828125,190.69000244140625,189.4633331298828,41573900
2023/7/17,191.89999389648438,194.32000732421875,191.80999755859375,193.99000549316406,192.7421112060547,50520200
2023/7/18,193.35000610351562,194.3300018310547,192.4199981689453,193.72999572753906,192.4837646484375,48353800
2023/7/19,193.10000610351562,198.22999572753906,192.64999389648438,195.10000610351562,193.844970703125,80507300
2023/7/20,195.08999633789062,196.47000122070312,192.5,193.1300048828125,191.8876495361328,59581200
2023/7/21,194.10000610351562,194.97000122070312,191.22999572753906,191.94000244140625,190.70530700683594,71917800
2023/7/24,193.41000366210938,194.91000366210938,192.25,192.75,191.5100860595703,45377800
2023/7/25,193.3300018310547,194.44000244140625,192.9199981689453,193.6199951171875,192.37448120117188,37283200
2023/7/26,193.6699981689453,195.63999938964844,193.32000732421875,194.5,193.2488250732422,47471900
2023/7/27,196.02000427246094,197.1999969482422,192.5500030517578,193.22000122070312,191.97708129882812,47460200
2023/7/28,194.6699981689453,196.6300048828125,194.13999938964844,195.8300018310547,194.57029724121094,48291400
2023/7/31,196.05999755859375,196.49000549316406,195.25999450683594,196.4499969482422,195.18629455566406,38824100
2023/8/1,196.24000549316406,196.72999572753906,195.27999877929688,195.61000061035156,194.3516845703125,35175100
2023/8/2,195.0399932861328,195.17999267578125,191.85000610351562,192.5800018310547,191.34117126464844,50389300
2023/8/3,191.57000732421875,192.3699951171875,190.69000244140625,191.1699981689453,189.94024658203125,61235200
2023/8/4,185.52000427246094,187.3800048828125,181.9199981689453,181.99000549316406,180.81932067871094,115799700
2023/8/7,182.1300048828125,183.1300048828125,177.35000610351562,178.85000610351562,177.6995086669922,97576100
2023/8/8,179.69000244140625,180.27000427246094,177.5800018310547,179.8000030517578,178.6433868408203,67823000
2023/8/9,180.8699951171875,180.92999267578125,177.00999450683594,178.19000244140625,177.0437469482422,60378500
2023/8/10,179.47999572753906,180.75,177.60000610351562,177.97000122070312,176.82516479492188,54686900
2023/8/11,177.32000732421875,178.6199951171875,176.5500030517578,177.7899932861328,176.88485717773438,51988100
2023/8/14,177.97000122070312,179.69000244140625,177.30999755859375,179.4600067138672,178.54637145996094,43675600
2023/8/15,178.8800048828125,179.47999572753906,177.0500030517578,177.4499969482422,176.54660034179688,43622600
2023/8/16,177.1300048828125,178.5399932861328,176.5,176.57000732421875,175.67108154296875,46964900
2023/8/17,177.13999938964844,177.50999450683594,173.47999572753906,174,173.11415100097656,66062900
2023/8/18,172.3000030517578,175.10000610351562,171.9600067138672,174.49000549316406,173.60165405273438,61114200
2023/8/21,175.07000732421875,176.1300048828125,173.74000549316406,175.83999633789062,174.9447784423828,46311900
2023/8/22,177.05999755859375,177.67999267578125,176.25,177.22999572753906,176.32769775390625,42084200
2023/8/23,178.52000427246094,181.5500030517578,178.3300018310547,181.1199951171875,180.19790649414062,52722800
2023/8/24,180.6699981689453,181.10000610351562,176.00999450683594,176.3800048828125,175.48202514648438,54945800
2023/8/25,177.3800048828125,179.14999389648438,175.82000732421875,178.61000061035156,177.70069885253906,51449600
2023/8/28,180.08999633789062,180.58999633789062,178.5500030517578,180.19000244140625,179.2726593017578,43820700
2023/8/29,179.6999969482422,184.89999389648438,179.5,184.1199951171875,183.18263244628906,53003900
2023/8/30,184.94000244140625,187.85000610351562,184.74000549316406,187.64999389648438,186.6946563720703,60813900
2023/8/31,187.83999633789062,189.1199951171875,187.47999572753906,187.8699951171875,186.91354370117188,60794500
2023/9/1,189.49000549316406,189.9199981689453,188.27999877929688,189.4600067138672,188.49546813964844,45732600
2023/9/5,188.27999877929688,189.97999572753906,187.61000061035156,189.6999969482422,188.73423767089844,45280000
2023/9/6,188.39999389648438,188.85000610351562,181.47000122070312,182.91000366210938,181.9788055419922,81755800
2023/9/7,175.17999267578125,178.2100067138672,173.5399932861328,177.55999755859375,176.65603637695312,112488800
2023/9/8,178.35000610351562,180.24000549316406,177.7899932861328,178.17999267578125,177.27285766601562,65551300
2023/9/11,180.07000732421875,180.3000030517578,177.33999633789062,179.36000061035156,178.4468536376953,58953100
2023/9/12,179.49000549316406,180.1300048828125,174.82000732421875,176.3000030517578,175.40245056152344,90370200
2023/9/13,176.50999450683594,177.3000030517578,173.97999572753906,174.2100067138672,173.32308959960938,84267900
2023/9/14,174,176.10000610351562,173.5800018310547,175.74000549316406,174.84530639648438,60895800
2023/9/15,176.47999572753906,176.5,173.82000732421875,175.00999450683594,174.11900329589844,109205100
2023/9/18,176.47999572753906,179.3800048828125,176.1699981689453,177.97000122070312,177.06393432617188,67257600
2023/9/19,177.52000427246094,179.6300048828125,177.1300048828125,179.07000732421875,178.15834045410156,51826900
2023/9/20,179.25999450683594,179.6999969482422,175.39999389648438,175.49000549316406,174.59657287597656,58436200
2023/9/21,174.5500030517578,176.3000030517578,173.86000061035156,173.92999267578125,173.04452514648438,63047900
2023/9/22,174.6699981689453,177.0800018310547,174.0500030517578,174.7899932861328,173.90011596679688,56725400
2023/9/25,174.1999969482422,176.97000122070312,174.14999389648438,176.0800018310547,175.18356323242188,46172700
2023/9/26,174.82000732421875,175.1999969482422,171.66000366210938,171.9600067138672,171.08453369140625,64588900
2023/9/27,172.6199951171875,173.0399932861328,169.0500030517578,170.42999267578125,169.56231689453125,66921800
2023/9/28,169.33999633789062,172.02999877929688,167.6199951171875,170.69000244140625,169.82101440429688,56294400
2023/9/29,172.02000427246094,173.07000732421875,170.33999633789062,171.2100067138672,170.33836364746094,51814200
2023/10/2,171.22000122070312,174.3000030517578,170.92999267578125,173.75,172.8654327392578,52164500
2023/10/3,172.25999450683594,173.6300048828125,170.82000732421875,172.39999389648438,171.5222930908203,49594600
2023/10/4,171.08999633789062,174.2100067138672,170.97000122070312,173.66000366210938,172.77589416503906,53020300
2023/10/5,173.7899932861328,175.4499969482422,172.67999267578125,174.91000366210938,174.0195313,48527900
2023/10/6,173.8000030517578,177.99000549316406,173.17999267578125,177.49000549316406,176.58641052246094,57224100
2023/10/9,176.80999755859375,179.0500030517578,175.8000030517578,178.99000549316406,178.07875061035156,42390800
2023/10/10,178.10000610351562,179.72000122070312,177.9499969482422,178.38999938964844,177.4818115234375,43698000
2023/10/11,178.1999969482422,179.85000610351562,177.60000610351562,179.8000030517578,178.88462829589844,47551100
2023/10/12,180.07000732421875,182.33999633789062,179.0399932861328,180.7100067138672,179.79000854492188,56743100
2023/10/13,181.4199981689453,181.92999267578125,178.13999938964844,178.85000610351562,177.93946838378906,51427100
2023/10/16,176.75,179.0800018310547,176.50999450683594,178.72000122070312,177.8101348876953,52517000
2023/10/17,176.64999389648438,178.4199981689453,174.8000030517578,177.14999389648438,176.24810791015625,57549400
2023/10/18,175.5800018310547,177.5800018310547,175.11000061035156,175.83999633789062,174.9447784423828,54764400
2023/10/19,176.0399932861328,177.83999633789062,175.19000244140625,175.4600067138672,174.56674194335938,59302900
2023/10/20,175.30999755859375,175.4199981689453,172.63999938964844,172.8800048828125,171.99986267089844,64189300
2023/10/23,170.91000366210938,174.00999450683594,169.92999267578125,173,172.11924743652344,55980100
2023/10/24,173.0500030517578,173.6699981689453,171.4499969482422,173.44000244140625,172.55702209472656,43816600
2023/10/25,171.8800048828125,173.05999755859375,170.64999389648438,171.10000610351562,170.2289276123047,57157000
2023/10/26,170.3699951171875,171.3800048828125,165.6699981689453,166.88999938964844,166.04037475585938,70625300
2023/10/27,166.91000366210938,168.9600067138672,166.8300018310547,168.22000122070312,167.36358642578125,58499100
2023/10/30,169.02000427246094,171.1699981689453,168.8699951171875,170.2899932861328,169.42303466796875,51131000
2023/10/31,169.35000610351562,170.89999389648438,167.89999389648438,170.77000427246094,169.90060424804688,44846000
2023/11/1,171,174.22999572753906,170.1199951171875,173.97000122070312,173.08432006835938,56934900
2023/11/2,175.52000427246094,177.77999877929688,175.4600067138672,177.57000732421875,176.66600036621094,77334800
2023/11/3,174.24000549316406,176.82000732421875,173.35000610351562,176.64999389648438,175.7506561279297,79763700
2023/11/6,176.3800048828125,179.42999267578125,176.2100067138672,179.22999572753906,178.31753540039062,63841300
2023/11/7,179.17999267578125,182.44000244140625,178.97000122070312,181.82000732421875,180.89434814453125,70530000
2023/11/8,182.35000610351562,183.4499969482422,181.58999633789062,182.88999938964844,181.95887756347656,49340300
2023/11/9,182.9600067138672,184.1199951171875,181.80999755859375,182.41000366210938,181.48133850097656,53763500
2023/11/10,183.97000122070312,186.57000732421875,183.52999877929688,186.39999389648438,185.69534301757812,66133400
2023/11/13,185.82000732421875,186.02999877929688,184.2100067138672,184.8000030517578,184.1013946533203,43627500
2023/11/14,187.6999969482422,188.11000061035156,186.3000030517578,187.44000244140625,186.73141479492188,60108400
2023/11/15,187.85000610351562,189.5,187.77999877929688,188.00999450683594,187.29925537109375,53790500
2023/11/16,189.57000732421875,190.9600067138672,188.64999389648438,189.7100067138672,188.9928436279297,54412900
2023/11/17,190.25,190.3800048828125,188.57000732421875,189.69000244140625,188.97291564941406,50922700
2023/11/20,189.88999938964844,191.91000366210938,189.8800048828125,191.4499969482422,190.72625732421875,46505100
2023/11/21,191.41000366210938,191.52000427246094,189.74000549316406,190.63999938964844,189.91932678222656,38134500
2023/11/22,191.49000549316406,192.92999267578125,190.8300018310547,191.30999755859375,190.5867919921875,39617700
2023/11/24,190.8699951171875,190.89999389648438,189.25,189.97000122070312,189.25186157226562,24048300
2023/11/27,189.9199981689453,190.6699981689453,188.89999389648438,189.7899932861328,189.07252502441406,40552600
2023/11/28,189.77999877929688,191.0800018310547,189.39999389648438,190.39999389648438,189.6802215576172,38415400
2023/11/29,190.89999389648438,192.08999633789062,188.97000122070312,189.3699951171875,188.6541290283203,43014200
2023/11/30,189.83999633789062,190.32000732421875,188.19000244140625,189.9499969482422,189.23191833496094,48794400
2023/12/1,190.3300018310547,191.55999755859375,189.22999572753906,191.24000549316406,190.51705932617188,45679300
2023/12/4,189.97999572753906,190.0500030517578,187.4499969482422,189.42999267578125,188.71388244628906,43389500
2023/12/5,190.2100067138672,194.39999389648438,190.17999267578125,193.4199981689453,192.68881225585938,66628400
2023/12/6,194.4499969482422,194.75999450683594,192.11000061035156,192.32000732421875,191.59298706054688,41089700
2023/12/7,193.6300048828125,195,193.58999633789062,194.27000427246094,193.5355987548828,47477700
2023/12/8,194.1999969482422,195.99000549316406,193.6699981689453,195.7100067138672,194.97015380859375,53377300
2023/12/11,193.11000061035156,193.49000549316406,191.4199981689453,193.17999267578125,192.44972229003906,60943700
2023/12/12,193.0800018310547,194.72000122070312,191.72000122070312,194.7100067138672,193.9739532470703,52696900
2023/12/13,195.08999633789062,198,194.85000610351562,197.9600067138672,197.21165466308594,70404200
2023/12/14,198.02000427246094,199.6199951171875,196.16000366210938,198.11000061035156,197.361083984375,66831600
2023/12/15,197.52999877929688,198.39999389648438,197,197.57000732421875,196.8231201171875,128256700
2023/12/18,196.08999633789062,196.6300048828125,194.38999938964844,195.88999938964844,195.14947509765625,55751900
2023/12/19,196.16000366210938,196.9499969482422,195.88999938964844,196.94000244140625,196.1955108642578,40714100
2023/12/20,196.89999389648438,197.67999267578125,194.8300018310547,194.8300018310547,194.09349060058594,52242800
2023/12/21,196.10000610351562,197.0800018310547,193.5,194.67999267578125,193.94403076171875,46482500
2023/12/22,195.17999267578125,195.41000366210938,192.97000122070312,193.60000610351562,192.86813354492188,37122800
2023/12/26,193.61000061035156,193.88999938964844,192.8300018310547,193.0500030517578,192.32022094726562,28919300
2023/12/27,192.49000549316406,193.5,191.08999633789062,193.14999389648438,192.41983032226562,48087700
2023/12/28,194.13999938964844,194.66000366210938,193.1699981689453,193.5800018310547,192.84820556640625,34049900
2023/12/29,193.89999389648438,194.39999389648438,191.72999572753906,192.52999877929688,191.8021697998047,42628800
2024/1/2,187.14999389648438,188.44000244140625,183.88999938964844,185.63999938964844,184.93821716308594,82488700
