Date,Open,High,Low,Close,Adj Close,Volume
2014-01-02,27.782365798950195,27.839401245117188,27.603036880493164,27.724082946777344,27.656164169311523,73129082
2014-01-03,27.77090835571289,27.81897735595703,27.520097732543945,27.521841049194336,27.454418182373047,66917888
2014-01-06,27.721343994140625,27.867046356201172,27.557706832885742,27.828691482543945,27.760517120361328,71037271
2014-01-07,28.019973754882812,28.385852813720703,27.924333572387695,28.36517906188965,28.29568862915039,102486711
2014-01-08,28.543014526367188,28.575891494750977,28.226449966430664,28.424209594726562,28.354576110839844,90036218
2014-01-09,28.4792537689209,28.498680114746094,28.03392219543457,28.150484085083008,28.081520080566406,83692529
2014-01-10,28.37066078186035,28.37066078186035,27.951480865478516,28.148990631103516,28.08003044128418,86061375
2014-01-13,28.05658721923828,28.5656795501709,27.824954986572266,27.969663619995117,27.90114402770996,97118665
2014-01-14,28.34251594543457,28.66754722595215,28.096935272216797,28.627695083618164,28.55756187438965,99676216
2014-01-15,28.717111587524414,28.767173767089844,28.48797035217285,28.60826873779297,28.538185119628906,78300393
2014-01-16,28.620223999023438,28.840150833129883,28.59282684326172,28.79755973815918,28.72701072692871,67608467
2014-01-17,28.813251495361328,28.907398223876953,28.49818229675293,28.655841827392578,28.58563995361328,108457005
2014-01-21,28.91486930847168,28.9913330078125,28.675018310546875,28.983861923217773,28.912857055664062,79492846
2014-01-22,29.056339263916016,29.088220596313477,28.863313674926758,29.016738891601562,28.945653915405273,63091600
2014-01-23,28.891706466674805,28.953723907470703,28.751482009887695,28.894197463989258,28.823413848876953,78256228
2014-01-24,28.667795181274414,28.73105812072754,27.97016143798828,27.990833282470703,27.922260284423828,156283602
2014-01-27,28.047372817993164,28.057334899902344,26.955713272094727,27.427942276000977,27.360748291015625,174796734
2014-01-28,27.65434455871582,28.038654327392578,27.644880294799805,27.970409393310547,27.901885986328125,88739375
2014-01-29,27.873523712158203,27.939027786254883,27.382862091064453,27.56966209411621,27.50212287902832,95552818
2014-01-30,28.51810646057129,28.70465850830078,28.076013565063477,28.27875328063965,28.209476470947266,204419353
2014-01-31,29.174396514892578,29.5527286529541,28.670785903930664,29.413999557495117,29.34193992614746,223486554
2014-02-03,29.36991310119629,29.43267822265625,28.194570541381836,28.229936599731445,28.16077995300293,183449044
2014-02-04,28.3435115814209,28.767173767089844,28.319103240966797,28.347745895385742,28.27829933166504,112897588
2014-02-05,28.477758407592773,28.66181755065918,28.095191955566406,28.47327423095703,28.403520584106445,96139007
2014-02-06,28.670785903930664,28.895692825317383,28.581619262695312,28.890710830688477,28.819934844970703,78155853
2014-02-07,29.081743240356445,29.337535858154297,28.905654907226562,29.326078414916992,29.254234313964844,105843245
2014-02-10,29.185604095458984,29.449615478515625,29.116365432739258,29.2137508392334,29.142181396484375,78099643
2014-02-11,29.394073486328125,29.685482025146484,29.195817947387695,29.643388748168945,29.570768356323242,82339476
2014-02-12,29.613998413085938,29.638906478881836,29.424211502075195,29.55646514892578,29.48405647277832,69238554
2014-02-13,29.408519744873047,29.885482788085938,29.381370544433594,29.885482788085938,29.81226921081543,73731331
2014-02-14,29.77863121032715,29.997312545776367,29.70864486694336,29.95771026611328,29.884321212768555,87795852
2014-02-18,29.923091888427734,30.208520889282227,29.88797378540039,30.15895652770996,30.085073471069336,84672187
2014-02-19,30.019977569580078,30.117612838745117,29.825706481933594,29.94625473022461,29.872892379760742,84459392
2014-02-20,29.96617889404297,30.059579849243164,29.893451690673828,29.990339279174805,29.916868209838867,68287001
2014-02-21,30.08249282836914,30.133800506591797,29.958707809448242,29.98236846923828,29.908918380737305,74771214
2014-02-24,30.021472930908203,30.390090942382812,30.014995574951172,30.199554443359375,30.125572204589844,67223027
2014-02-25,30.284984588623047,30.498184204101562,30.147499084472656,30.386104583740234,30.311664581298828,57763704
2014-02-26,30.48573112487793,30.607276916503906,30.230688095092773,30.39034080505371,30.315889358520508,79585191
2014-02-27,30.346006393432617,30.4914608001709,30.311634063720703,30.36642837524414,30.292036056518555,50588912
2014-02-28,30.394573211669922,30.490463256835938,30.042892456054688,30.277761459350586,30.20358657836914,92890878
2014-03-03,30.05609130859375,30.083240509033203,29.69220542907715,29.954971313476562,29.881587982177734,84507572
2014-03-04,30.261571884155273,30.286479949951172,30.12458610534668,30.25933074951172,30.18520164489746,58928052
2014-03-05,30.2628173828125,30.462818145751953,30.172157287597656,30.3427677154541,30.2684326171875,49597208
2014-03-06,30.44289207458496,30.539281845092773,30.35123634338379,30.376392364501953,30.30197525024414,50914126
2014-03-07,30.555471420288086,30.560203552246094,30.17290496826172,30.2563419342041,30.182220458984375,60831159
2014-03-10,30.278757095336914,30.32732582092285,29.98984146118164,30.1761417388916,30.102216720581055,48766105
2014-03-11,30.23093605041504,30.24463653564453,29.804285049438477,29.887723922729492,29.814504623413086,68776830
2014-03-12,29.798309326171875,30.0834903717041,29.494199752807617,30.069791793823242,29.996126174926758,78866507
2014-03-13,30.085979461669922,30.149492263793945,29.508394241333008,29.615493774414062,29.54294204711914,94175675
2014-03-14,29.439403533935547,29.66057586669922,29.203786849975586,29.210512161254883,29.138952255249023,92099924
2014-03-17,29.37116050720215,29.81499671936035,29.34276580810547,29.69120979309082,29.618471145629883,86808163
2014-03-18,29.755220413208008,30.175146102905273,29.715120315551758,30.168420791625977,30.094512939453125,72872123
2014-03-19,30.18187141418457,30.186603546142578,29.748743057250977,29.869293212890625,29.796119689941406,64757822
2014-03-20,29.88672637939453,30.1273250579834,29.77240562438965,29.817237854003906,29.744190216064453,67640587
2014-03-21,30.045133590698242,30.127824783325195,29.45086097717285,29.46555519104004,29.393369674682617,128821050
2014-03-24,29.494199752807617,29.511882781982422,28.541767120361328,28.840150833129883,28.769498825073242,121939352
2014-03-25,29.041147232055664,29.13678741455078,28.567920684814453,28.859825134277344,28.78912353515625,96769361
2014-03-26,28.941768646240234,29.17987632751465,28.181867599487305,28.193574905395508,28.1245059967041,103586819
2014-03-27,28.322240829467773,28.322240829467773,27.5703067779541,27.846546173095703,27.77832794189453,262719
2014-03-28,27.983171463012695,28.243955612182617,27.857019424438477,27.92283821105957,27.854433059692383,824257
2014-03-31,28.26689338684082,28.27237892150879,27.7702579498291,27.77225112915039,27.704214096069336,216593
2014-04-01,27.859012603759766,28.344680786132812,27.859012603759766,28.28035545349121,28.211074829101562,158434
2014-04-02,29.917362213134766,30.15869903564453,28.03253746032715,28.27237892150879,28.20311737060547,2942055
2014-04-03,28.414487838745117,29.283601760864258,28.129270553588867,28.40900230407715,28.339405059814453,101983228
2014-04-04,28.653831481933594,28.809404373168945,27.075664520263672,27.082645416259766,27.016298294067383,127386783
2014-04-07,26.96297264099121,27.348913192749023,26.28533363342285,26.83382797241211,26.768091201782227,88033033
2014-04-08,27.05571937561035,27.674020767211914,27.0063533782959,27.669034957885742,27.60125160217285,63024560
2014-04-09,27.904388427734375,28.19110107421875,27.571802139282227,28.129770278930664,28.06085777282715,66616395
2014-04-10,28.172651290893555,28.172651290893555,26.92108726501465,26.97344398498535,26.907365798950195,80737057
2014-04-11,26.554594039916992,26.92607307434082,26.254417419433594,26.457361221313477,26.392545700073242,78496923
2014-04-14,26.83881378173828,27.130512237548828,26.40550422668457,26.553098678588867,26.488048553466797,51501009
2014-04-15,26.76750946044922,26.848787307739258,25.852022171020508,26.74856185913086,26.683032989501953,77101101
2014-04-16,27.075664520263672,27.773746490478516,26.92607307434082,27.750810623168945,27.68282699584961,97865955
2014-04-17,27.365367889404297,27.3997745513916,26.484785079956055,26.73160743713379,26.666120529174805,136190888
2014-04-21,26.73160743713379,26.761526107788086,26.208045959472656,26.358631134033203,26.294057846069336,51334553
2014-04-22,26.359630584716797,26.787954330444336,26.30328369140625,26.667285919189453,26.601957321166992,47307527
2014-04-23,26.616424560546875,26.62041473388672,26.24045753479004,26.27486228942871,26.210493087768555,41046384
2014-04-24,26.43093490600586,26.50971794128418,26.034521102905273,26.186105728149414,26.1219539642334,37663121
2014-04-25,26.05396842956543,26.163169860839844,25.700439453125,25.73833465576172,25.675281524658203,42007014
2014-04-28,25.788198471069336,25.8590030670166,25.0711669921875,25.78670310974121,25.72353172302246,66710653
2014-04-29,25.77423667907715,26.400516510009766,25.745315551757812,26.31275749206543,26.2482967376709,53981801
2014-04-30,26.307771682739258,26.327716827392578,26.054466247558594,26.260900497436523,26.19656753540039,35023895
2014-05-01,26.28333854675293,26.57354164123535,26.12228012084961,26.49475860595703,26.429851531982422,38110345
2014-05-02,26.61492919921875,26.626895904541016,26.20854377746582,26.32422637939453,26.259737014770508,33770463
2014-05-05,26.169153213500977,26.372594833374023,25.994632720947266,26.3182430267334,26.253768920898438,20482080
2014-05-06,26.18959617614746,26.26837921142578,25.6824893951416,25.686477661132812,25.623552322387695,33780490
2014-05-07,25.718889236450195,25.763267517089844,25.096099853515625,25.428186416625977,25.36589241027832,64486563
2014-05-08,25.353391647338867,25.790691375732422,25.25316619873047,25.480045318603516,25.41762351989746,40426688
2014-05-09,25.467578887939453,25.923826217651367,25.140975952148438,25.86548614501953,25.802120208740234,48789585
2014-05-12,26.103832244873047,26.43691635131836,25.87944793701172,26.42345428466797,26.358722686767578,38250730
2014-05-13,26.47182273864746,26.730112075805664,26.403011322021484,26.581520080566406,26.516401290893555,33068541
2014-05-14,26.5770320892334,26.5770320892334,26.192588806152344,26.26040267944336,26.196069717407227,23835261
2014-05-15,26.213031768798828,26.22150993347168,25.8001651763916,25.927814483642578,25.864295959472656,34087331
2014-05-16,25.99812126159668,26.018566131591797,25.70143699645996,25.96022605895996,25.896629333496094,29705333
2014-05-19,25.913854598999023,26.416473388671875,25.808292388916016,26.3705997467041,26.30599594116211,25555972
2014-05-20,26.414478302001953,26.73809051513672,26.242950439453125,26.41597557067871,26.351261138916016,35695734
2014-05-21,26.572046279907227,26.88533592224121,26.522682189941406,26.873220443725586,26.80738639831543,23925508
2014-05-22,26.982419967651367,27.305034637451172,26.964967727661133,27.178382873535156,27.111801147460938,32316482
2014-05-23,27.2880802154541,27.6062068939209,27.110567092895508,27.559335708618164,27.4918212890625,38643806
2014-05-27,27.72388458251953,28.222515106201172,27.64160919189453,28.220022201538086,28.150888442993164,42083223
2014-05-28,28.15121078491211,28.31426239013672,27.97319984436035,28.00710678100586,27.938493728637695,33040464
2014-05-29,28.090377807617188,28.12278938293457,27.859012603759766,27.927326202392578,27.858909606933594,27082150
2014-05-30,27.963226318359375,27.990652084350586,27.719396591186523,27.9178524017334,27.84946060180664,35422988
2014-06-02,27.958240509033203,27.968212127685547,27.211790084838867,27.62066650390625,27.55299949645996,28700582
2014-06-03,27.474069595336914,27.541385650634766,27.053224563598633,27.17239761352539,27.1058292388916,37332215
2014-06-04,27.000869750976562,27.355396270751953,26.863746643066406,27.158437728881836,27.09190559387207,36329469
2014-06-05,27.245197296142578,27.671527862548828,27.147964477539062,27.619171142578125,27.5515079498291,33782496
2014-06-06,27.826602935791016,27.826602935791016,27.37135124206543,27.740339279174805,27.672380447387695,34735104
2014-06-09,27.781227111816406,28.06793975830078,27.725879669189453,28.02904510498047,27.960378646850586,29350361
2014-06-10,27.948766708374023,28.10284423828125,27.81862449645996,27.950761795043945,27.882287979125977,27034019
2014-06-11,27.823610305786133,27.9173526763916,27.675018310546875,27.865495681762695,27.797231674194336,22002242
2014-06-12,27.788705825805664,27.82311248779297,27.347915649414062,27.492021560668945,27.424671173095703,29169867
2014-06-13,27.537395477294922,27.539390563964844,27.20331382751465,27.51246452331543,27.445064544677734,24410836
2014-06-16,27.387807846069336,27.405757904052734,27.00186538696289,27.139488220214844,27.073001861572266,34051232
2014-06-17,27.135498046875,27.19134521484375,26.89266586303711,27.076162338256836,27.00983238220215,28891103
2014-06-18,27.16840934753418,27.602218627929688,27.125526428222656,27.592744827270508,27.525148391723633,34835379
2014-06-19,27.636125564575195,27.674020767211914,27.35040855407715,27.669034957885742,27.60125160217285,49136535
2014-06-20,27.766267776489258,27.80266761779785,27.444252014160156,27.74183464050293,27.673871994018555,90166875
2014-06-23,27.681499481201172,28.172651290893555,27.63662338256836,28.17015838623047,28.101146697998047,30736155
2014-06-24,28.182125091552734,28.553905487060547,27.973697662353516,28.153703689575195,28.084732055664062,44142862
2014-06-25,28.18561553955078,28.918603897094727,28.183622360229492,28.853282928466797,28.7825984954834,39387843
2014-06-26,28.970462799072266,29.042762756347656,28.51421356201172,28.721145629882812,28.65078353881836,34839390
2014-06-27,28.779985427856445,28.91411590576172,28.611446380615234,28.782976150512695,28.71246337890625,44738493
2014-06-30,28.853782653808594,28.89915657043457,28.658817291259766,28.685245513916016,28.614973068237305,26275943
2014-07-01,28.836828231811523,29.139995574951172,28.753557205200195,29.053733825683594,28.982559204101562,28959290
2014-07-02,29.0876407623291,29.19185447692871,28.940044403076172,29.037029266357422,28.965892791748047,21127848
2014-07-03,29.0876407623291,29.170412063598633,28.966472625732422,29.156450271606445,29.08502197265625,14283107
2014-07-07,29.108083724975586,29.24121856689453,28.90015411376953,29.03278923034668,28.9616641998291,21292298
2014-07-08,28.803918838500977,28.897062301635742,28.229246139526367,28.476318359375,28.406557083129883,38190565
2014-07-09,28.500751495361328,28.757047653198242,28.390853881835938,28.725135803222656,28.65476417541504,22335153
2014-07-10,28.218027114868164,28.750564575195312,28.17315101623535,28.476816177368164,28.407052993774414,27134293
2014-07-11,28.5172061920166,28.962982177734375,28.492773056030273,28.879711151123047,28.808961868286133,32434806
2014-07-14,29.050243377685547,29.18038558959961,28.822368621826172,29.16343116760254,29.09198570251465,37081529
2014-07-15,29.20681381225586,29.210054397583008,28.749069213867188,29.15894317626953,29.087509155273438,32460877
2014-07-16,29.319503784179688,29.339448928833008,29.030296325683594,29.053234100341797,28.982059478759766,27942506
2014-07-17,28.89716339111328,28.96996307373047,28.352657318115234,28.60795783996582,28.537874221801758,60331186
2014-07-18,29.568819046020508,29.758298873901367,29.02032470703125,29.672534942626953,29.599842071533203,80283816
2014-07-21,29.50649070739746,29.638626098632812,29.18153190612793,29.39280128479004,29.3207950592041,41242922
2014-07-22,29.45513153076172,29.900407791137695,29.449146270751953,29.655580520629883,29.582929611206055,33983045
2014-07-23,29.58028793334961,29.81065559387207,29.543886184692383,29.717411041259766,29.644609451293945,24663528
2014-07-24,29.740846633911133,29.892929077148438,29.50748634338379,29.586271286010742,29.513792037963867,20702684
2014-07-25,29.43917465209961,29.511974334716797,29.271135330200195,29.370363235473633,29.298410415649414,18649061
2014-07-28,29.322994232177734,29.543886184692383,29.1575984954834,29.449146270751953,29.37700080871582,19736037
2014-07-29,29.356901168823242,29.40427017211914,29.095867156982422,29.20033073425293,29.128795623779297,26997920
2014-07-30,29.247201919555664,29.394298553466797,29.12005043029785,29.29058265686035,29.218826293945312,20329662
2014-07-31,28.950515747070312,29.102598190307617,28.421966552734375,28.501747131347656,28.431922912597656,42055146
2014-08-01,28.441913604736328,28.719152450561523,28.065446853637695,28.22600555419922,28.156856536865234,39105069
2014-08-04,28.374099731445312,28.68873405456543,28.127775192260742,28.579036712646484,28.509023666381836,28546159
2014-08-05,28.424461364746094,28.52069664001465,28.053478240966797,28.1761417388916,28.10711669921875,31024946
2014-08-06,28.01209259033203,28.456872940063477,27.923336029052734,28.24116325378418,28.171977996826172,26687069
2014-08-07,28.322240829467773,28.41648292541504,27.978185653686523,28.09087562561035,28.022058486938477,22218835
2014-08-08,28.100849151611328,28.434432983398438,27.94078826904297,28.36063575744629,28.291156768798828,29895854
2014-08-11,28.42146873474121,28.446399688720703,28.222515106201172,28.31625747680664,28.24688720703125,24294518
2014-08-12,28.148717880249023,28.217529296875,27.96721649169922,28.059463500976562,27.99072265625,30840441
2014-08-13,28.2878360748291,28.671283721923828,28.21004867553711,28.66031265258789,28.59010124206543,28784812
2014-08-14,28.730121612548828,28.815885543823242,28.46584701538086,28.653831481933594,28.583635330200195,19709966
2014-08-15,28.81389045715332,28.88968276977539,28.447895050048828,28.595491409301758,28.52543830871582,30383189
2014-08-18,28.72663116455078,29.14548110961914,28.721145629882812,29.028303146362305,28.957189559936523,25682318
2014-08-19,29.16991424560547,29.28659439086914,29.12005043029785,29.262659072875977,29.19097137451172,19573592
2014-08-20,29.213794708251953,29.254680633544922,29.04874610900879,29.14448356628418,29.07308578491211,20734771
2014-08-21,29.11107635498047,29.144981384277344,28.977441787719727,29.08863639831543,29.017375946044922,18296094
2014-08-22,29.099607467651367,29.181682586669922,28.952510833740234,29.048248291015625,28.97708511352539,15781209
2014-08-25,29.15595245361328,29.16991424560547,28.87073516845703,28.930570602416992,28.859697341918945,27228551
2014-08-26,28.98342514038086,29.010351181030273,28.75006675720215,28.81389045715332,28.743301391601562,32793789
2014-08-27,28.78447151184082,28.845304489135742,28.42710304260254,28.471830368041992,28.402080535888672,34067276
2014-08-28,28.400028228759766,28.584022521972656,28.27736473083496,28.382076263427734,28.312545776367188,25858801
2014-08-29,28.488285064697266,28.5236873626709,28.275819778442383,28.501747131347656,28.431922912597656,21675347
2014-09-02,28.51421356201172,28.812395095825195,28.481304168701172,28.787464141845703,28.71693992614746,31568434
2014-09-03,28.920597076416016,29.06968879699707,28.671283721923828,28.817880630493164,28.747282028198242,24302540
2014-09-04,28.920597076416016,29.219776153564453,28.881704330444336,29.01932716369629,28.94823455810547,29163850
2014-09-05,29.119054794311523,29.247201919555664,29.017831802368164,29.223766326904297,29.15217399597168,32647388
2014-09-08,29.24969482421875,29.50748634338379,29.2347354888916,29.4052677154541,29.333229064941406,28620362
2014-09-09,29.3643798828125,29.369365692138672,28.920597076416016,28.97096061706543,28.899988174438477,25744488
2014-09-10,28.995393753051758,29.09511947631836,28.768016815185547,29.07517433166504,29.00394630432129,19547521
2014-09-11,28.938549041748047,29.01085090637207,28.73410987854004,28.987913131713867,28.916898727416992,24420864
2014-09-12,28.970462799072266,29.00237464904785,28.644357681274414,28.702198028564453,28.63188362121582,32033708
2014-09-15,28.568565368652344,28.668790817260742,28.332712173461914,28.5765438079834,28.50653839111328,31951483
2014-09-16,28.559589385986328,28.995393753051758,28.554603576660156,28.91810417175293,28.847259521484375,29607064
2014-09-17,28.921096801757812,29.295568466186523,28.859516143798828,29.158445358276367,29.087013244628906,33856699
2014-09-18,29.26963996887207,29.396291732788086,29.16991424560547,29.382829666137695,29.310848236083984,28891103
2014-09-19,29.4940242767334,29.742341995239258,29.394298553466797,29.722396850585938,29.64958381652832,74732617
2014-09-22,29.60970687866211,29.616138458251953,29.093124389648438,29.288089752197266,29.216339111328125,33790518
2014-09-23,29.262161254882812,29.262161254882812,28.970462799072266,28.976943969726562,28.905956268310547,29428575
2014-09-24,28.993398666381836,29.400779724121094,28.9465274810791,29.31900405883789,29.24717903137207,34562632
2014-09-25,29.29706573486328,29.318506240844727,28.630395889282227,28.674274444580078,28.604026794433594,38519466
2014-09-26,28.724138259887695,28.883201599121094,28.654329299926758,28.7759952545166,28.70549964904785,28873054
2014-09-29,28.509227752685547,28.830345153808594,28.48030662536621,28.739097595214844,28.66869354248047,25648224
2014-09-30,28.767518997192383,28.913118362426758,28.564077377319336,28.788959503173828,28.71843147277832,32434806
2014-10-01,28.72164535522461,28.799930572509766,28.272876739501953,28.335704803466797,28.26628875732422,28909153
2014-10-02,28.2878360748291,28.5172061920166,28.088882446289062,28.42595672607422,28.3563175201416,23568530
2014-10-03,28.574050903320312,28.782228469848633,28.5466251373291,28.685245513916016,28.614973068237305,22834521
2014-10-06,28.860763549804688,28.970462799072266,28.643360137939453,28.788461685180664,28.71793556213379,24292512
2014-10-07,28.64136505126953,28.68474578857422,28.10982322692871,28.10982322692871,28.040958404541016,38226664
2014-10-08,28.201074600219727,28.615436553955078,27.798179626464844,28.5466251373291,28.4766902923584,39817018
2014-10-09,28.480806350708008,28.49626350402832,27.87646484375,27.96721649169922,27.89870262145996,50496258
2014-10-10,27.809648513793945,28.179134368896484,27.128019332885742,27.149959564208984,27.08344841003418,61638766
2014-10-13,27.174890518188477,27.3997745513916,26.582019805908203,26.58750343322754,26.522369384765625,51633371
2014-10-14,26.871225357055664,27.284589767456055,26.585508346557617,26.82335662841797,26.757644653320312,44451708
2014-10-15,26.47780418395996,26.567060470581055,25.844045639038086,26.428939819335938,26.364194869995117,74387672
2014-10-16,25.878948211669922,26.39902114868164,25.67949676513672,26.15369415283203,26.089624404907227,74171079
2014-10-17,26.290319442749023,26.476308822631836,25.356882095336914,25.488521575927734,25.42607879638672,110787334
2014-10-20,25.40275764465332,26.016572952270508,25.33544158935547,25.9706974029541,25.907073974609375,52150788
2014-10-21,26.18760108947754,26.267383575439453,25.88443374633789,26.25491714477539,26.190597534179688,46725935
2014-10-22,26.421958923339844,26.916101455688477,26.36760711669922,26.562572479248047,26.497499465942383,58385859
2014-10-23,26.892168045043945,27.28608512878418,26.71914291381836,27.124530792236328,27.058080673217773,46976621
2014-10-24,27.143478393554688,27.16940689086914,26.716150283813477,26.91510581970215,26.84916877746582,39462046
2014-10-27,26.77798080444336,27.145971298217773,26.77798080444336,26.96446990966797,26.898412704467773,23706909
2014-10-28,27.075664520263672,27.373844146728516,27.006853103637695,27.369855880737305,27.302804946899414,25419598
2014-10-29,27.424705505371094,27.63363265991211,27.274118423461914,27.39129638671875,27.324193954467773,35410955
2014-10-30,27.37234878540039,27.564321517944336,27.101093292236328,27.440162658691406,27.372940063476562,29113713
2014-10-31,27.89092445373535,27.90189552307129,27.66155433654785,27.87746238708496,27.809167861938477,40701440
2014-11-03,27.69895362854004,27.81862449645996,27.585763931274414,27.68499183654785,27.617168426513672,27645693
2014-11-04,27.574295043945312,27.69895362854004,27.389801025390625,27.629642486572266,27.561954498291016,24884132
2014-11-05,27.763774871826172,27.763774871826172,27.128019332885742,27.221263885498047,27.154577255249023,40645286
2014-11-06,27.200321197509766,27.26938247680664,26.974441528320312,27.027795791625977,26.96158218383789,26665008
2014-11-07,27.2357234954834,27.2357234954834,26.859756469726562,26.976436614990234,26.910348892211914,32675465
2014-11-10,26.99887466430664,27.40426254272461,26.9769344329834,27.299549102783203,27.2326717376709,22692131
2014-11-11,27.34941291809082,27.521440505981445,27.240211486816406,27.439165115356445,27.371944427490234,19310873
2014-11-12,27.44415283203125,27.447641372680664,27.183866500854492,27.290573120117188,27.223716735839844,22593862
2014-11-13,27.41473388671875,27.41473388671875,27.099597930908203,27.194337844848633,27.127716064453125,26787343
2014-11-14,27.259159088134766,27.259159088134766,27.033279418945312,27.145471572875977,27.078969955444336,25790614
2014-11-17,27.104583740234375,27.115055084228516,26.62993812561035,26.752052307128906,26.686513900756836,34520517
2014-11-18,26.801416397094727,27.022808074951172,26.635372161865234,26.678255081176758,26.612897872924805,39253475
2014-11-19,26.676759719848633,26.838314056396484,26.431432723999023,26.77598762512207,26.710391998291016,27844237
2014-11-20,26.48977279663086,26.68224334716797,26.48129653930664,26.66828155517578,26.602949142456055,31267610
2014-11-21,27.0063533782959,27.03278160095215,26.754545211791992,26.801416397094727,26.73575782775879,44485801
2014-11-24,26.808895111083984,27.060705184936523,26.707674026489258,26.889673233032227,26.82379913330078,34127440
2014-11-25,26.876211166381836,27.124530792236328,26.856365203857422,26.97992706298828,26.91383171081543,35798014
2014-11-26,26.969953536987305,27.00336265563965,26.778579711914062,26.94452476501465,26.878515243530273,30459397
2014-11-28,26.956989288330078,27.025800704956055,26.756540298461914,27.017324447631836,26.95113754272461,22966883
2014-12-01,26.871225357055664,26.996381759643555,26.52018928527832,26.61692237854004,26.551715850830078,42307838
2014-12-02,26.602462768554688,26.701690673828125,26.417470932006836,26.614429473876953,26.54922866821289,30533600
2014-12-03,26.49924659729004,26.726423263549805,26.390544891357422,26.493263244628906,26.428359985351562,25559983
2014-12-04,26.48528480529785,26.793439865112305,26.357135772705078,26.791942596435547,26.726308822631836,27842232
2014-12-05,26.477306365966797,26.571548461914062,26.142227172851562,26.191091537475586,26.126928329467773,51312493
2014-12-08,26.28433609008789,26.477306365966797,26.117794036865234,26.276857376098633,26.21248435974121,46587556
2014-12-09,26.035518646240234,26.636369705200195,25.953744888305664,26.595481872558594,26.53032875061035,37426473
2014-12-10,26.581022262573242,26.74307632446289,26.206050872802734,26.23098373413086,26.166723251342773,34245764
2014-12-11,26.317745208740234,26.622907638549805,26.282840728759766,26.34467124938965,26.280132293701172,32216207
2014-12-12,26.103832244873047,26.352649688720703,25.861995697021484,25.861995697021484,25.79863929748535,39891221
2014-12-15,26.06543731689453,26.08338737487793,25.593233108520508,25.619661331176758,25.55689811706543,56268061
2014-12-16,25.50796890258789,25.582263946533203,24.383056640625,24.70168113708496,24.64116668701172,79285081
2014-12-17,24.78196144104004,25.28059196472168,24.77248764038086,25.17538070678711,25.113706588745117,57663883
2014-12-18,25.57727813720703,25.623151779174805,25.16590690612793,25.485031127929688,25.422595977783203,58534266
2014-12-19,25.505474090576172,25.81512451171875,25.276153564453125,25.74681282043457,25.683738708496094,73804074
2014-12-22,25.733348846435547,26.25092887878418,25.733348846435547,26.171646118164062,26.10753059387207,54475152
2014-12-23,26.277854919433594,26.65481948852539,26.242450714111328,26.456863403320312,26.39204978942871,43952341
2014-12-24,26.45287322998047,26.515153884887695,26.278850555419922,26.366111755371094,26.3015193939209,14118657
2014-12-26,26.366111755371094,26.639362335205078,26.293312072753906,26.62839126586914,26.563156127929688,20810980
2014-12-29,26.536643981933594,26.700693130493164,26.42799186706543,26.443897247314453,26.37911605834961,45570772
2014-12-30,26.332204818725586,26.484785079956055,26.28433609008789,26.44838523864746,26.383590698242188,17525986
2014-12-31,26.48977279663086,26.55708885192871,26.218017578125,26.247936248779297,26.18363380432129,27364925
2015-01-02,26.37807846069336,26.49077033996582,26.133251190185547,26.16865348815918,26.10454559326172,28951268
2015-01-05,26.091365814208984,26.14472007751465,25.582763671875,25.623151779174805,25.560379028320312,41196796
2015-01-06,25.67949676513672,25.738086700439453,24.98390769958496,25.029281616210938,24.967966079711914,57998800
2015-01-07,25.28059196472168,25.29275894165039,24.914098739624023,24.986400604248047,24.925188064575195,41301082
2015-01-08,24.83132553100586,25.105073928833008,24.4827823638916,25.065183639526367,25.0037784576416,67071641
2015-01-09,25.168899536132812,25.176876068115234,24.671764373779297,24.740575790405273,24.679967880249023,41427428
2015-01-12,24.679243087768555,24.73090171813965,24.31125259399414,24.560070037841797,24.499902725219727,46535413
2015-01-13,24.873708724975586,25.080141067504883,24.552091598510742,24.741073608398438,24.680461883544922,47409807
2015-01-14,24.664783477783203,25.092607498168945,24.582508087158203,24.974931716918945,24.913747787475586,44714427
2015-01-15,25.209287643432617,25.214773178100586,24.819856643676758,25.02080535888672,24.959508895874023,54316718
2015-01-16,24.932048797607422,25.339929580688477,24.931549072265625,25.334444046020508,25.27237892150879,45965854
2015-01-20,25.480045318603516,25.554838180541992,25.23152732849121,25.275606155395508,25.213685989379883,44640224
2015-01-21,25.293058395385742,25.892911911010742,25.24070167541504,25.83108139038086,25.76780128479004,45374234
2015-01-22,26.002609252929688,26.74307632446289,25.913854598999023,26.64634132385254,26.58106231689453,53538588
2015-01-23,26.706178665161133,27.034276962280273,26.5770320892334,26.923580169677734,26.857622146606445,45634948
2015-01-26,26.85277557373047,26.876211166381836,26.41098976135254,26.68722915649414,26.621850967407227,30874534
2015-01-27,26.425947189331055,26.46234893798828,25.838560104370117,25.86050033569336,25.797147750854492,38080263
2015-01-28,26.067432403564453,26.077903747558594,25.4301815032959,25.4301815032959,25.367881774902344,33676205
2015-01-29,25.480045318603516,25.48453140258789,24.99138641357422,25.463090896606445,25.400712966918945,83727244
2015-01-30,25.722379684448242,26.919591903686523,25.705425262451172,26.65282440185547,26.5875301361084,112127002
2015-02-02,26.51370620727539,26.5770320892334,25.856510162353516,26.351652145385742,26.28709602355957,56996054
2015-02-03,26.327716827392578,26.59697723388672,26.091365814208984,26.38954734802246,26.32489776611328,40773638
2015-02-04,26.38954734802246,26.560678482055664,25.99213981628418,26.066434860229492,26.00257682800293,33273101
2015-02-05,26.117794036865234,26.352649688720703,26.03302574157715,26.306774139404297,26.242326736450195,36995292
2015-02-06,26.30976676940918,26.786457061767578,26.24843406677246,26.477306365966797,26.412443161010742,35270570
2015-02-09,26.327716827392578,26.527170181274414,26.228988647460938,26.31924057006836,26.254762649536133,25355423
2015-02-10,26.39253807067871,26.811389923095703,26.27386474609375,26.77349281311035,26.707902908325195,34997823
2015-02-11,26.69171714782715,26.848787307739258,26.59588050842285,26.725126266479492,26.65965461730957,27555446
2015-02-12,26.788951873779297,27.166414260864258,26.66045379638672,27.072172164916992,27.00585174560547,32404724
2015-02-13,27.093116760253906,27.420217514038086,27.08214569091797,27.375341415405273,27.308277130126953,38006060
2015-02-17,27.266639709472656,27.424705505371094,26.980424880981445,27.067686080932617,27.00137710571289,32336537
2015-02-18,26.99588394165039,27.1998233795166,26.80191421508789,26.911115646362305,26.845190048217773,29061570
2015-02-19,26.82834243774414,27.081148147583008,26.826847076416016,27.069181442260742,27.00286865234375,19782163
2015-02-20,27.08214569091797,27.113061904907227,26.71664810180664,26.87371826171875,26.80788230895996,28887092
2015-02-23,26.729114532470703,26.748512268066406,26.39802360534668,26.522682189941406,26.457706451416016,29157834
2015-02-24,26.42744255065918,26.766014099121094,26.34018325805664,26.731109619140625,26.665624618530273,20101036
2015-02-25,26.721635818481445,27.236223220825195,26.69894790649414,27.11904525756836,27.052608489990234,36519991
2015-02-26,27.086135864257812,27.730865478515625,27.000869750976562,27.697954177856445,27.630098342895508,46230579
2015-02-27,27.636125564575195,28.158191680908203,27.569307327270508,27.843555450439453,27.775344848632812,48203982
2015-03-02,27.949764251708984,28.529172897338867,27.861007690429688,28.488784790039062,28.41899299621582,42592618
2015-03-03,28.444406509399414,28.69072914123535,28.248443603515625,28.603469848632812,28.533397674560547,34095352
2015-03-04,28.51521110534668,28.776493072509766,28.32274055480957,28.59000587463379,28.51996612548828,37536775
2015-03-05,28.672279357910156,28.81638526916504,28.59200096130371,28.6877384185791,28.61745834350586,27792094
2015-03-06,28.665298461914062,28.75505256652832,28.26041030883789,28.306533813476562,28.2371883392334,33182854
2015-03-09,28.265396118164062,28.4354305267334,28.0996036529541,28.364625930786133,28.29513931274414,21242161
2015-03-10,28.135255813598633,28.165172576904297,27.660558700561523,27.67452049255371,27.606721878051758,35846146
2015-03-11,27.681001663208008,27.830591201782227,27.4586124420166,27.483543395996094,27.416213989257812,36415706
2015-03-12,27.5997257232666,27.742332458496094,27.447641372680664,27.699451446533203,27.631593704223633,27792094
2015-03-13,27.599225997924805,27.843555450439453,27.136497497558594,27.291072845458984,27.22421646118164,34071287
2015-03-16,27.472074508666992,27.766267776489258,27.225252151489258,27.649587631225586,27.581851959228516,32819860
2015-03-17,27.509971618652344,27.614185333251953,27.324979782104492,27.466590881347656,27.399303436279297,36110871
2015-03-18,27.549362182617188,27.91236686706543,27.275115966796875,27.898405075073242,27.830059051513672,42690887
2015-03-19,27.892919540405273,27.963226318359375,27.73111343383789,27.82311248779297,27.75495147705078,23945563
2015-03-20,28.005611419677734,28.00910186767578,27.875967025756836,27.941286087036133,27.872835159301758,52337299
2015-03-23,27.944778442382812,28.041013717651367,27.71540641784668,27.863998413085938,27.795738220214844,32876014
2015-03-24,28.05098533630371,28.65083885192871,27.983671188354492,28.431440353393555,28.36178970336914,51665459
2015-03-25,28.4468994140625,28.534658432006836,27.860509872436523,27.86275291442871,27.79449462890625,43045859
2015-03-26,27.803165435791016,27.868486404418945,27.457115173339844,27.682498931884766,27.614683151245117,31452115
2015-03-27,27.574295043945312,27.6879825592041,27.33146095275879,27.34193229675293,27.27495002746582,37949906
2015-03-30,27.505483627319336,27.59773063659668,27.33345603942871,27.525928497314453,27.45849609375,25750504
2015-03-31,27.424705505371094,27.659561157226562,27.261154174804688,27.324979782104492,27.258037567138672,31760961
2015-04-01,27.354896545410156,27.481548309326172,26.901142120361328,27.05372428894043,26.98744773864746,39261497
2015-04-02,26.96845817565918,26.96845817565918,26.619266510009766,26.70318603515625,26.637767791748047,34327989
2015-04-06,26.53813934326172,26.846792221069336,26.406002044677734,26.764766693115234,26.69919776916504,26488525
2015-04-07,26.830337524414062,27.060205459594727,26.726621627807617,26.777481079101562,26.711881637573242,26057345
2015-04-08,26.84529685974121,27.1180477142334,26.84529685974121,27.0063533782959,26.94019317626953,23570536
2015-04-09,26.977432250976562,27.02330780029297,26.70119285583496,26.964967727661133,26.898908615112305,31157308
2015-04-10,27.040260314941406,27.040260314941406,26.791942596435547,26.926572799682617,26.86060905456543,28189181
2015-04-13,26.846792221069336,27.12851905822754,26.791942596435547,26.884687423706055,26.818824768066406,32906096
2015-04-14,26.73908805847168,26.804906845092773,26.332305908203125,26.446889877319336,26.382099151611328,52082601
2015-04-15,26.362621307373047,26.66329574584961,26.089372634887695,26.55359649658203,26.48854637145996,46376979
2015-04-16,26.422456741333008,26.706178665161133,26.407997131347656,26.61692237854004,26.551715850830078,25997180
2015-04-17,26.360626220703125,26.419464111328125,25.97917366027832,26.13075828552246,26.066741943359375,43037837
2015-04-20,26.208045959472656,26.731109619140625,26.153196334838867,26.695707321166992,26.630308151245117,33585958
2015-04-21,26.80191421508789,26.895658493041992,26.610689163208008,26.62540054321289,26.56017303466797,36895018
2015-04-22,26.646841049194336,26.97992706298828,26.51470375061035,26.894411087036133,26.82852554321289,31871263
2015-04-23,26.97593879699707,27.47257423400879,26.937543869018555,27.275115966796875,27.208297729492188,83697161
2015-04-24,28.227500915527344,28.478811264038086,27.786212921142578,28.175643920898438,28.106618881225586,98650102
2015-04-27,28.16950035095215,28.297500610351562,27.65999984741211,27.76849937438965,27.700471878051758,47960000
2015-04-28,27.73200035095215,27.801000595092773,27.518299102783203,27.68400001525879,27.616180419921875,29820000
2015-04-29,27.523500442504883,27.68400001525879,27.34524917602539,27.45400047302246,27.386743545532227,33976000
2015-04-30,27.39349937438965,27.429500579833984,26.752500534057617,26.867000579833984,26.80118179321289,41644000
2015-05-01,26.921499252319336,26.976999282836914,26.604999542236328,26.895000457763672,26.829113006591797,35364000
2015-05-04,26.92650032043457,27.203500747680664,26.753000259399414,27.038999557495117,26.972759246826172,26160000
2015-05-05,26.910499572753906,26.98699951171875,26.519550323486328,26.540000915527344,26.47498321533203,27662000
2015-05-06,26.562000274658203,26.618999481201172,26.054250717163086,26.211000442504883,26.146787643432617,31340000
2015-05-07,26.199499130249023,26.67300033569336,26.087499618530273,26.53499984741211,26.469995498657227,30926000
2015-05-08,26.832500457763672,27.0575008392334,26.25,26.910999298095703,26.845073699951172,30552000
2015-05-11,26.918500900268555,27.099000930786133,26.770000457763672,26.78499984741211,26.71938133239746,18106000
2015-05-12,26.579999923706055,26.660449981689453,26.26300048828125,26.45199966430664,26.387197494506836,32684000
2015-05-13,26.527999877929688,26.716100692749023,26.432750701904297,26.481000900268555,26.416128158569336,25046000
2015-05-14,26.688499450683594,26.950000762939453,26.620500564575195,26.920000076293945,26.854049682617188,28078000
2015-05-15,26.958999633789062,26.963699340820312,26.518999099731445,26.6924991607666,26.627107620239258,39426000
2015-05-18,26.600500106811523,26.740999221801758,26.4424991607666,26.614999771118164,26.5497989654541,40068000
2015-05-19,26.698999404907227,27.033000946044922,26.652000427246094,26.868000030517578,26.80217742919922,39338000
2015-05-20,26.92449951171875,27.145999908447266,26.64859962463379,26.963499069213867,26.897443771362305,28616000
2015-05-21,26.897499084472656,27.191999435424805,26.798999786376953,27.125499725341797,27.05904769897461,29254000
2015-05-22,27.00749969482422,27.20949935913086,26.975500106811523,27.00550079345703,26.939342498779297,23524000
2015-05-26,26.9060001373291,26.950000762939453,26.493999481201172,26.615999221801758,26.55079460144043,48130000
2015-05-27,26.639999389648438,27.02750015258789,26.585500717163086,26.989500045776367,26.92337989807129,30500000
2015-05-28,26.90049934387207,27.030500411987305,26.8125,26.98900032043457,26.922882080078125,20596000
2015-05-29,26.868499755859375,26.931499481201172,26.572500228881836,26.605499267578125,26.540321350097656,51948000
2015-06-01,26.839500427246094,26.839500427246094,26.488000869750977,26.699499130249023,26.634090423583984,38086000
2015-06-02,26.646499633789062,27.149999618530273,26.566499710083008,26.958999633789062,26.892955780029297,38780000
2015-06-03,26.995500564575195,27.174999237060547,26.855499267578125,27.015499114990234,26.949317932128906,34340000
2015-06-04,26.88800048828125,27.029499053955078,26.715999603271484,26.834999084472656,26.769258499145508,26966000
2015-06-05,26.8174991607666,26.860000610351562,26.625999450683594,26.666500091552734,26.601171493530273,27764000
2015-06-08,26.66550064086914,26.70599937438965,26.312000274658203,26.34149932861328,26.276968002319336,30412000
2015-06-09,26.378000259399414,26.459999084472656,26.15049934387207,26.33449935913086,26.26998519897461,29106000
2015-06-10,26.468000411987305,26.917999267578125,26.467500686645508,26.83449935913086,26.76875877380371,36300000
2015-06-11,26.921249389648438,26.948999404907227,26.650999069213867,26.730499267578125,26.665014266967773,24350000
2015-06-12,26.579999923706055,26.6560001373291,26.507999420166016,26.616500854492188,26.55129623413086,19116000
2015-06-15,26.399999618530273,26.415000915527344,26.200000762939453,26.360000610351562,26.29542350769043,32654000
2015-06-16,26.420000076293945,26.48200035095215,26.277999877929688,26.407499313354492,26.342805862426758,21436000
2015-06-17,26.4685001373291,26.548999786376953,26.2549991607666,26.46299934387207,26.398168563842773,25884000
2015-06-18,26.549999237060547,26.907499313354492,26.539499282836914,26.83650016784668,26.770755767822266,36662000
2015-06-19,26.86050033569336,26.912500381469727,26.65049934387207,26.83449935913086,26.76875877380371,37870000
2015-06-22,26.97949981689453,27.187000274658203,26.87649917602539,26.909500122070312,26.843578338623047,25006000
2015-06-23,26.98200035095215,27.074949264526367,26.762500762939453,27.02400016784668,26.95779800415039,23950000
2015-06-24,27.0,27.0,26.783000946044922,26.892000198364258,26.826120376586914,25732000
2015-06-25,26.943500518798828,27.045000076293945,26.761499404907227,26.761499404907227,26.695940017700195,26714000
2015-06-26,26.863000869750977,26.88800048828125,26.5674991607666,26.58449935913086,26.519372940063477,42182000
2015-06-29,26.250499725341797,26.430500030517578,26.027000427246094,26.076000213623047,26.01211929321289,38756000
2015-06-30,26.301000595092773,26.3125,26.024999618530273,26.02549934387207,25.961742401123047,44344000
2015-07-01,26.236499786376953,26.284500122070312,25.911500930786133,26.091999053955078,26.028078079223633,39220000
2015-07-02,26.054000854492188,26.232500076293945,26.054000854492188,26.170000076293945,26.10588836669922,24718000
2015-07-06,25.975000381469727,26.262500762939453,25.950000762939453,26.14299964904785,26.078954696655273,25610000
2015-07-07,26.1564998626709,26.30900001525879,25.759000778198242,26.250999450683594,26.186689376831055,31944000
2015-07-08,26.052499771118164,26.136699676513672,25.805500030517578,25.84149932861328,25.7781925201416,25934000
2015-07-09,26.1560001373291,26.188499450683594,26.017499923706055,26.034000396728516,25.97022247314453,36846000
2015-07-10,26.31450080871582,26.628000259399414,26.27750015258789,26.506500244140625,26.441564559936523,39134000
2015-07-13,26.643999099731445,27.355499267578125,26.6200008392334,27.327499389648438,27.26055335998535,44130000
2015-07-14,27.33799934387207,28.292449951171875,27.335500717163086,28.05500030517578,27.986270904541016,64882000
2015-07-15,28.006500244140625,28.325149536132812,27.839500427246094,28.01099967956543,27.9423770904541,35692000
2015-07-16,28.256000518798828,29.034000396728516,28.25,28.99250030517578,28.92147445678711,95366000
2015-07-17,32.45000076293945,33.7234001159668,32.25,33.64649963378906,33.5640754699707,223298000
2015-07-20,32.96200180053711,33.444000244140625,32.6505012512207,33.1510009765625,33.069786071777344,117218000
2015-07-21,32.760501861572266,33.650001525878906,32.71500015258789,33.1150016784668,33.033878326416016,67544000
2015-07-22,33.044498443603516,33.93199920654297,32.95000076293945,33.10499954223633,33.02389907836914,78586000
2015-07-23,33.063499450683594,33.18149948120117,32.04999923706055,32.2140007019043,32.13508224487305,60582000
2015-07-24,32.349998474121094,32.40850067138672,31.125999450683594,31.17799949645996,31.101619720458984,72514000
2015-07-27,31.049999237060547,31.71500015258789,31.024999618530273,31.363000869750977,31.28616714477539,53508000
2015-07-28,31.64150047302246,31.64150047302246,31.16550064086914,31.399999618530273,31.323076248168945,34546000
2015-07-29,31.440000534057617,31.667999267578125,31.13249969482422,31.596500396728516,31.519094467163086,31502000
2015-07-30,31.5,31.76099967956543,31.102500915527344,31.629499435424805,31.552013397216797,29484000
2015-07-31,31.569000244140625,31.64550018310547,31.274999618530273,31.280500411987305,31.203868865966797,34122000
2015-08-03,31.267000198364258,31.652799606323242,31.267000198364258,31.56049919128418,31.483182907104492,26090000
2015-08-04,31.42099952697754,31.74049949645996,31.357999801635742,31.462499618530273,31.385421752929688,29818000
2015-08-05,31.71649932861328,32.393001556396484,31.658000946044922,32.18899917602539,32.11014175415039,46686000
2015-08-06,32.25,32.268951416015625,31.612499237060547,32.13399887084961,32.05527877807617,31452000
2015-08-07,32.01150131225586,32.13399887084961,31.48550033569336,31.764999389648438,31.68718147277832,28078000
2015-08-10,31.974000930786133,32.172000885009766,31.562450408935547,31.686500549316406,31.608875274658203,36184000
2015-08-11,33.459999084472656,33.744998931884766,32.7135009765625,33.03900146484375,32.95806121826172,100584000
2015-08-12,33.15399932861328,33.25,32.614498138427734,32.97800064086914,32.897212982177734,58734000
2015-08-13,32.96609878540039,33.224998474121094,32.58304977416992,32.8224983215332,32.74209213256836,36214000
2015-08-14,32.7504997253418,32.99274826049805,32.632999420166016,32.85599899291992,32.775508880615234,21442000
2015-08-17,32.84000015258789,33.069000244140625,32.5620002746582,33.04349899291992,32.962547302246094,21034000
2015-08-18,33.095001220703125,33.20000076293945,32.67300033569336,32.80649948120117,32.726131439208984,29122000
2015-08-19,32.83000183105469,33.349998474121094,32.70949935913086,33.04499816894531,32.964046478271484,42682000
2015-08-20,32.77299880981445,33.14950180053711,32.14500045776367,32.34149932861328,32.26226806640625,57106000
2015-08-21,31.98900032043457,32.002498626708984,30.616500854492188,30.624000549316406,30.54897689819336,85304000
2015-08-24,28.649999618530273,29.96649932861328,28.252500534057617,29.480499267578125,29.408279418945312,115406000
2015-08-25,30.745500564575195,30.872499465942383,29.055500030517578,29.10300064086914,29.03170394897461,70760000
2015-08-26,30.517499923706055,31.585500717163086,29.952499389648438,31.430999755859375,31.354000091552734,84718000
2015-08-27,31.969999313354492,32.179500579833984,31.100000381469727,31.88050079345703,31.802398681640625,69826000
2015-08-28,31.641000747680664,31.8439998626709,31.22800064086914,31.518999099731445,31.441783905029297,39574000
2015-08-31,31.37700080871582,31.790000915527344,30.884000778198242,30.912500381469727,30.83677101135254,43534000
2015-09-01,30.118000030517578,30.64299964904785,29.704999923706055,29.88949966430664,29.81627655029297,74042000
2015-09-02,30.279499053955078,30.716999053955078,29.98550033569336,30.716999053955078,30.641748428344727,51512000
2015-09-03,30.850000381469727,30.98550033569336,30.141050338745117,30.3125,30.238239288330078,35192000
2015-09-04,30.0,30.173500061035156,29.762500762939453,30.03499984741211,29.9614200592041,41780000
2015-09-08,30.624500274658203,30.815500259399414,30.20599937438965,30.732999801635742,30.6577091217041,45590000
2015-09-09,31.06100082397461,31.326000213623047,30.479999542236328,30.63599967956543,30.56094741821289,34042000
2015-09-10,30.655000686645508,31.20800018310547,30.571500778198242,31.0674991607666,30.991390228271484,38106000
2015-09-11,30.987499237060547,31.288999557495117,30.871000289916992,31.28849983215332,31.211849212646484,27470000
2015-09-14,31.28499984741211,31.292999267578125,30.971500396728516,31.16200065612793,31.085660934448242,34046000
2015-09-15,31.334999084472656,31.934999465942383,31.18899917602539,31.756999969482422,31.679201126098633,41688000
2015-09-16,31.773500442504883,31.897499084472656,31.615999221801758,31.798999786376953,31.721099853515625,25730000
2015-09-17,31.88949966430664,32.54499816894531,31.750999450683594,32.14500045776367,32.06624984741211,45494000
2015-09-18,31.839500427246094,32.0,31.35099983215332,31.462499618530273,31.385421752929688,102668000
2015-09-21,31.719999313354492,31.824499130249023,31.297000885009766,31.77199935913086,31.694164276123047,35770000
2015-09-22,31.350000381469727,31.377500534057617,30.771499633789062,31.13450050354004,31.0582275390625,51258000
2015-09-23,31.102500915527344,31.446500778198242,31.0,31.118000030517578,31.041767120361328,29418000
2015-09-24,30.832000732421875,31.365999221801758,30.6200008392334,31.290000915527344,31.213346481323242,44802000
2015-09-25,31.488500595092773,31.488500595092773,30.549999237060547,30.598499298095703,30.52353858947754,43480000
2015-09-28,30.517000198364258,30.730249404907227,29.4689998626709,29.74449920654297,29.671630859375,62554000
2015-09-29,29.86400032043457,30.25,29.51099967956543,29.74850082397461,29.675622940063477,46190000
2015-09-30,30.163999557495117,30.437999725341797,30.036500930786133,30.42099952697754,30.346473693847656,48268000
2015-10-01,30.418500900268555,30.60449981689453,29.99250030517578,30.56450080871582,30.489622116088867,37352000
2015-10-02,30.360000610351562,31.367000579833984,30.1564998626709,31.345500946044922,31.26871109008789,53696000
2015-10-05,31.600000381469727,32.1505012512207,31.350000381469727,32.07350158691406,31.99492835998535,36072000
2015-10-06,31.941999435424805,32.462501525878906,31.826499938964844,32.27199935913086,32.19293975830078,43326000
2015-10-07,32.46200180053711,32.53044891357422,31.607500076293945,32.11800003051758,32.03931427001953,41854000
2015-10-08,32.06800079345703,32.22249984741211,31.277999877929688,31.95800018310547,31.879709243774414,43642000
2015-10-09,32.0,32.29949951171875,31.765899658203125,32.18050003051758,32.10166549682617,32974000
2015-10-12,32.10449981689453,32.42499923706055,31.95050048828125,32.333499908447266,32.25428771972656,25504000
2015-10-13,32.157501220703125,32.89059829711914,32.157501220703125,32.6150016784668,32.53510284423828,36154000
2015-10-14,32.660499572753906,32.96950149536133,32.442501068115234,32.55799865722656,32.47823715209961,28310000
2015-10-15,32.733001708984375,33.15650177001953,32.722999572753906,33.08700180053711,33.005943298339844,37714000
2015-10-16,33.205501556396484,33.24850082397461,32.86000061035156,33.11000061035156,33.02888488769531,32222000
2015-10-19,33.058998107910156,33.340999603271484,32.979000091552734,33.30500030517578,33.22340774536133,29546000
2015-10-20,33.20199966430664,33.236000061035156,32.20975112915039,32.513999938964844,32.434349060058594,49964000
2015-10-21,32.70750045776367,32.79349899291992,32.08649826049805,32.13050079345703,32.051788330078125,35822000
2015-10-22,32.334999084472656,32.88999938964844,32.20050048828125,32.589500427246094,32.50966262817383,81420000
2015-10-23,36.375,36.5,35.07500076293945,35.099998474121094,35.01401138305664,133078000
2015-10-26,35.07749938964844,35.95750045776367,35.0629997253418,35.638999938964844,35.551692962646484,54332000
2015-10-27,35.36899948120117,35.680999755859375,35.227500915527344,35.42449951171875,35.33771514892578,44916000
2015-10-28,35.36650085449219,35.64899826049805,35.15399932861328,35.647499084472656,35.5601692199707,43578000
2015-10-29,35.525001525878906,35.91299819946289,35.5004997253418,35.84600067138672,35.75818634033203,29120000
2015-10-30,35.7864990234375,35.900001525878906,35.502498626708984,35.54050064086914,35.453433990478516,38176000
2015-11-02,35.553001403808594,36.08100128173828,35.29249954223633,36.05550003051758,35.96717071533203,37726000
2015-11-03,35.94300079345703,36.23249816894531,35.736000061035156,36.108001708984375,36.0195426940918,31308000
2015-11-04,36.099998474121094,36.654998779296875,36.095001220703125,36.40549850463867,36.316314697265625,34134000
2015-11-05,36.4734992980957,36.9739990234375,36.4734992980957,36.5625,36.472930908203125,37232000
2015-11-06,36.57500076293945,36.77050018310547,36.35049819946289,36.6879997253418,36.59811782836914,30232000
2015-11-09,36.5099983215332,36.73550033569336,35.971500396728516,36.24449920654297,36.155704498291016,41396000
2015-11-10,36.220001220703125,36.52949905395508,35.92499923706055,36.41600036621094,36.326786041259766,32160000
2015-11-11,36.62300109863281,37.04999923706055,36.51150131225586,36.77000045776367,36.6799201965332,27328000
2015-11-12,36.54999923706055,36.88999938964844,36.4322509765625,36.561500549316406,36.47193145751953,36744000
2015-11-13,36.458499908447266,36.557498931884766,35.83649826049805,35.849998474121094,35.76217269897461,41510000
2015-11-16,35.779998779296875,36.4744987487793,35.56650161743164,36.448001861572266,36.35871124267578,38118000
2015-11-17,36.464500427246094,36.59225082397461,36.15134811401367,36.26499938964844,36.17615509033203,30218000
2015-11-18,36.37900161743164,37.070499420166016,36.349998474121094,37.0,36.909358978271484,33686000
2015-11-19,36.9370002746582,37.099998474121094,36.871498107910156,36.920501708984375,36.83005142211914,26542000
2015-11-20,37.326499938964844,37.895999908447266,37.150001525878906,37.83000183105469,37.737327575683594,44246000
2015-11-23,37.872501373291016,38.135398864746094,37.590999603271484,37.79899978637695,37.70640182495117,28290000
2015-11-24,37.599998474121094,37.76395034790039,36.881500244140625,37.41400146484375,37.32234191894531,46662000
2015-11-25,37.40700149536133,37.599998474121094,37.303001403808594,37.407501220703125,37.31585693359375,22442000
2015-11-27,37.42300033569336,37.670501708984375,37.3745002746582,37.51300048828125,37.42110061645508,16770000
2015-11-30,37.44049835205078,37.746498107910156,37.063499450683594,37.130001068115234,37.039039611816406,41952000
2015-12-01,37.355499267578125,38.4474983215332,37.334999084472656,38.35200119018555,38.2580451965332,42692000
2015-12-02,38.44499969482422,38.79774856567383,37.948001861572266,38.11899948120117,38.02561569213867,44608000
2015-12-03,38.300498962402344,38.44974899291992,37.28150177001953,37.62699890136719,37.534820556640625,51812000
2015-12-04,37.654998779296875,38.42449951171875,37.5,38.34049987792969,38.24657440185547,55146000
2015-12-07,38.38850021362305,38.436500549316406,37.75450134277344,38.162498474121094,38.069007873535156,36246000
2015-12-08,37.894500732421875,38.2400016784668,37.709999084472656,38.118499755859375,38.025115966796875,36590000
2015-12-09,37.958499908447266,38.21149826049805,36.85005187988281,37.580501556396484,37.48843765258789,54000000
2015-12-10,37.64250183105469,37.79249954223633,37.19150161743164,37.472999572753906,37.38119888305664,39768000
2015-12-11,37.05799865722656,37.285499572753906,36.837501525878906,36.94350051879883,36.85299301147461,44488000
2015-12-14,37.089500427246094,37.436500549316406,36.208499908447266,37.38850021362305,37.296905517578125,48250000
2015-12-15,37.650001525878906,37.90399932861328,37.1505012512207,37.16999816894531,37.07893753051758,53324000
2015-12-16,37.5,38.02949905395508,36.97174835205078,37.90449905395508,37.81163787841797,39866000
2015-12-17,38.12099838256836,38.13399887084961,37.45000076293945,37.471500396728516,37.37969970703125,31068000
2015-12-18,37.32550048828125,37.70650100708008,36.907501220703125,36.96549987792969,36.874942779541016,62974000
2015-12-21,37.30649948120117,37.5,37.0,37.38850021362305,37.296905517578125,30514000
2015-12-22,37.58250045776367,37.74250030517578,37.2765007019043,37.5,37.40813446044922,27308000
2015-12-23,37.673500061035156,37.71049880981445,37.20000076293945,37.515499114990234,37.42359161376953,31318000
2015-12-24,37.477500915527344,37.567501068115234,37.33100128173828,37.41999816894531,37.32832717895508,10544000
2015-12-28,37.645999908447266,38.14950180053711,37.47600173950195,38.1254997253418,38.032100677490234,30306000
2015-12-29,38.33449935913086,38.999000549316406,38.32149887084961,38.83000183105469,38.7348747253418,35300000
2015-12-30,38.83000183105469,38.880001068115234,38.345001220703125,38.54999923706055,38.45555877685547,25866000
2015-12-31,38.474998474121094,38.474998474121094,37.91699981689453,37.944000244140625,37.85104751586914,30018000
2016-01-04,37.150001525878906,37.202999114990234,36.56290054321289,37.09199905395508,37.001129150390625,65456000
2016-01-05,37.3224983215332,37.599998474121094,36.93199920654297,37.12900161743164,37.03804016113281,39014000
2016-01-06,36.5,37.35900115966797,36.44599914550781,37.180999755859375,37.08991241455078,38940000
2016-01-07,36.515499114990234,36.92499923706055,35.952999114990234,36.31949996948242,36.23052215576172,59274000
2016-01-08,36.5724983215332,36.6614990234375,35.650001525878906,35.7234992980957,35.635986328125,49018000
2016-01-11,35.830501556396484,35.9427490234375,35.176998138427734,35.80149841308594,35.71379089355469,41812000
2016-01-12,36.08399963378906,36.4375,35.865848541259766,36.30350112915039,36.21456527709961,40490000
2016-01-13,36.54249954223633,36.73699951171875,34.93050003051758,35.02799987792969,34.94218444824219,50034000
2016-01-14,35.26900100708008,36.096248626708984,34.45500183105469,35.736000061035156,35.64845275878906,44516000
2016-01-15,34.614498138427734,35.33700180053711,34.26850128173828,34.72249984741211,34.63743591308594,72162000
2016-01-19,35.165000915527344,35.499000549316406,34.670501708984375,35.089500427246094,35.003536224365234,45362000
2016-01-20,34.43050003051758,35.342498779296875,33.66299819946289,34.92250061035156,34.83694839477539,68900000
2016-01-21,35.10900115966797,35.95949935913086,34.722999572753906,35.329498291015625,35.242950439453125,48244000
2016-01-22,36.18000030517578,36.40650177001953,36.00605010986328,36.26250076293945,36.17366409301758,40236000
2016-01-25,36.17900085449219,36.48400115966797,35.5004997253418,35.583499908447266,35.4963264465332,34234000
2016-01-26,35.692501068115234,35.91400146484375,35.32400131225586,35.652000427246094,35.564659118652344,26634000
2016-01-27,35.68349838256836,35.91175079345703,34.71950149536133,34.9995002746582,34.91375732421875,43884000
2016-01-28,36.111000061035156,36.68450164794922,35.61750030517578,36.54800033569336,36.458465576171875,53528000
2016-01-29,36.576499938964844,37.2495002746582,36.34000015258789,37.147499084472656,37.056495666503906,69486000
2016-02-01,37.52299880981445,37.893001556396484,37.16350173950195,37.599998474121094,37.50788497924805,102784000
2016-02-02,39.224998474121094,39.493499755859375,38.23249816894531,38.23249816894531,38.13883590698242,126962000
2016-02-03,38.51100158691406,38.724998474121094,36.025001525878906,36.34749984741211,36.25845718383789,123420000
2016-02-04,36.140499114990234,36.349998474121094,35.09299850463867,35.4005012512207,35.313777923583984,103374000
2016-02-05,35.19350051879883,35.199501037597656,34.00749969482422,34.17850112915039,34.09476852416992,102114000
2016-02-08,33.39250183105469,34.201499938964844,33.15299987792969,34.137001037597656,34.053375244140625,84948000
2016-02-09,33.61600112915039,34.994998931884766,33.438499450683594,33.90549850463867,33.82243728637695,72178000
2016-02-10,34.34299850463867,35.06549835205078,34.10649871826172,34.20600128173828,34.1222038269043,52760000
2016-02-11,33.75,34.467498779296875,33.44340133666992,34.15549850463867,34.07182312011719,60480000
2016-02-12,34.51300048828125,34.6875,33.93000030517578,34.119998931884766,34.03641128540039,42828000
2016-02-16,34.64899826049805,34.900001525878906,34.252498626708984,34.54999923706055,34.46535873413086,50400000
2016-02-17,34.90449905395508,35.48749923706055,34.569000244140625,35.41999816894531,35.33322525024414,49852000
2016-02-18,35.5,35.61750030517578,34.80149841308594,34.86750030517578,34.782081604003906,37664000
2016-02-19,34.75149917602539,35.154048919677734,34.70249938964844,35.045501708984375,34.95964431762695,31786000
2016-02-22,35.372501373291016,35.6619987487793,35.1254997253418,35.323001861572266,35.23646926879883,38996000
2016-02-23,35.0724983215332,35.41999816894531,34.67900085449219,34.79249954223633,34.70726776123047,40186000
2016-02-24,34.44599914550781,35.0,34.03900146484375,34.97800064086914,34.892311096191406,39272000
2016-02-25,35.0004997253418,35.29899978637695,34.52925109863281,35.287498474121094,35.2010498046875,32844000
2016-02-26,35.42900085449219,35.67150115966797,35.042999267578125,35.253501892089844,35.167137145996094,44870000
2016-02-29,35.01599884033203,35.544498443603516,34.88399887084961,34.88850021362305,34.80303192138672,49622000
2016-03-01,35.180999755859375,35.94049835205078,34.98849868774414,35.94049835205078,35.85245132446289,43028000
2016-03-02,35.95000076293945,36.0,35.599998474121094,35.942501068115234,35.85444641113281,32580000
2016-03-03,35.933998107910156,35.97249984741211,35.30099868774414,35.62099838256836,35.53373336791992,39160000
2016-03-04,35.7495002746582,35.824501037597656,35.30099868774414,35.544498443603516,35.457420349121094,39442000
2016-03-07,35.345001220703125,35.40454864501953,34.345001220703125,34.757999420166016,34.6728515625,59702000
2016-03-08,34.429500579833984,35.18949890136719,34.266998291015625,34.69850158691406,34.61349868774414,41526000
2016-03-09,34.923500061035156,35.284000396728516,34.70000076293945,35.262001037597656,35.17561721801758,28430000
2016-03-10,35.40599822998047,35.821998596191406,35.167999267578125,35.64099884033203,35.55368423461914,56670000
2016-03-11,36.0,36.34600067138672,35.85625076293945,36.340999603271484,36.25197219848633,39416000
2016-03-14,36.34049987792969,36.775001525878906,36.25749969482422,36.52450180053711,36.43502426147461,34366000
2016-03-15,36.34600067138672,36.614498138427734,36.23849868774414,36.416500091552734,36.32728576660156,34420000
2016-03-16,36.31850051879883,36.87350082397461,36.22549819946289,36.804500579833984,36.71433639526367,32488000
2016-03-17,36.8224983215332,37.153499603271484,36.79999923706055,36.888999938964844,36.79862976074219,37216000
2016-03-18,37.09299850463867,37.099998474121094,36.59149932861328,36.880001068115234,36.789649963378906,59614000
2016-03-21,36.82500076293945,37.125,36.67580032348633,37.10449981689453,37.01360321044922,36730000
2016-03-22,36.87300109863281,37.25,36.87300109863281,37.037498474121094,36.94676208496094,25394000
2016-03-23,37.11800003051758,37.2859992980957,36.807498931884766,36.90299987792969,36.81259536743164,28642000
2016-03-24,36.60049819946289,36.88734817504883,36.54999923706055,36.76499938964844,36.67493438720703,31898000
2016-03-28,36.839500427246094,36.949501037597656,36.625,36.67649841308594,36.586647033691406,26026000
2016-03-29,36.72949981689453,37.36249923706055,36.4379997253418,37.23849868774414,37.147274017333984,38076000
2016-03-30,37.505001068115234,37.89400100708008,37.4370002746582,37.5265007019043,37.434566497802734,35648000
2016-03-31,37.462501525878906,37.54249954223633,37.047000885009766,37.247501373291016,37.156253814697266,34376000
2016-04-01,36.93000030517578,37.516998291015625,36.849998474121094,37.49549865722656,37.40364074707031,31534000
2016-04-04,37.50299835205078,37.63999938964844,37.121498107910156,37.26449966430664,37.17321014404297,22684000
2016-04-05,36.900001525878906,37.13999938964844,36.76850128173828,36.88999938964844,36.799625396728516,22646000
2016-04-06,36.78850173950195,37.3120002746582,36.77799987792969,37.28450012207031,37.19316101074219,21074000
2016-04-07,37.26850128173828,37.349998474121094,36.81399917602539,37.013999938964844,36.92332077026367,29064000
2016-04-08,37.19850158691406,37.272499084472656,36.77750015258789,36.95750045776367,36.86696243286133,25816000
2016-04-11,37.1510009765625,37.25,36.8025016784668,36.80500030517578,36.71483612060547,24402000
2016-04-12,36.900001525878906,37.19150161743164,36.550498962402344,37.15449905395508,37.063480377197266,27060000
2016-04-13,37.45800018310547,37.71900177001953,37.213050842285156,37.58599853515625,37.493919372558594,34142000
2016-04-14,37.70050048828125,37.865501403808594,37.635250091552734,37.65999984741211,37.5677375793457,22706000
2016-04-15,37.69900131225586,38.04999923706055,37.634700775146484,37.95000076293945,37.85702896118164,36186000
2016-04-18,38.02299880981445,38.40250015258789,37.8650016784668,38.330501556396484,38.23659896850586,31176000
2016-04-19,38.47549819946289,38.494998931884766,37.46649932861328,37.69649887084961,37.604148864746094,40610000
2016-04-20,37.900001525878906,37.90660095214844,37.5004997253418,37.63349914550781,37.54130554199219,30584000
2016-04-21,37.76900100708008,38.022499084472656,37.477500915527344,37.957000732421875,37.864013671875,61210000
2016-04-22,36.314998626708984,36.805999755859375,35.68050003051758,35.938499450683594,35.850460052490234,119038000
2016-04-25,35.80500030517578,36.19649887084961,35.77949905395508,36.157501220703125,36.06892013549805,39184000
2016-04-26,36.270999908447266,36.288299560546875,35.15129852294922,35.40700149536133,35.32026290893555,54892000
2016-04-27,35.364498138427734,35.44900131225586,34.61825180053711,35.29199981689453,35.20553970336914,61972000
2016-04-28,35.41299819946289,35.708499908447266,34.477500915527344,34.55099868774414,34.46635437011719,57346000
2016-04-29,34.53499984741211,34.88100051879883,34.45000076293945,34.6505012512207,34.565616607666016,49754000
2016-05-02,34.881500244140625,35.03200149536133,34.54999923706055,34.910499572753906,34.824974060058594,32906000
2016-05-03,34.84349822998047,34.891998291015625,34.599998474121094,34.61800003051758,34.5331916809082,30876000
2016-05-04,34.52450180053711,34.98749923706055,34.45050048828125,34.78499984741211,34.69978332519531,33870000
2016-05-05,34.8849983215332,35.11600112915039,34.7859992980957,35.07149887084961,34.98558044433594,33670000
2016-05-06,34.91899871826172,35.59299850463867,34.90534973144531,35.555999755859375,35.468894958496094,36586000
2016-05-09,35.599998474121094,35.93550109863281,35.5,35.64500045776367,35.55767822265625,30206000
2016-05-10,35.837501525878906,36.17499923706055,35.7859992980957,36.159000396728516,36.07041931152344,31392000
2016-05-11,36.170501708984375,36.2239990234375,35.63999938964844,35.76449966430664,35.676883697509766,33842000
2016-05-12,35.85300064086914,35.962501525878906,35.45000076293945,35.66550064086914,35.578128814697266,27214000
2016-05-13,35.596500396728516,35.833099365234375,35.4630012512207,35.541500091552734,35.45443344116211,26290000
2016-05-16,35.45650100708008,35.92399978637695,35.282501220703125,35.824501037597656,35.73673629760742,26342000
2016-05-17,35.79949951171875,36.07600021362305,35.205501556396484,35.311500549316406,35.22499465942383,40024000
2016-05-18,35.18349838256836,35.58000183105469,35.03150177001953,35.33150100708008,35.24494552612305,35336000
2016-05-19,35.11800003051758,35.29999923706055,34.84000015258789,35.01599884033203,34.93021774291992,33404000
2016-05-20,35.08100128173828,35.729000091552734,35.0260009765625,35.48699951171875,35.400062561035156,36568000
2016-05-23,35.326499938964844,35.57389831542969,35.20899963378906,35.21200180053711,35.12574005126953,26614000
2016-05-24,35.34299850463867,36.048500061035156,35.34299850463867,36.00450134277344,35.916297912597656,38590000
2016-05-25,36.03799819946289,36.3754997253418,35.98524856567383,36.26350021362305,36.17466354370117,32584000
2016-05-26,36.14350128173828,36.416500091552734,36.013999938964844,36.20600128173828,36.117305755615234,31526000
2016-05-27,36.20050048828125,36.696800231933594,36.20000076293945,36.632999420166016,36.54325485229492,39500000
2016-05-31,36.58700180053711,36.98649978637695,36.5629997253418,36.7859992980957,36.69588088989258,42590000
2016-06-01,36.72650146484375,36.86050033569336,36.53300094604492,36.70750045776367,36.617576599121094,25072000
2016-06-02,36.625,36.6510009765625,36.208499908447266,36.52000045776367,36.4305305480957,26836000
2016-06-03,36.4635009765625,36.4744987487793,36.02799987792969,36.117000579833984,36.02851867675781,24526000
2016-06-06,36.24549865722656,36.24549865722656,35.730499267578125,35.82749938964844,35.73973083496094,31306000
2016-06-07,35.992000579833984,36.0989990234375,35.82749938964844,35.83250045776367,35.74471664428711,26724000
2016-06-08,36.198001861572266,36.42850112915039,36.02899932861328,36.41400146484375,36.32479476928711,31674000
2016-06-09,36.14350128173828,36.47700119018555,36.116798400878906,36.42900085449219,36.339759826660156,19778000
2016-06-10,35.9734992980957,36.294498443603516,35.82149887084961,35.97050094604492,35.882381439208984,24328000
2016-06-13,35.82550048828125,36.27199935913086,35.82550048828125,35.917999267578125,35.83000946044922,25178000
2016-06-14,35.82400131225586,36.12350082397461,35.65599822998047,35.91350173950195,35.82551956176758,26122000
2016-06-15,35.95000076293945,36.14899826049805,35.865501403808594,35.94599914550781,35.85793685913086,24290000
2016-06-16,35.74549865722656,35.83250045776367,35.16299819946289,35.518001556396484,35.430992126464844,39650000
2016-06-17,35.432498931884766,35.441001892089844,34.42259979248047,34.58599853515625,34.50127029418945,68048000
2016-06-20,34.938499450683594,35.124000549316406,34.670501708984375,34.68550109863281,34.600528717041016,41650000
2016-06-21,34.91999816894531,35.13850021362305,34.60049819946289,34.797000885009766,34.711753845214844,29312000
2016-06-22,34.952999114990234,35.042999267578125,34.65409851074219,34.87300109863281,34.78757095336914,23686000
2016-06-23,34.872501373291016,35.09749984741211,34.349998474121094,35.09349822998047,35.00752639770508,43428000
2016-06-24,33.75849914550781,34.470001220703125,33.67250061035156,33.76100158691406,33.67829513549805,88980000
2016-06-27,33.54999923706055,33.6150016784668,33.16419982910156,33.41299819946289,33.33114242553711,52580000
2016-06-28,33.94850158691406,34.01649856567383,33.650001525878906,34.00199890136719,33.918701171875,43476000
2016-06-29,34.150001525878906,34.3714485168457,34.070499420166016,34.205501556396484,34.1217041015625,38652000
2016-06-30,34.27349853515625,34.61600112915039,34.182498931884766,34.60499954223633,34.52022171020508,31954000
2016-07-01,34.61000061035156,35.032501220703125,34.60649871826172,34.96049880981445,34.874855041503906,26894000
2016-07-05,34.803001403808594,34.84700012207031,34.444000244140625,34.747501373291016,34.662376403808594,29252000
2016-07-06,34.499000549316406,35.08399963378906,34.454498291015625,34.88850021362305,34.80303192138672,28238000
2016-07-07,34.90399932861328,34.90999984741211,34.41075134277344,34.768001556396484,34.68282699584961,26084000
2016-07-08,34.974998474121094,35.285499572753906,34.82175064086914,35.28150177001953,35.195068359375,31504000
2016-07-11,35.40250015258789,35.82550048828125,35.36199951171875,35.75450134277344,35.666908264160156,22236000
2016-07-12,35.95600128173828,36.14699935913086,35.795501708984375,36.03200149536133,35.943729400634766,26738000
2016-07-13,36.180999755859375,36.20000076293945,35.842498779296875,35.8489990234375,35.76117706298828,18718000
2016-07-14,36.07899856567383,36.11050033569336,35.9015007019043,36.04750061035156,35.959190368652344,19004000
2016-07-15,36.2864990234375,36.2869987487793,35.95275115966797,35.99250030517578,35.90432357788086,25586000
2016-07-18,36.135501861572266,36.80649948120117,36.05950164794922,36.68899917602539,36.599117279052734,25910000
2016-07-19,36.49449920654297,36.8494987487793,36.45000076293945,36.847999572753906,36.757728576660156,24550000
2016-07-20,36.86650085449219,37.10649871826172,36.85499954223633,37.05950164794922,36.968711853027344,25794000
2016-07-21,37.018001556396484,37.08449935913086,36.79154968261719,36.93149948120117,36.84102249145508,20526000
2016-07-22,37.09299850463867,37.1619987487793,36.827999114990234,37.137001037597656,37.046024322509766,25196000
2016-07-25,37.03350067138672,37.13050079345703,36.875,36.98849868774414,36.897884368896484,20648000
2016-07-26,36.95199966430664,37.08449935913086,36.7135009765625,36.92100143432617,36.83055114746094,23734000
2016-07-27,36.91400146484375,37.222999572753906,36.849998474121094,37.0885009765625,36.99763870239258,30250000
2016-07-28,37.35200119018555,37.432498931884766,36.96500015258789,37.295501708984375,37.20413589477539,70604000
2016-07-29,38.635501861572266,38.9275016784668,38.3385009765625,38.43949890136719,38.34532928466797,76830000
2016-08-01,38.054500579833984,39.02149963378906,38.054500579833984,38.64400100708008,38.5493278503418,54010000
2016-08-02,38.43450164794922,38.79199981689453,38.39250183105469,38.55350112915039,38.459049224853516,35690000
2016-08-03,38.35900115966797,38.660499572753906,38.340999603271484,38.659000396728516,38.564292907714844,25748000
2016-08-04,38.611000061035156,38.70349884033203,38.43975067138672,38.580501556396484,38.485984802246094,22806000
2016-08-05,38.68899917602539,39.152000427246094,38.617000579833984,39.111000061035156,39.01518249511719,36024000
2016-08-08,39.099998474121094,39.131500244140625,38.90454864501953,39.0880012512207,38.99224090576172,22158000
2016-08-09,39.05500030517578,39.446998596191406,39.028499603271484,39.2130012512207,39.11693572998047,26378000
2016-08-10,39.1875,39.340599060058594,39.13890075683594,39.23400115966797,39.13788604736328,15728000
2016-08-11,39.25,39.48749923706055,39.14849853515625,39.24250030517578,39.1463623046875,19502000
2016-08-12,39.07500076293945,39.16975021362305,39.02000045776367,39.1609992980957,39.0650634765625,14810000
2016-08-15,39.1875,39.3745002746582,39.00550079345703,39.12200164794922,39.026161193847656,18764000
2016-08-16,39.01499938964844,39.04899978637695,38.67219924926758,38.856998443603516,38.76180648803711,20560000
2016-08-17,38.86600112915039,39.04050064086914,38.67649841308594,38.99549865722656,38.899967193603516,18484000
2016-08-18,39.0004997253418,39.143001556396484,38.849998474121094,38.875,38.77976608276367,14388000
2016-08-19,38.75,38.85499954223633,38.65650177001953,38.770999908447266,38.676021575927734,17230000
2016-08-22,38.66350173950195,38.72700119018555,38.502498626708984,38.60749816894531,38.512916564941406,19028000
2016-08-23,38.77399826049805,38.821998596191406,38.58924865722656,38.604000091552734,38.50942611694336,18564000
2016-08-24,38.52899932861328,38.724998474121094,38.35350036621094,38.481998443603516,38.387725830078125,21440000
2016-08-25,38.349998474121094,38.59450149536133,38.15924835205078,38.47050094604492,38.37625503540039,18538000
2016-08-26,38.45000076293945,38.80400085449219,38.29249954223633,38.47700119018555,38.38274002075195,23334000
2016-08-29,38.4370002746582,38.7495002746582,38.33074951171875,38.60749816894531,38.512916564941406,16952000
2016-08-30,38.46649932861328,38.72330093383789,38.34199905395508,38.454498291015625,38.360294342041016,22600000
2016-08-31,38.35049819946289,38.454498291015625,38.26900100708008,38.352500915527344,38.258544921875,24972000
2016-09-01,38.462501525878906,38.55099868774414,38.21500015258789,38.43899917602539,38.34482955932617,18502000
2016-09-02,38.6505012512207,38.69599914550781,38.420501708984375,38.573001861572266,38.47850799560547,21454000
2016-09-06,38.67250061035156,39.099998474121094,38.54999923706055,39.00400161743164,38.908447265625,28856000
2016-09-07,39.0,39.13650131225586,38.810001373291016,39.01750183105469,38.92191696166992,17874000
2016-09-08,38.929500579833984,39.01750183105469,38.67900085449219,38.76599884033203,38.67102813720703,25406000
2016-09-09,38.505001068115234,38.66225051879883,37.983001708984375,37.983001708984375,37.889949798583984,37710000
2016-09-12,37.756500244140625,38.51449966430664,37.70000076293945,38.45100021362305,38.35680389404297,26220000
2016-09-13,38.2239990234375,38.31100082397461,37.790000915527344,37.984500885009766,37.891448974609375,27900000
2016-09-14,37.980499267578125,38.38399887084961,37.955501556396484,38.1245002746582,38.03110122680664,21748000
2016-09-15,38.144500732421875,38.689998626708984,37.99800109863281,38.5880012512207,38.49346923828125,26102000
2016-09-16,38.48749923706055,38.48749923706055,38.233001708984375,38.444000244140625,38.34981918334961,40986000
2016-09-19,38.62099838256836,38.70000076293945,38.222049713134766,38.28499984741211,38.19120788574219,23456000
2016-09-20,38.45000076293945,38.666500091552734,38.42649841308594,38.570499420166016,38.476009368896484,19572000
2016-09-21,38.632999420166016,38.858001708984375,38.4150505065918,38.81100082397461,38.71592330932617,23356000
2016-09-22,39.0,39.49250030517578,38.922000885009766,39.36050033569336,39.26407241821289,29724000
2016-09-23,39.329498291015625,39.44649887084961,39.20750045776367,39.345001220703125,39.24861526489258,28238000
2016-09-26,39.137001037597656,39.137001037597656,38.653499603271484,38.71049880981445,38.615665435791016,30664000
2016-09-27,38.775001525878906,39.29949951171875,38.71540069580078,39.1505012512207,39.05459213256836,23064000
2016-09-28,38.89250183105469,39.09049987792969,38.74850082397461,39.077999114990234,38.98226547241211,22196000
2016-09-29,39.071998596191406,39.290000915527344,38.71160125732422,38.7504997253418,38.65557098388672,26294000
2016-09-30,38.81650161743164,39.047000885009766,38.704498291015625,38.864498138427734,38.769287109375,31706000
2016-10-03,38.712501525878906,38.80324935913086,38.474998474121094,38.62799835205078,38.53336715698242,25576000
2016-10-04,38.80149841308594,38.93550109863281,38.644500732421875,38.82149887084961,38.72639465332031,24028000
2016-10-05,38.96549987792969,39.10350036621094,38.782501220703125,38.82350158691406,38.728389739990234,29224000
2016-10-06,38.95000076293945,39.02399826049805,38.777000427246094,38.84299850463867,38.747840881347656,21414000
2016-10-07,38.983001708984375,38.983001708984375,38.537498474121094,38.75400161743164,38.659061431884766,18664000
2016-10-10,38.885501861572266,39.46900177001953,38.79349899291992,39.297000885009766,39.20072937011719,23498000
2016-10-11,39.33300018310547,39.61399841308594,39.02899932861328,39.153499603271484,39.05758285522461,27450000
2016-10-12,39.1879997253418,39.40650177001953,39.10300064086914,39.30699920654297,39.2107048034668,18748000
2016-10-13,39.06100082397461,39.06100082397461,38.650001525878906,38.90950012207031,38.814178466796875,27306000
2016-10-14,39.08250045776367,39.1974983215332,38.79999923706055,38.92649841308594,38.83113479614258,17050000
2016-10-17,38.9900016784668,39.29249954223633,38.875,38.99800109863281,38.902462005615234,21860000
2016-10-18,39.39250183105469,40.080501556396484,39.27825164794922,39.76300048828125,39.66558837890625,41138000
2016-10-19,39.9119987487793,40.22999954223633,39.9015007019043,40.07500076293945,39.97682571411133,35336000
2016-10-20,40.165000915527344,40.19850158691406,39.80149841308594,39.8484992980957,39.750877380371094,35150000
2016-10-21,39.75,39.974998474121094,39.70000076293945,39.96849822998047,39.870582580566406,25324000
2016-10-24,40.244998931884766,40.75899887084961,40.24100112915039,40.65549850463867,40.55590057373047,33950000
2016-10-25,40.83399963378906,40.83399963378906,40.25699996948242,40.38349914550781,40.284568786621094,31528000
2016-10-26,40.31700134277344,40.3489990234375,39.816001892089844,39.95349884033203,39.855621337890625,32954000
2016-10-27,40.04999923706055,40.17449951171875,39.57500076293945,39.76750183105469,39.67007827758789,54984000
2016-10-28,40.41749954223633,40.77450180053711,39.679500579833984,39.76850128173828,39.671077728271484,85398000
2016-10-31,39.77349853515625,39.84299850463867,39.20000076293945,39.22700119018555,39.13090133666992,48546000
2016-11-01,39.144500732421875,39.4744987487793,38.777000427246094,39.18050003051758,39.08451461791992,48128000
2016-11-02,38.90999984741211,39.08250045776367,38.17250061035156,38.435001373291016,38.340843200683594,37448000
2016-11-03,38.36249923706055,38.497501373291016,37.951499938964844,38.10649871826172,38.013145446777344,38864000
2016-11-04,37.53300094604492,38.518001556396484,37.52804946899414,38.10100173950195,38.007659912109375,42696000
2016-11-07,38.724998474121094,39.259498596191406,38.627498626708984,39.125999450683594,39.030147552490234,31702000
2016-11-08,39.16999816894531,39.78165054321289,39.009498596191406,39.5255012512207,39.428672790527344,27338000
2016-11-09,38.99700164794922,39.56135177612305,38.583499908447266,39.265499114990234,39.16930389404297,52142000
2016-11-10,39.55849838256836,39.55849838256836,37.60900115966797,38.12799835205078,38.03459167480469,94904000
2016-11-11,37.82699966430664,38.03900146484375,37.51900100708008,37.70100021362305,37.608638763427734,48636000
2016-11-14,37.779998779296875,37.89250183105469,36.37699890136719,36.80400085449219,36.713836669921875,73088000
2016-11-15,37.3484992980957,38.22079849243164,37.3484992980957,37.92449951171875,37.83159255981445,47680000
2016-11-16,37.7599983215332,38.31800079345703,37.5255012512207,38.2239990234375,38.13035583496094,29452000
2016-11-17,38.34600067138672,38.6349983215332,38.21149826049805,38.561500549316406,38.46703338623047,26080000
2016-11-18,38.56850051879883,38.75,38.0,38.027000427246094,37.933841705322266,30942000
2016-11-21,38.13050079345703,38.48500061035156,38.029998779296875,38.459999084472656,38.365779876708984,26612000
2016-11-22,38.631500244140625,38.847999572753906,38.349998474121094,38.41350173950195,38.31939697265625,31862000
2016-11-23,38.38650131225586,38.41415023803711,37.76250076293945,38.04949951171875,37.95628356933594,29568000
2016-11-25,38.2130012512207,38.25,38.0260009765625,38.08399963378906,37.990699768066406,11748000
2016-11-28,38.0,38.97650146484375,37.9900016784668,38.4119987487793,38.317893981933594,43764000
2016-11-29,38.576499938964844,38.92499923706055,38.4119987487793,38.54199981689453,38.44757843017578,32332000
2016-11-30,38.503501892089844,38.64950180053711,37.74150085449219,37.902000427246094,37.809146881103516,47858000
2016-12-01,37.87200164794922,37.99250030517578,36.85124969482422,37.395999908447266,37.304386138916016,60358000
2016-12-02,37.22949981689453,37.70000076293945,37.154998779296875,37.525001525878906,37.43307113647461,29050000
2016-12-05,37.885501861572266,38.19499969482422,37.64500045776367,38.125999450683594,38.03260040283203,27884000
2016-12-06,38.23649978637695,38.44150161743164,37.867000579833984,37.955501556396484,37.862518310546875,33814000
2016-12-07,38.04999923706055,38.56800079345703,37.790000915527344,38.55950164794922,38.46503829956055,35220000
2016-12-08,38.624000549316406,38.909000396728516,38.36149978637695,38.82099914550781,38.725894927978516,29762000
2016-12-09,39.0,39.471500396728516,38.9510498046875,39.464500427246094,39.367820739746094,36438000
2016-12-12,39.25199890136719,39.5625,39.217750549316406,39.4635009765625,39.366825103759766,42082000
2016-12-13,39.69499969482422,40.21900177001953,39.66699981689453,39.80500030517578,39.70748519897461,42904000
2016-12-14,39.869998931884766,40.20000076293945,39.70050048828125,39.85350036621094,39.75586700439453,34084000
2016-12-15,39.867000579833984,40.150001525878906,39.645999908447266,39.89250183105469,39.79477310180664,32530000
2016-12-16,40.02000045776367,40.04280090332031,39.51449966430664,39.540000915527344,39.443138122558594,48876000
2016-12-19,39.51100158691406,39.882999420166016,39.313499450683594,39.709999084472656,39.61271667480469,24642000
2016-12-20,39.8380012512207,39.932498931884766,39.66350173950195,39.82099914550781,39.723445892333984,19020000
2016-12-21,39.79199981689453,39.83380126953125,39.35499954223633,39.72800064086914,39.63067626953125,24226000
2016-12-22,39.61800003051758,39.66600036621094,39.42900085449219,39.5629997253418,39.46607971191406,19444000
2016-12-23,39.54499816894531,39.637001037597656,39.36399841308594,39.49549865722656,39.39874267578125,12468000
2016-12-27,39.534000396728516,39.893001556396484,39.382850646972656,39.57749938964844,39.48054504394531,15782000
2016-12-28,39.685001373291016,39.71149826049805,39.15999984741211,39.252498626708984,39.15633773803711,23076000
2016-12-29,39.166500091552734,39.29650115966797,38.94599914550781,39.13949966430664,39.043617248535156,14886000
2016-12-30,39.13750076293945,39.138999938964844,38.52050018310547,38.590999603271484,38.4964599609375,35400000
2017-01-03,38.94049835205078,39.48149871826172,38.790000915527344,39.30699920654297,39.2107048034668,33146000
2017-01-04,39.417999267578125,39.56700134277344,39.15800094604492,39.345001220703125,39.24861526489258,21460000
2017-01-05,39.30400085449219,39.7239990234375,39.250999450683594,39.70100021362305,39.60374069213867,26704000
2017-01-06,39.76300048828125,40.39500045776367,39.610198974609375,40.307498931884766,40.2087516784668,32804000
2017-01-09,40.31999969482422,40.49829864501953,40.14149856567383,40.33250045776367,40.23369216918945,25492000
2017-01-10,40.393001556396484,40.45650100708008,40.175498962402344,40.239498138427734,40.14091873168945,23536000
2017-01-11,40.25,40.407501220703125,40.06850051879883,40.39550018310547,40.296539306640625,21318000
2017-01-12,40.356998443603516,40.36949920654297,39.958499908447266,40.31800079345703,40.2192268371582,27062000
2017-01-13,40.374000549316406,40.56119918823242,40.33449935913086,40.39400100708008,40.2950439453125,21984000
2017-01-17,40.354000091552734,40.356998443603516,40.01850128173828,40.230499267578125,40.13194274902344,27242000
2017-01-18,40.29050064086914,40.31024932861328,40.04949951171875,40.30350112915039,40.20476531982422,25888000
2017-01-19,40.25600051879883,40.4739990234375,40.09000015258789,40.10874938964844,40.010494232177734,18386000
2017-01-20,40.34550094604492,40.34550094604492,40.08449935913086,40.250999450683594,40.15238952636719,33400000
2017-01-23,40.36249923706055,41.04349899291992,40.1870002746582,40.96549987792969,40.865142822265625,39272000
2017-01-24,41.1150016784668,41.29499816894531,40.891048431396484,41.19350051879883,41.092586517333984,29480000
2017-01-25,41.48099899291992,41.78850173950195,41.25299835205078,41.78350067138672,41.68113708496094,29890000
2017-01-26,41.890499114990234,41.900001525878906,41.35049819946289,41.60749816894531,41.50556945800781,59478000
2017-01-27,41.73550033569336,42.09749984741211,41.02199935913086,41.16550064086914,41.06465148925781,59316000
2017-01-30,40.733001708984375,40.79199981689453,39.9900016784668,40.11600112915039,40.017723083496094,64932000
2017-01-31,39.84299850463867,40.0625,39.5260009765625,39.839500427246094,39.74190139770508,43212000
2017-02-01,39.98400115966797,40.05950164794922,39.55950164794922,39.784751892089844,39.687286376953125,40594000
2017-02-02,39.689998626708984,40.1349983215332,39.599998474121094,39.92649841308594,39.82868576049805,30642000
2017-02-03,40.14950180053711,40.29999923706055,40.01850128173828,40.074501037597656,39.97632598876953,29268000
2017-02-06,39.98500061035156,40.083499908447266,39.76250076293945,40.06700134277344,39.96884536743164,23690000
2017-02-07,40.199501037597656,40.525001525878906,40.0890007019043,40.3484992980957,40.24965286254883,24824000
2017-02-08,40.349998474121094,40.59199905395508,40.15950012207031,40.41899871826172,40.31998062133789,23106000
2017-02-09,40.47549819946289,40.53300094604492,40.22700119018555,40.47800064086914,40.37883758544922,19794000
2017-02-10,40.584999084472656,40.76250076293945,40.48899841308594,40.68349838256836,40.583831787109375,22700000
2017-02-13,40.79999923706055,41.047950744628906,40.77450180053711,40.96200180053711,40.86165237426758,24266000
2017-02-14,40.95000076293945,41.150001525878906,40.79999923706055,41.022499084472656,40.92200469970703,21094000
2017-02-15,40.96799850463867,41.150001525878906,40.923500061035156,40.94900131225586,40.84868621826172,26272000
2017-02-16,40.996498107910156,41.220001220703125,40.94900131225586,41.20800018310547,41.10704803466797,25752000
2017-02-17,41.1510009765625,41.403499603271484,41.08274841308594,41.403499603271484,41.302066802978516,32220000
2017-02-21,41.43299865722656,41.67250061035156,41.41749954223633,41.58300018310547,41.48112869262695,25246000
2017-02-22,41.43299865722656,41.662498474121094,41.43199920654297,41.53799819946289,41.43623733520508,19658000
2017-02-23,41.50600051879883,41.62300109863281,41.14400100708008,41.56650161743164,41.46467208862305,29456000
2017-02-24,41.38650131225586,41.45000076293945,41.209999084472656,41.43199920654297,41.33049774169922,27844000
2017-02-27,41.227500915527344,41.525001525878906,41.20000076293945,41.4640007019043,41.36241912841797,22030000
2017-02-28,41.28049850463867,41.426998138427734,41.0099983215332,41.160499572753906,41.05966567993164,45216000
2017-03-01,41.442501068115234,41.81275177001953,41.362998962402344,41.762001037597656,41.65969467163086,29930000
2017-03-02,41.692501068115234,41.72549819946289,41.481998443603516,41.53150177001953,41.42975616455078,18850000
2017-03-03,41.52799987792969,41.56800079345703,41.28755187988281,41.45399856567383,41.35244369506836,17928000
2017-03-06,41.34749984741211,41.444000244140625,41.119998931884766,41.388999938964844,41.28760528564453,22180000
2017-03-07,41.369998931884766,41.670501708984375,41.32600021362305,41.59550094604492,41.49359893798828,20752000
2017-03-08,41.675498962402344,41.907501220703125,41.589500427246094,41.76850128173828,41.66617965698242,19796000
2017-03-09,41.79999923706055,42.099998474121094,41.71049880981445,41.933998107910156,41.83126449584961,25230000
2017-03-10,42.16400146484375,42.24549865722656,41.974998474121094,42.162498474121094,42.059207916259766,34080000
2017-03-13,42.20000076293945,42.43424987792969,42.162498474121094,42.277000427246094,42.17342758178711,24472000
2017-03-14,42.18199920654297,42.36199951171875,42.040000915527344,42.28099822998047,42.17741775512695,15598000
2017-03-15,42.37950134277344,42.43149948120117,42.03850173950195,42.36000061035156,42.256229400634766,27630000
2017-03-16,42.451499938964844,42.54249954223633,42.30649948120117,42.43899917602539,42.33502960205078,19552000
2017-03-17,42.580501556396484,42.66999816894531,42.355499267578125,42.60599899291992,42.50162124633789,34246000
2017-03-20,42.5004997253418,42.51100158691406,42.25749969482422,42.41999816894531,42.316078186035156,24630000
2017-03-21,42.56999969482422,42.67499923706055,41.45100021362305,41.52299880981445,41.4212760925293,49270000
2017-03-22,41.59550094604492,41.77750015258789,41.35900115966797,41.47949981689453,41.37788391113281,28030000
2017-03-23,41.04999923706055,41.128501892089844,40.612850189208984,40.87900161743164,40.77885437011719,69742000
2017-03-24,41.00400161743164,41.096500396728516,40.44449996948242,40.721500396728516,40.62173843383789,39620000
2017-03-27,40.34749984741211,41.08150100708008,40.16849899291992,40.97549819946289,40.875118255615234,37886000
2017-03-28,41.02050018310547,41.29949951171875,40.701351165771484,41.04600143432617,40.94544982910156,32410000
2017-03-29,41.25,41.638248443603516,41.11899948120117,41.570499420166016,41.46866226196289,35726000
2017-03-30,41.67499923706055,41.683998107910156,41.45000076293945,41.57500076293945,41.473148345947266,21106000
2017-03-31,41.44850158691406,41.582000732421875,41.36949920654297,41.47800064086914,41.37638854980469,28038000
2017-04-03,41.46099853515625,42.04249954223633,41.46099853515625,41.9275016784668,41.82478713989258,33430000
2017-04-04,41.56800079345703,41.75899887084961,41.45180130004883,41.72850036621094,41.62627410888672,20908000
2017-04-05,41.7755012512207,42.122501373291016,41.5359992980957,41.570499420166016,41.46866226196289,31106000
2017-04-06,41.619998931884766,41.81949996948242,41.323001861572266,41.39400100708008,41.29259490966797,25088000
2017-04-07,41.39799880981445,41.424251556396484,41.02565002441406,41.23350143432617,41.13248825073242,21146000
2017-04-10,41.269500732421875,41.467498779296875,41.188499450683594,41.23649978637695,41.13547897338867,19578000
2017-04-11,41.23550033569336,41.3713493347168,40.85100173950195,41.16749954223633,41.066646575927734,21594000
2017-04-12,41.096500396728516,41.33300018310547,41.05099868774414,41.215999603271484,41.115028381347656,18010000
2017-04-13,41.106998443603516,41.319000244140625,41.071998596191406,41.178001403808594,41.07712173461914,22448000
2017-04-17,41.2504997253418,41.88750076293945,41.2234992980957,41.85850143432617,41.755958557128906,17900000
2017-04-18,41.71099853515625,41.94649887084961,41.635501861572266,41.840999603271484,41.73849868774414,16734000
2017-04-19,41.989498138427734,42.111000061035156,41.81449890136719,41.910499572753906,41.80782699584961,19084000
2017-04-20,42.071998596191406,42.2599983215332,41.965999603271484,42.08250045776367,41.97940444946289,19180000
2017-04-21,42.14400100708008,42.194000244140625,42.029998779296875,42.15950012207031,42.056217193603516,26472000
2017-04-24,42.560001373291016,43.17250061035156,42.49300003051758,43.13800048828125,43.03232192993164,27450000
2017-04-25,43.25,43.75,43.140499114990234,43.6150016784668,43.50815200805664,33440000
2017-04-26,43.71149826049805,43.8025016784668,43.38740158081055,43.58649826049805,43.47972106933594,24744000
2017-04-27,43.68000030517578,43.77000045776367,43.51900100708008,43.712501525878906,43.60541534423828,40536000
2017-04-28,45.53300094604492,45.842498779296875,45.28850173950195,45.29800033569336,45.18702697753906,65526000
2017-05-01,45.09700012207031,45.784000396728516,45.0724983215332,45.628501892089844,45.516719818115234,42320000
2017-05-02,45.48099899291992,46.03850173950195,45.47264862060547,45.821998596191406,45.70974349975586,31744000
2017-05-03,45.74300003051758,46.404998779296875,45.62715148925781,46.35200119018555,46.23844909667969,29990000
2017-05-04,46.30350112915039,46.79650115966797,46.22949981689453,46.58300018310547,46.46887969970703,28442000
2017-05-05,46.676998138427734,46.744998931884766,46.2599983215332,46.35649871826172,46.2429313659668,38226000
2017-05-08,46.305999755859375,46.846248626708984,46.26300048828125,46.71500015258789,46.60055923461914,26596000
2017-05-09,46.84749984741211,46.875,46.47650146484375,46.60850143432617,46.494319915771484,31636000
2017-05-10,46.5989990234375,46.599998474121094,46.257999420166016,46.43899917602539,46.325233459472656,23478000
2017-05-11,46.26599884033203,46.62649917602539,46.1515007019043,46.529998779296875,46.416011810302734,16700000
2017-05-12,46.576499938964844,46.672000885009766,46.39250183105469,46.611000061035156,46.4968147277832,21012000
2017-05-15,46.647499084472656,46.912498474121094,46.46699905395508,46.854000091552734,46.73921585083008,22162000
2017-05-16,47.0,47.15549850463867,46.87900161743164,47.150001525878906,47.03449249267578,19390000
2017-05-17,46.78350067138672,46.96664810180664,45.90700149536133,45.98099899291992,45.86835479736328,47242000
2017-05-18,46.04999923706055,46.65850067138672,45.9375,46.512001037597656,46.39805603027344,31938000
2017-05-19,46.57350158691406,46.88774871826172,46.54999923706055,46.70050048828125,46.58609390258789,27860000
2017-05-22,46.75,47.09415054321289,46.75,47.09299850463867,46.977630615234375,22408000
2017-05-23,47.395999908447266,47.57334899902344,47.12874984741211,47.441001892089844,47.32478332519531,25416000
2017-05-24,47.64899826049805,47.75450134277344,47.474998474121094,47.74800109863281,47.63102722167969,20496000
2017-05-25,47.86650085449219,48.63145065307617,47.77349853515625,48.47700119018555,48.35824203491211,33210000
2017-05-26,48.48500061035156,48.749000549316406,48.25149917602539,48.57350158691406,48.454505920410156,25040000
2017-05-30,48.515499114990234,48.810001373291016,48.4744987487793,48.79399871826172,48.674461364746094,29334000
2017-05-31,48.750999450683594,48.9635009765625,48.00899887084961,48.24300003051758,48.124813079833984,48962000
2017-06-01,48.4474983215332,48.57500076293945,48.0004997253418,48.34749984741211,48.22905731201172,28210000
2017-06-02,48.472999572753906,48.79399871826172,48.29999923706055,48.779998779296875,48.66049575805664,35020000
2017-06-05,48.82749938964844,49.34550094604492,48.755001068115234,49.183998107910156,49.063507080078125,25042000
2017-06-06,49.15800094604492,49.412498474121094,48.75699996948242,48.82849884033203,48.70887756347656,36292000
2017-06-07,49.0,49.19900131225586,48.797000885009766,49.047000885009766,48.92684555053711,29078000
2017-06-08,49.11750030517578,49.22850036621094,48.86000061035156,49.170501708984375,49.050045013427734,29638000
2017-06-09,49.224998474121094,49.224998474121094,46.78150177001953,47.49150085449219,47.37515640258789,66188000
2017-06-12,46.97800064086914,47.467750549316406,45.76165008544922,47.14500045776367,47.02950668334961,75270000
2017-06-13,47.59550094604492,47.999000549316406,47.204498291015625,47.66999816894531,47.553218841552734,40266000
2017-06-14,47.99599838256836,48.057498931884766,47.11249923706055,47.53799819946289,47.421539306640625,29794000
2017-06-15,46.69850158691406,47.16695022583008,46.22200012207031,47.115501403808594,47.00008010864258,42662000
2017-06-16,47.0,47.10200119018555,46.579750061035156,46.98899841308594,46.87388229370117,61894000
2017-06-19,47.49800109863281,47.9995002746582,47.45249938964844,47.868499755859375,47.75122833251953,30666000
2017-06-20,47.875999450683594,48.08100128173828,47.5004997253418,47.53150177001953,47.41505813598633,22520000
2017-06-21,47.68199920654297,48.005001068115234,47.53799819946289,47.97249984741211,47.85497283935547,24044000
2017-06-22,47.935001373291016,48.0359992980957,47.727500915527344,47.85449981689453,47.737266540527344,18828000
2017-06-23,47.84149932861328,48.29999923706055,47.709999084472656,48.27949905395508,48.161224365234375,30558000
2017-06-26,48.494998931884766,48.66550064086914,47.53950119018555,47.61349868774414,47.49685287475586,31968000
2017-06-27,47.12300109863281,47.41450119018555,46.342498779296875,46.36650085449219,46.25291061401367,51598000
2017-06-28,46.45000076293945,47.13750076293945,45.79999923706055,47.02450180053711,46.9093017578125,54428000
2017-06-29,46.49599838256836,46.5629997253418,45.53099822998047,45.88949966430664,45.777076721191406,65984000
2017-06-30,46.3025016784668,46.3025016784668,45.41550064086914,45.436500549316406,45.32518768310547,41804000
2017-07-03,45.60900115966797,45.696998596191406,44.739498138427734,44.935001373291016,44.82491683959961,34196000
2017-07-05,45.0880012512207,45.72549819946289,44.92499923706055,45.58549880981445,45.47382354736328,36278000
2017-07-06,45.20600128173828,45.74720001220703,44.98500061035156,45.33449935913086,45.22343826293945,28490000
2017-07-07,45.442501068115234,46.07699966430664,45.442501068115234,45.929500579833984,45.81698226928711,32756000
2017-07-10,46.0885009765625,46.51900100708008,45.97949981689453,46.439998626708984,46.32623291015625,23856000
2017-07-11,46.47700119018555,46.57149887084961,46.099998474121094,46.50450134277344,46.39057159423828,22264000
2017-07-12,46.933998107910156,47.314998626708984,46.7234992980957,47.19150161743164,47.07589340209961,30642000
2017-07-13,47.31449890136719,47.72249984741211,47.1505012512207,47.358001708984375,47.241981506347656,25894000
2017-07-14,47.599998474121094,47.84550094604492,47.40024948120117,47.79949951171875,47.68239974975586,21076000
2017-07-17,47.849998474121094,48.0369987487793,47.46205139160156,47.67100143432617,47.55421447753906,23310000
2017-07-18,47.650001525878906,48.402000427246094,47.529998779296875,48.27000045776367,48.15174865722656,23080000
2017-07-19,48.391998291015625,48.652000427246094,48.201499938964844,48.544498443603516,48.42557144165039,24490000
2017-07-20,48.75,48.79499816894531,48.07550048828125,48.407501220703125,48.28891372680664,32490000
2017-07-21,48.11249923706055,48.6614990234375,48.00749969482422,48.645999908447266,48.526824951171875,34220000
2017-07-24,48.611000061035156,49.310001373291016,48.53850173950195,49.016998291015625,48.89691925048828,64966000
2017-07-25,47.69049835205078,47.98500061035156,47.27000045776367,47.53499984741211,47.418548583984375,93220000
2017-07-26,47.73400115966797,47.75,47.113948822021484,47.38999938964844,47.273902893066406,41766000
2017-07-27,47.5890007019043,47.5890007019043,46.0,46.704498291015625,46.59008026123047,64260000
2017-07-28,46.470001220703125,47.19150161743164,46.375,47.076499938964844,46.9611701965332,36928000
2017-07-31,47.09450149536133,47.179500579833984,46.301998138427734,46.525001525878906,46.4110221862793,39402000
2017-08-01,46.61899948120117,46.87234878540039,46.4630012512207,46.541500091552734,46.42748260498047,25554000
2017-08-02,46.43050003051758,46.630001068115234,45.83399963378906,46.519500732421875,46.40553665161133,36488000
2017-08-03,46.516998291015625,46.61199951171875,46.11199951171875,46.182498931884766,46.069358825683594,24050000
2017-08-04,46.337501525878906,46.515350341796875,46.1515007019043,46.39799880981445,46.284332275390625,21646000
2017-08-07,46.452999114990234,46.584999084472656,46.32500076293945,46.46799850463867,46.35416030883789,20644000
2017-08-08,46.35449981689453,46.79069900512695,46.28049850463867,46.339500427246094,46.225975036621094,21232000
2017-08-09,46.03049850463867,46.29899978637695,45.86249923706055,46.14500045776367,46.031951904296875,23842000
2017-08-10,45.877498626708984,45.9630012512207,45.30649948120117,45.36199951171875,45.25086975097656,36480000
2017-08-11,45.39849853515625,45.888999938964844,45.27899932861328,45.71950149536133,45.60749816894531,24136000
2017-08-14,46.12649917602539,46.2333984375,45.90950012207031,46.13349914550781,46.02048110961914,21290000
2017-08-15,46.21149826049805,46.32749938964844,45.99100112915039,46.111000061035156,45.9980354309082,17668000
2017-08-16,46.26449966430664,46.6349983215332,46.17224884033203,46.347999572753906,46.23445510864258,20134000
2017-08-17,46.28900146484375,46.34299850463867,45.54899978637695,45.54899978637695,45.437416076660156,25544000
2017-08-18,45.515499114990234,45.76374816894531,45.35770034790039,45.53350067138672,45.42195129394531,26854000
2017-08-21,45.5,45.650001525878906,45.16999816894531,45.33300018310547,45.22194290161133,18868000
2017-08-22,45.63600158691406,46.292999267578125,45.57374954223633,46.234500885009766,46.12123489379883,23334000
2017-08-23,46.096500396728516,46.496498107910156,45.96799850463867,46.349998474121094,46.2364501953125,21804000
2017-08-24,46.43299865722656,46.54199981689453,45.775001525878906,46.06399917602539,45.951148986816406,25406000
2017-08-25,46.17449951171875,46.277748107910156,45.775001525878906,45.794498443603516,45.68231201171875,21068000
2017-08-28,45.79999923706055,45.962249755859375,45.59349822998047,45.69049835205078,45.57856750488281,21730000
2017-08-29,45.255001068115234,46.166500091552734,45.25,46.06449890136719,45.9516487121582,23712000
2017-08-30,46.002498626708984,46.540950775146484,45.98249816894531,46.47850036621094,46.3646354675293,26024000
2017-08-31,46.5880012512207,47.0989990234375,46.5880012512207,46.96649932861328,46.8514404296875,31652000
2017-09-01,47.05649948120117,47.124000549316406,46.75749969482422,46.867000579833984,46.75218200683594,18948000
2017-09-05,46.65399932861328,46.849998474121094,46.097999572753906,46.42250061035156,46.30877685546875,26528000
2017-09-06,46.50749969482422,46.54574966430664,45.9635009765625,46.390499114990234,46.276851654052734,30554000
2017-09-07,46.58649826049805,46.820499420166016,46.180999755859375,46.79750061035156,46.68285369873047,24254000
2017-09-08,46.824501037597656,46.8494987487793,46.24399948120117,46.32500076293945,46.21151351928711,20230000
2017-09-11,46.712501525878906,46.91899871826172,46.34600067138672,46.45399856567383,46.34019470214844,25340000
2017-09-12,46.62950134277344,46.67399978637695,46.193050384521484,46.60350036621094,46.48933029174805,22688000
2017-09-13,46.53300094604492,46.86249923706055,46.49300003051758,46.75450134277344,46.63996124267578,22052000
2017-09-14,46.5625,46.63850021362305,46.20000076293945,46.25550079345703,46.142181396484375,27952000
2017-09-15,46.233001708984375,46.324501037597656,45.81800079345703,46.01449966430664,45.901771545410156,50108000
2017-09-18,46.0004997253418,46.104000091552734,45.529998779296875,45.75,45.63792037963867,26138000
2017-09-19,45.87099838256836,46.12099838256836,45.627498626708984,46.09049987792969,45.97758865356445,18734000
2017-09-20,46.14899826049805,46.694000244140625,46.099998474121094,46.57899856567383,46.46488952636719,33396000
2017-09-21,46.650001525878906,46.826499938964844,46.19150161743164,46.622501373291016,46.50828552246094,25812000
2017-09-22,46.38750076293945,46.73649978637695,46.32400131225586,46.42649841308594,46.31276321411133,21054000
2017-09-25,46.272499084472656,46.31999969482422,45.48500061035156,46.048500061035156,45.935691833496094,37136000
2017-09-26,46.18600082397461,46.54100036621094,46.05699920654297,46.24300003051758,46.12971496582031,33338000
2017-09-27,46.387001037597656,47.494998931884766,46.387001037597656,47.2244987487793,47.10880661010742,44788000
2017-09-28,47.06800079345703,47.53450012207031,47.02750015258789,47.474998474121094,47.35869598388672,20406000
2017-09-29,47.599998474121094,47.98929977416992,47.57550048828125,47.955501556396484,47.83802032470703,31620000
2017-10-02,47.999000549316406,48.12699890136719,47.391998291015625,47.66350173950195,47.54673385620117,25668000
2017-10-03,47.70000076293945,47.900001525878906,47.457000732421875,47.88949966430664,47.772178649902344,17766000
2017-10-04,47.849998474121094,48.019500732421875,47.53450012207031,47.58399963378906,47.46742630004883,19048000
2017-10-05,47.77450180053711,48.545501708984375,47.75899887084961,48.49800109863281,48.379188537597656,24276000
2017-10-06,48.334999084472656,48.972999572753906,48.167999267578125,48.94449996948242,48.8245964050293,23478000
2017-10-09,49.0,49.2712516784668,48.80550003051758,48.849998474121094,48.730323791503906,17828000
2017-10-10,49.0,49.07849884033203,48.30400085449219,48.630001068115234,48.510868072509766,19368000
2017-10-11,48.68600082397461,49.535499572753906,48.61249923706055,49.462501525878906,49.34132766723633,33866000
2017-10-12,49.372501373291016,49.70600128173828,49.25,49.39149856567383,49.2704963684082,25248000
2017-10-13,49.599998474121094,49.86050033569336,49.45000076293945,49.48400115966797,49.36277770996094,23396000
2017-10-16,49.60499954223633,49.695350646972656,49.20000076293945,49.599998474121094,49.47848892211914,18210000
2017-10-17,49.51449966430664,49.821998596191406,49.429500579833984,49.60900115966797,49.48746871948242,25804000
2017-10-18,49.5885009765625,49.83599853515625,49.348751068115234,49.640499114990234,49.518890380859375,21152000
2017-10-19,49.29999923706055,49.444000244140625,48.919498443603516,49.22249984741211,49.1019172668457,26272000
2017-10-20,49.47200012207031,49.54999923706055,49.229000091552734,49.40999984741211,49.28895568847656,23664000
2017-10-23,49.47600173950195,49.47600173950195,48.305999755859375,48.42250061035156,48.30387496948242,29568000
2017-10-24,48.5,48.61149978637695,48.04999923706055,48.527000427246094,48.40811538696289,24244000
2017-10-25,48.41849899291992,48.804500579833984,48.0260009765625,48.666500091552734,48.54727554321289,24226000
2017-10-26,49.0,49.380001068115234,48.61000061035156,48.62799835205078,48.50886917114258,40842000
2017-10-27,50.45949935913086,52.419498443603516,50.40999984741211,50.9635009765625,50.83864974975586,103354000
2017-10-30,50.70000076293945,51.24850082397461,50.375,50.855499267578125,50.73091506958008,41702000
2017-10-31,50.76100158691406,51.20000076293945,50.520999908447266,50.832000732421875,50.70747375488281,26614000
2017-11-01,50.86050033569336,51.48350143432617,50.84749984741211,51.275001525878906,51.14938735961914,27468000
2017-11-02,51.0880012512207,51.40449905395508,50.6505012512207,51.27899932861328,51.153377532958984,20980000
2017-11-03,51.105499267578125,51.63249969482422,51.015499114990234,51.624000549316406,51.49753189086914,21528000
2017-11-06,51.449501037597656,51.743499755859375,51.25,51.29499816894531,51.169334411621094,22504000
2017-11-07,51.36349868774414,51.69850158691406,51.256500244140625,51.666500091552734,51.53992462158203,22246000
2017-11-08,51.5260009765625,52.17610168457031,51.42250061035156,51.99250030517578,51.86512756347656,21774000
2017-11-09,51.699501037597656,51.699501037597656,50.983299255371094,51.5629997253418,51.43667984008789,24904000
2017-11-10,51.323001861572266,51.53799819946289,51.263999938964844,51.403499603271484,51.27756881713867,14400000
2017-11-13,51.17100143432617,51.57899856567383,51.128501892089844,51.287498474121094,51.1618537902832,17716000
2017-11-14,51.12950134277344,51.34049987792969,50.70750045776367,51.29999923706055,51.17432403564453,19184000
2017-11-15,50.96049880981445,51.204498291015625,50.770999908447266,51.045501708984375,50.920448303222656,17080000
2017-11-16,51.125999450683594,51.79600143432617,51.125999450683594,51.625,51.498531341552734,22594000
2017-11-17,51.70050048828125,51.72100067138672,50.88750076293945,50.954498291015625,50.82966995239258,27942000
2017-11-20,51.01300048828125,51.13050079345703,50.875,50.91899871826172,50.79425811767578,19070000
2017-11-21,51.16550064086914,51.75550079345703,51.13275146484375,51.7244987487793,51.597782135009766,21940000
2017-11-22,51.75,51.98529815673828,51.57149887084961,51.79800033569336,51.671104431152344,14926000
2017-11-24,51.79349899291992,52.15890121459961,51.75,52.03049850463867,51.90303421020508,10740000
2017-11-27,52.0,52.77299880981445,51.922000885009766,52.71049880981445,52.58137130737305,26158000
2017-11-28,52.75450134277344,53.118751525878906,52.0,52.37049865722656,52.24220275878906,28488000
2017-11-29,52.13399887084961,52.20399856567383,50.782501220703125,51.08300018310547,50.95785903930664,49188000
2017-11-30,51.118499755859375,51.42449951171875,50.75,51.070499420166016,50.94538879394531,34480000
2017-12-01,50.790000915527344,51.1245002746582,50.10100173950195,50.50849914550781,50.384765625,38192000
2017-12-04,50.632999420166016,50.80500030517578,49.778499603271484,49.933998107910156,49.811668395996094,38128000
2017-12-05,49.797000885009766,51.03049850463867,49.41400146484375,50.25749969482422,50.13438034057617,41346000
2017-12-06,50.07500076293945,51.24850082397461,50.05699920654297,50.91899871826172,50.79425811767578,25440000
2017-12-07,51.02149963378906,51.71200180053711,50.90354919433594,51.54650115966797,51.420223236083984,29164000
2017-12-08,51.8745002746582,52.102500915527344,51.6260986328125,51.852500915527344,51.72547149658203,25816000
2017-12-11,51.775001525878906,52.189998626708984,51.602500915527344,52.05500030517578,51.9274787902832,23856000
2017-12-12,51.98149871826172,52.515499114990234,51.68450164794922,52.02399826049805,51.896549224853516,25590000
2017-12-13,52.305999755859375,52.333248138427734,51.91899871826172,52.03049850463867,51.90303421020508,25654000
2017-12-14,52.25,52.92499923706055,52.15549850463867,52.45750045776367,52.3289909362793,31174000
2017-12-15,52.730499267578125,53.38100051879883,52.474998474121094,53.20949935913086,53.07914733886719,65518000
2017-12-18,53.30400085449219,53.92449951171875,53.099998474121094,53.856998443603516,53.725059509277344,31092000
2017-12-19,53.7599983215332,53.84199905395508,53.1775016784668,53.534000396728516,53.402854919433594,26774000
2017-12-20,53.5890007019043,53.66899871826172,53.07600021362305,53.247501373291016,53.11705780029297,25372000
2017-12-21,53.247501373291016,53.46649932861328,53.089698791503906,53.18149948120117,53.051212310791016,19914000
2017-12-22,53.05550003051758,53.209999084472656,52.97200012207031,53.00600051879883,52.87614822387695,15102000
2017-12-26,52.903499603271484,53.00600051879883,52.5099983215332,52.83700180053711,52.70756149291992,15212000
2017-12-27,52.86949920654297,52.91849899291992,52.40250015258789,52.46849822998047,52.339962005615234,25438000
2017-12-28,52.58000183105469,52.73749923706055,52.23849868774414,52.40700149536133,52.27861404418945,16742000
2017-12-29,52.33599853515625,52.48500061035156,52.244998931884766,52.31999969482422,52.19182586669922,17750000
2018-01-02,52.41699981689453,53.34700012207031,52.26150131225586,53.25,53.11954879760742,24752000
2018-01-03,53.21549987792969,54.31449890136719,53.160499572753906,54.124000549316406,53.99140930175781,28604000
2018-01-04,54.400001525878906,54.67850112915039,54.20009994506836,54.31999969482422,54.186927795410156,20092000
2018-01-05,54.70000076293945,55.212501525878906,54.599998474121094,55.11149978637695,54.97648620605469,25582000
2018-01-08,55.11149978637695,55.563499450683594,55.08100128173828,55.34700012207031,55.21141052246094,20952000
2018-01-09,55.470001220703125,55.528499603271484,55.06155014038086,55.3129997253418,55.177494049072266,18050000
2018-01-10,54.85499954223633,55.22999954223633,54.80550003051758,55.13050079345703,54.99544143676758,20856000
2018-01-11,55.314998626708984,55.32624816894531,54.97949981689453,55.2760009765625,55.140586853027344,19566000
2018-01-12,55.12049865722656,56.214500427246094,55.057498931884766,56.112998962402344,55.97553253173828,34410000
2018-01-16,56.6254997253418,56.99549865722656,55.8916015625,56.0880012512207,55.95059585571289,31506000
2018-01-17,56.31100082397461,56.630001068115234,55.85049819946289,56.5989990234375,56.46034240722656,24052000
2018-01-18,56.570499420166016,56.6254997253418,55.875,56.489498138427734,56.35110855102539,23964000
2018-01-19,56.59149932861328,56.893001556396484,56.415000915527344,56.8754997253418,56.73616409301758,35564000
2018-01-22,56.8745002746582,57.99399948120117,56.75550079345703,57.79050064086914,57.64892578125,32360000
2018-01-23,57.99250030517578,58.58134841918945,57.9375,58.49850082397461,58.35519027709961,26662000
2018-01-24,58.86650085449219,58.99300003051758,58.0525016784668,58.21200180053711,58.069393157958984,28332000
2018-01-25,58.62649917602539,58.797000885009766,58.13800048828125,58.51850128173828,58.37514114379883,29610000
2018-01-26,58.75400161743164,58.79199981689453,57.90549850463867,58.79199981689453,58.647972106933594,40376000
2018-01-29,58.82400131225586,59.34450149536133,58.5989990234375,58.77899932861328,58.63500213623047,27578000
2018-01-30,58.39149856567383,58.82600021362305,58.17599868774414,58.18450164794922,58.041961669921875,31126000
2018-01-31,58.528499603271484,58.650001525878906,57.95650100708008,58.49700164794922,58.353694915771484,30774000
2018-02-01,58.13050079345703,58.70000076293945,57.875999450683594,58.3849983215332,58.241966247558594,48242000
2018-02-02,56.099998474121094,56.153499603271484,55.36389923095703,55.595001220703125,55.458805084228516,97158000
2018-02-05,54.529998779296875,55.5,52.60150146484375,52.790000915527344,52.660675048828125,75966000
2018-02-06,51.35900115966797,54.08549880981445,51.1568489074707,54.029998779296875,53.89763641357422,68960000
2018-02-07,54.07699966430664,54.0890007019043,52.41299819946289,52.42900085449219,52.300559997558594,47384000
2018-02-08,52.77050018310547,52.930999755859375,50.03300094604492,50.07600021362305,49.95332717895508,57182000
2018-02-09,50.86249923706055,52.19850158691406,49.62799835205078,51.888999938964844,51.76188278198242,70118000
2018-02-12,52.400001525878906,53.07500076293945,52.0463981628418,52.59700012207031,52.46814727783203,41154000
2018-02-13,52.25,52.91849899291992,52.204349517822266,52.60499954223633,52.47612762451172,25302000
2018-02-14,52.4474983215332,53.58599853515625,52.337501525878906,53.48500061035156,53.353973388671875,31116000
2018-02-15,53.95349884033203,54.573951721191406,53.21699905395508,54.47600173950195,54.34254455566406,36868000
2018-02-16,54.420501708984375,55.23350143432617,54.4156494140625,54.7400016784668,54.605899810791016,33590000
2018-02-20,54.528499603271484,55.6974983215332,54.42599868774414,55.12300109863281,54.98796081542969,28462000
2018-02-21,55.32350158691406,56.69850158691406,55.31650161743164,55.56700134277344,55.43087387084961,30258000
2018-02-22,55.80950164794922,56.14099884033203,55.12950134277344,55.33150100708008,55.19594955444336,26344000
2018-02-23,55.63199996948242,56.36399841308594,55.23569869995117,56.339500427246094,56.201480865478516,25220000
2018-02-26,56.38999938964844,57.198001861572266,56.33475112915039,57.1875,57.047401428222656,31182000
2018-02-27,57.0620002746582,57.20199966430664,55.900001525878906,55.91450119018555,55.77751922607422,35482000
2018-02-28,56.1515007019043,56.37649917602539,55.1619987487793,55.23649978637695,55.10118103027344,37652000
2018-03-01,55.39350128173828,55.50600051879883,53.35005187988281,53.47600173950195,53.34499740600586,50318000
2018-03-02,52.65399932861328,54.09994888305664,52.4057502746582,53.94599914550781,53.8138427734375,45432000
2018-03-05,53.75699996948242,54.85499954223633,53.45000076293945,54.54650115966797,54.412872314453125,24044000
2018-03-06,54.96099853515625,55.092498779296875,54.48875045776367,54.75299835205078,54.618865966796875,30656000
2018-03-07,54.45949935913086,55.611000061035156,54.27410125732422,55.481998443603516,55.3460807800293,25850000
2018-03-08,55.76599884033203,56.380001068115234,55.63999938964844,56.29999923706055,56.16207504272461,27102000
2018-03-09,56.79999923706055,58.040000915527344,56.623050689697266,58.00199890136719,57.85990524291992,42560000
2018-03-12,58.192501068115234,58.852500915527344,57.87099838256836,58.224998474121094,58.082359313964844,43446000
2018-03-13,58.5,58.8380012512207,56.666500091552734,56.90850067138672,56.76908493041992,38144000
2018-03-14,57.260501861572266,57.929500579833984,57.071998596191406,57.4744987487793,57.33369827270508,25828000
2018-03-15,57.49800109863281,58.05400085449219,56.72700119018555,57.479000091552734,57.33818817138672,27908000
2018-03-16,57.707000732421875,57.79399871826172,56.597999572753906,56.7864990234375,56.64738464355469,61840000
2018-03-19,56.0004997253418,56.0994987487793,54.45050048828125,54.99100112915039,54.856285095214844,56118000
2018-03-20,54.95000076293945,55.2599983215332,54.17300033569336,54.885501861572266,54.751041412353516,36638000
2018-03-21,54.637001037597656,55.314998626708984,54.25749969482422,54.54399871826172,54.410377502441406,37578000
2018-03-22,54.09400177001953,54.14500045776367,52.295501708984375,52.45399856567383,52.325496673583984,53340000
2018-03-23,52.35150146484375,53.167999267578125,51.06100082397461,51.07849884033203,50.953365325927734,43134000
2018-03-26,52.29999923706055,52.78150177001953,50.41999816894531,52.660499572753906,52.531490325927734,53302000
2018-03-27,53.150001525878906,53.24195098876953,49.84600067138672,50.255001068115234,50.13188552856445,61906000
2018-03-28,49.900001525878906,51.21149826049805,49.03200149536133,50.22800064086914,50.104949951171875,67386000
2018-03-29,50.58150100708008,52.150001525878906,50.14500045776367,51.589500427246094,51.46311569213867,54536000
2018-04-02,51.14099884033203,51.7400016784668,49.51850128173828,50.32350158691406,50.200218200683594,53608000
2018-04-03,50.695499420166016,51.04949951171875,49.70349884033203,50.670501708984375,50.54637145996094,45502000
2018-04-04,49.670501708984375,51.4359016418457,49.650001525878906,51.25699996948242,51.131431579589844,49694000
2018-04-05,52.06650161743164,52.13949966430664,51.00654983520508,51.390499114990234,51.26460266113281,27260000
2018-04-06,51.0,51.57099914550781,50.1515007019043,50.35200119018555,50.22864532470703,34928000
2018-04-09,50.84000015258789,51.97999954223633,50.70399856567383,50.772499084472656,50.64811706542969,35032000
2018-04-10,51.321998596191406,51.81399917602539,50.56700134277344,51.582000732421875,51.45563507080078,39490000
2018-04-11,51.39950180053711,51.568199157714844,50.79349899291992,50.99850082397461,50.873565673828125,29678000
2018-04-12,51.25199890136719,52.03450012207031,51.07175064086914,51.6254997253418,51.499027252197266,27140000
2018-04-13,52.04399871826172,52.32099914550781,51.14899826049805,51.4635009765625,51.337425231933594,24460000
2018-04-16,51.849998474121094,52.1619987487793,51.33700180053711,51.89899826049805,51.771854400634766,24224000
2018-04-17,52.56850051879883,53.89400100708008,52.41299819946289,53.70800018310547,53.5764274597168,46406000
2018-04-18,53.871498107910156,53.871498107910156,53.311248779296875,53.604000091552734,53.47268295288086,26882000
2018-04-19,53.470001220703125,54.708248138427734,53.409000396728516,54.3849983215332,54.251766204833984,34954000
2018-04-20,54.099998474121094,54.61750030517578,53.47850036621094,53.64799880981445,53.51657485961914,37794000
2018-04-23,53.893001556396484,54.13600158691406,53.03499984741211,53.372501373291016,53.24175262451172,46826000
2018-04-24,52.599998474121094,52.849998474121094,50.52949905395508,50.999000549316406,50.874061584472656,95206000
2018-04-25,51.2760009765625,51.6245002746582,50.765499114990234,51.058998107910156,50.93391418457031,47822000
2018-04-26,51.47549819946289,52.39899826049805,50.90950012207031,52.00199890136719,51.874603271484375,41590000
2018-04-27,52.29999923706055,52.474998474121094,51.27949905395508,51.502498626708984,51.37632751464844,32396000
2018-04-30,51.5004997253418,51.849998474121094,50.842498779296875,50.86650085449219,50.741886138916016,33426000
2018-05-01,50.68299865722656,51.923500061035156,50.410499572753906,51.865501403808594,51.738441467285156,28558000
2018-05-02,51.404998779296875,52.01945114135742,51.14350128173828,51.21900177001953,51.09352493286133,32062000
2018-05-03,50.95000076293945,51.48374938964844,50.31449890136719,51.18600082397461,51.060604095458984,36302000
2018-05-04,50.845001220703125,52.425498962402344,50.845001220703125,52.410499572753906,52.2821044921875,38774000
2018-05-07,52.46149826049805,53.08399963378906,52.35499954223633,52.739498138427734,52.61029815673828,29322000
2018-05-08,52.926998138427734,53.02750015258789,52.35725021362305,52.695499420166016,52.56640625,24354000
2018-05-09,52.904998779296875,54.27199935913086,52.8182487487793,54.13800048828125,54.005374908447266,40656000
2018-05-10,54.30149841308594,55.02199935913086,54.28200149536133,54.878501892089844,54.744056701660156,28860000
2018-05-11,54.68000030517578,55.06650161743164,54.545501708984375,54.91299819946289,54.778472900390625,25074000
2018-05-14,55.0,55.537498474121094,54.955501556396484,55.0099983215332,54.8752326965332,30362000
2018-05-15,54.5,54.502498626708984,53.673500061035156,53.96149826049805,53.82930374145508,29898000
2018-05-16,53.865501403808594,54.4635009765625,53.8129997253418,54.0885009765625,53.955997467041016,21946000
2018-05-17,53.99449920654297,54.34349822998047,53.67499923706055,53.929500579833984,53.797386169433594,20876000
2018-05-18,53.09299850463867,53.49700164794922,53.034000396728516,53.31800079345703,53.187381744384766,31304000
2018-05-21,53.702999114990234,54.400001525878906,53.682498931884766,53.979000091552734,53.84675979614258,20464000
2018-05-22,54.178001403808594,54.329498291015625,53.33449935913086,53.48649978637695,53.35546875,21800000
2018-05-23,53.256500244140625,54.03900146484375,53.08549880981445,53.984500885009766,53.85224914550781,21214000
2018-05-24,53.95000076293945,54.02349853515625,53.307498931884766,53.96200180053711,53.829803466796875,15336000
2018-05-25,53.95100021362305,54.12799835205078,53.688751220703125,53.78300094604492,53.651241302490234,17988000
2018-05-29,53.24449920654297,53.66849899291992,52.76100158691406,53.01599884033203,52.8861198425293,37302000
2018-05-30,53.1515007019043,53.46049880981445,52.84149932861328,53.38999938964844,53.25920104980469,22770000
2018-05-31,53.37799835205078,54.859500885009766,53.37799835205078,54.2495002746582,54.116600036621094,61766000
2018-06-01,54.967498779296875,56.0,54.92499923706055,55.974998474121094,55.83787155151367,48432000
2018-06-04,56.11650085449219,57.09450149536133,56.100250244140625,56.964500427246094,56.824951171875,37792000
2018-06-05,57.04949951171875,57.28689956665039,56.65950012207031,56.983001708984375,56.84340286254883,33560000
2018-06-06,57.10850143432617,57.150001525878906,56.28715133666992,56.84400177001953,56.70474624633789,33964000
2018-06-07,56.566001892089844,56.79100036621094,55.82600021362305,56.19300079345703,56.055335998535156,30400000
2018-06-08,55.909000396728516,56.333499908447266,55.60749816894531,56.04349899291992,55.90620422363281,25816000
2018-06-11,55.93000030517578,56.862998962402344,55.93000030517578,56.4995002746582,56.361087799072266,21586000
2018-06-12,56.55350112915039,56.989498138427734,56.53675079345703,56.965999603271484,56.82644271850586,18240000
2018-06-13,57.055999755859375,57.32500076293945,56.66899871826172,56.739498138427734,56.60049819946289,30128000
2018-06-14,57.192501068115234,57.77349853515625,57.03200149536133,57.60599899291992,57.46487808227539,26868000
2018-06-15,57.44300079345703,57.67100143432617,57.174251556396484,57.612998962402344,57.471858978271484,42450000
2018-06-18,57.182498931884766,58.71549987792969,57.179500579833984,58.67300033569336,58.52926254272461,28274000
2018-06-19,57.92499923706055,58.563499450683594,57.70050048828125,58.40299987792969,58.259925842285156,32420000
2018-06-20,58.765499114990234,59.314300537109375,58.45800018310547,58.492000579833984,58.34870529174805,32970000
2018-06-21,58.74250030517578,58.864749908447266,57.61159896850586,57.882999420166016,57.74119567871094,24762000
2018-06-22,57.957000732421875,58.12485122680664,57.362998962402344,57.77399826049805,57.63246536254883,26220000
2018-06-25,57.18000030517578,57.195499420166016,55.638999938964844,56.240501403808594,56.10272216796875,43146000
2018-06-26,56.400001525878906,56.660499572753906,55.832950592041016,55.92300033569336,55.78600311279297,31264000
2018-06-27,56.06700134277344,56.591800689697266,55.180999755859375,55.19900131225586,55.06377410888672,25878000
2018-06-28,55.10449981689453,56.115501403808594,54.800498962402344,55.71099853515625,55.574520111083984,21448000
2018-06-29,56.0,56.41135025024414,55.75,55.782501220703125,55.645843505859375,26302000
2018-07-02,54.95000076293945,56.400001525878906,54.689998626708984,56.37300109863281,56.23489761352539,24346000
2018-07-03,56.79100036621094,56.79100036621094,55.000999450683594,55.144500732421875,55.00940704345703,13580000
2018-07-05,55.5265007019043,56.375,55.42399978637695,56.2135009765625,56.07578659057617,21334000
2018-07-06,56.17900085449219,57.04650115966797,56.03684997558594,57.00849914550781,56.868839263916016,19922000
2018-07-09,57.42399978637695,57.73350143432617,57.17100143432617,57.70249938964844,57.56113815307617,18180000
2018-07-10,57.8489990234375,57.97949981689453,57.47949981689453,57.641998291015625,57.50078582763672,15968000
2018-07-11,57.22949981689453,58.214500427246094,57.04999923706055,57.69499969482422,57.55365753173828,22400000
2018-07-12,57.99449920654297,59.22050094604492,57.796749114990234,59.17399978637695,59.02903366088867,25038000
2018-07-13,59.25,59.770851135253906,59.0,59.441001892089844,59.29538345336914,24438000
2018-07-16,59.46950149536133,59.54999923706055,58.9640007019043,59.19300079345703,59.04799270629883,21114000
2018-07-17,58.611000061035156,60.152000427246094,58.529998779296875,59.939998626708984,59.793155670166016,32208000
2018-07-18,59.827999114990234,60.224998474121094,59.516998291015625,59.79399871826172,59.64751434326172,27872000
2018-07-19,59.54999923706055,60.0,59.16600036621094,59.347999572753906,59.202606201171875,25534000
2018-07-20,59.347999572753906,59.84299850463867,59.21099853515625,59.24549865722656,59.10036087036133,24948000
2018-07-23,59.050498962402344,60.324501037597656,59.04999923706055,60.275001525878906,60.127342224121094,52384000
2018-07-24,63.12950134277344,63.29999923706055,61.77799987792969,62.40399932861328,62.251121520996094,66364000
2018-07-25,61.95650100708008,63.292999267578125,61.95650100708008,63.185001373291016,63.03021240234375,42556000
2018-07-26,62.54999923706055,63.488548278808594,62.45100021362305,63.416500091552734,63.26114273071289,48112000
2018-07-27,63.54999923706055,63.69449996948242,61.54999923706055,61.92499923706055,61.77329635620117,42612000
2018-07-30,61.4005012512207,61.74580001831055,60.57350158691406,60.98699951171875,60.83759307861328,36998000
2018-07-31,61.0004997253418,61.379398345947266,60.279998779296875,60.862998962402344,60.713897705078125,32894000
2018-08-01,61.400001525878906,61.673500061035156,60.510501861572266,61.0004997253418,60.8510627746582,31344000
2018-08-02,60.29499816894531,61.49399948120117,60.239498138427734,61.307498931884766,61.15730667114258,30626000
2018-08-03,61.48099899291992,61.5,60.75299835205078,61.18550109863281,61.03561019897461,21792000
2018-08-06,61.25,61.30440139770508,60.78984832763672,61.23849868774414,61.088478088378906,21634000
2018-08-07,61.849998474121094,62.55849838256836,61.80849838256836,62.111000061035156,61.958839416503906,29880000
2018-08-08,62.02349853515625,62.82500076293945,61.90039825439453,62.28049850463867,62.127925872802734,27406000
2018-08-09,62.494998931884766,62.777099609375,62.300498962402344,62.45500183105469,62.301998138427734,16972000
2018-08-10,62.150001525878906,62.284751892089844,61.599998474121094,61.88050079345703,61.728904724121094,22174000
2018-08-13,61.8489990234375,62.46364974975586,61.68204879760742,61.7504997253418,61.599220275878906,19946000
2018-08-14,61.759498596191406,62.29349899291992,61.25550079345703,62.10499954223633,61.95285415649414,26962000
2018-08-15,61.4630012512207,61.762001037597656,60.47549819946289,60.71900177001953,60.57025146484375,36576000
2018-08-16,61.23649978637695,61.29999923706055,60.127498626708984,60.324501037597656,60.176719665527344,26864000
2018-08-17,60.10150146484375,60.45100021362305,59.4119987487793,60.04800033569336,59.90089416503906,27792000
2018-08-20,60.250999450683594,60.54999923706055,59.731300354003906,60.38850021362305,60.240562438964844,17416000
2018-08-21,60.400001525878906,60.862998962402344,60.0177001953125,60.08100128173828,59.933815002441406,24112000
2018-08-22,60.0,60.59199905395508,59.95000076293945,60.36650085449219,60.21861267089844,17748000
2018-08-23,60.356998443603516,61.06399917602539,60.21200180053711,60.26900100708008,60.12135314941406,19852000
2018-08-24,60.441001892089844,61.08250045776367,60.31795120239258,61.032501220703125,60.88298416137695,18932000
2018-08-27,61.380001068115234,62.15449905395508,61.28580093383789,62.090999603271484,61.93888854980469,23126000
2018-08-28,62.06449890136719,62.12725067138672,61.43450164794922,61.557498931884766,61.40669631958008,26080000
2018-08-29,61.872501373291016,62.53300094604492,61.81795120239258,62.46500015258789,62.311973571777344,25978000
2018-08-30,62.21149826049805,62.6817512512207,61.62950134277344,61.95600128173828,61.80421829223633,26628000
2018-08-31,61.749000549316406,61.93299865722656,60.56425094604492,60.90950012207031,60.760284423828125,36328000
2018-09-04,60.2135009765625,60.64950180053711,59.625,59.849998474121094,59.70337677001953,36620000
2018-09-05,59.689998626708984,59.95050048828125,58.099998474121094,59.32400131225586,59.17866897583008,41226000
2018-09-06,59.314998626708984,59.314998626708984,57.599998474121094,58.571998596191406,58.42850875854492,37770000
2018-09-07,57.93349838256836,58.76300048828125,57.860748291015625,58.24150085449219,58.09882354736328,28026000
2018-09-10,58.609500885009766,58.72700119018555,58.00550079345703,58.231998443603516,58.08934020996094,22308000
2018-09-11,58.08150100708008,58.933998107910156,57.8120002746582,58.86800003051758,58.723785400390625,24186000
2018-09-12,58.63600158691406,58.93050003051758,57.917999267578125,58.14099884033203,57.998565673828125,25910000
2018-09-13,58.5369987487793,58.93050003051758,58.14250183105469,58.76649856567383,58.62253189086914,28624000
2018-09-14,58.95500183105469,59.0212516784668,58.416500091552734,58.62649917602539,58.48287582397461,18880000
2018-09-17,58.50699996948242,58.86199951171875,57.701499938964844,57.8025016784668,57.66089630126953,26130000
2018-09-18,57.85449981689453,58.80400085449219,57.85449981689453,58.06100082397461,57.91876220703125,24072000
2018-09-19,58.249000549316406,58.660499572753906,57.729000091552734,58.554500579833984,58.41105651855469,23828000
2018-09-20,58.9995002746582,59.49449920654297,58.667999267578125,59.34349822998047,59.1981201171875,24508000
2018-09-21,59.599998474121094,59.61050033569336,58.301998138427734,58.304500579833984,58.16166687011719,88112000
2018-09-24,57.85850143432617,58.900001525878906,57.34550094604492,58.66849899291992,58.52477264404297,25420000
2018-09-25,58.807498931884766,59.34400177001953,58.400001525878906,59.23249816894531,59.0873908996582,19554000
2018-09-26,59.25749969482422,59.71149826049805,58.738250732421875,59.02450180053711,58.879905700683594,29246000
2018-09-27,59.33649826049805,60.10499954223633,59.18149948120117,59.731998443603516,59.58566665649414,25216000
2018-09-28,59.59349822998047,59.77050018310547,59.224998474121094,59.673500061035156,59.527313232421875,27612000
2018-10-01,59.99449920654297,60.494998931884766,59.51499938964844,59.765499114990234,59.619083404541016,27152000
2018-10-02,59.54800033569336,60.49800109863281,59.33150100708008,60.00550079345703,59.85850143432617,33758000
2018-10-03,60.25,60.320499420166016,59.69150161743164,60.147499084472656,60.00014877319336,25124000
2018-10-04,59.76649856567383,59.8754997253418,57.77880096435547,58.40950012207031,58.26641082763672,44190000
2018-10-05,58.375,58.67499923706055,57.25600051879883,57.86750030517578,57.72573471069336,23686000
2018-10-08,57.50550079345703,58.400001525878906,56.36819839477539,57.44850158691406,57.30776596069336,38648000
2018-10-09,57.307498931884766,57.717498779296875,56.87860107421875,56.941001892089844,56.801509857177734,26174000
2018-10-10,56.55400085449219,56.60850143432617,54.05649948120117,54.06100082397461,53.92856216430664,53514000
2018-10-11,53.64699935913086,55.31999969482422,53.41350173950195,53.965999603271484,53.83379364013672,58980000
2018-10-12,55.400001525878906,55.75,54.320098876953125,55.50400161743164,55.36802673339844,42026000
2018-10-15,55.445499420166016,55.672298431396484,54.45000076293945,54.61249923706055,54.47871017456055,27448000
2018-10-16,55.22949981689453,56.21099853515625,55.125,56.06399917602539,55.92665481567383,38570000
2018-10-17,56.323001861572266,56.449501037597656,55.109500885009766,55.78450012207031,55.6478385925293,29344000
2018-10-18,56.09199905395508,56.09199905395508,53.85449981689453,54.39849853515625,54.26523208618164,41890000
2018-10-19,54.66849899291992,55.518001556396484,54.38750076293945,54.823001861572266,54.688697814941406,25352000
2018-10-22,55.15299987792969,55.61149978637695,54.54999923706055,55.05799865722656,54.923118591308594,30284000
2018-10-23,54.044498443603516,55.394500732421875,53.5,55.18450164794922,55.04930877685547,36974000
2018-10-24,55.212501525878906,55.305999755859375,52.4370002746582,52.535499572753906,52.40679931640625,39648000
2018-10-25,53.589500427246094,55.54899978637695,53.477500915527344,54.778499603271484,54.64430236816406,50916000
2018-10-26,51.85150146484375,55.326499938964844,51.704498291015625,53.57350158691406,53.442256927490234,83752000
2018-10-29,54.12350082397461,54.85200119018555,49.791500091552734,51.00400161743164,50.879051208496094,77614000
2018-10-30,50.42300033569336,51.8745002746582,50.037498474121094,51.81050109863281,51.68357467651367,64254000
2018-10-31,52.990501403808594,54.59700012207031,52.849998474121094,53.8385009765625,53.706607818603516,50596000
2018-11-01,53.790000915527344,54.19874954223633,53.12300109863281,53.5,53.36893844604492,29640000
2018-11-02,53.686500549316406,54.14875030517578,52.730499267578125,52.88949966430664,52.75992965698242,36780000
2018-11-05,52.75,52.923500061035156,51.0620002746582,52.00450134277344,51.87710189819336,48828000
2018-11-06,51.9739990234375,53.21725082397461,51.903499603271484,52.79050064086914,52.66117477416992,24666000
2018-11-07,53.45000076293945,54.77299880981445,53.29499816894531,54.669498443603516,54.53557205200195,41168000
2018-11-08,54.569000244140625,54.66350173950195,53.61024856567383,54.119998931884766,53.9874153137207,29764000
2018-11-09,53.699501037597656,53.77799987792969,52.65549850463867,53.307498931884766,53.17690658569336,26864000
2018-11-12,53.06949996948242,53.10599899291992,51.54999923706055,51.93149948120117,51.80427551269531,29436000
2018-11-13,52.16450119018555,52.83024978637695,51.557498931884766,51.8025016784668,51.67559814453125,30274000
2018-11-14,52.5,52.72819900512695,51.54999923706055,52.18299865722656,52.05516052246094,31318000
2018-11-15,52.23550033569336,53.592498779296875,51.5890007019043,53.23550033569336,53.10508346557617,36722000
2018-11-16,52.97050094604492,53.349998474121094,52.44900131225586,53.074501037597656,52.94447708129883,33162000
2018-11-19,52.86000061035156,53.03950119018555,50.8129997253418,51.0,50.87506103515625,37172000
2018-11-20,50.0,51.58700180053711,49.80099868774414,51.28799819946289,51.162353515625,48982000
2018-11-21,51.8380012512207,52.428001403808594,51.673500061035156,51.88050079345703,51.7534065246582,30686000
2018-11-23,51.5,51.87950134277344,51.11994934082031,51.194000244140625,51.06858444213867,13830000
2018-11-26,51.91749954223633,52.46549987792969,51.695499420166016,52.430999755859375,52.302555084228516,38856000
2018-11-27,52.04999923706055,52.87900161743164,51.92449951171875,52.22050094604492,52.09257125854492,36064000
2018-11-28,52.4379997253418,54.34199905395508,51.78799819946289,54.311500549316406,54.17844772338867,49508000
2018-11-29,53.80400085449219,54.712249755859375,53.79999923706055,54.415000915527344,54.28169250488281,29378000
2018-11-30,54.45349884033203,54.778499603271484,53.89400100708008,54.721500396728516,54.58744430541992,51604000
2018-12-03,56.15700149536133,56.23249816894531,55.183250427246094,55.32149887084961,55.18597412109375,39824000
2018-12-04,55.15599822998047,55.22100067138672,52.499000549316406,52.54100036621094,52.41228485107422,46904000
2018-12-06,51.7130012512207,53.560001373291016,51.53850173950195,53.436500549316406,53.30559158325195,55384000
2018-12-07,53.0004997253418,53.76300048828125,51.42499923706055,51.82899856567383,51.7020263671875,42024000
2018-12-10,51.752498626708984,52.42250061035156,51.16450119018555,51.977500915527344,51.85016632080078,36154000
2018-12-11,52.824501037597656,53.029998779296875,51.992000579833984,52.587501525878906,52.45867156982422,27894000
2018-12-12,53.400001525878906,54.08250045776367,53.13949966430664,53.183998107910156,53.053707122802734,30476000
2018-12-13,53.403499603271484,53.987998962402344,52.69649887084961,53.095001220703125,52.964927673339844,26596000
2018-12-14,52.499000549316406,53.130001068115234,52.03950119018555,52.10499954223633,51.977352142333984,33732000
2018-12-17,51.8754997253418,52.657501220703125,50.39500045776367,50.826499938964844,50.70198440551758,47708000
2018-12-18,51.304500579833984,52.4739990234375,51.071998596191406,51.43550109863281,51.30949401855469,43850000
2018-12-19,51.699501037597656,53.099998474121094,50.40250015258789,51.1505012512207,51.02519226074219,49586000
2018-12-20,50.90650177001953,51.71099853515625,49.81800079345703,50.47050094604492,50.346858978271484,53470000
2018-12-21,50.76499938964844,51.20100021362305,48.68450164794922,48.97700119018555,48.857017517089844,91920000
2018-12-24,48.69499969482422,50.176998138427734,48.50550079345703,48.81100082397461,48.69142532348633,31806000
2018-12-26,49.45050048828125,52.0,49.150001525878906,51.972999572753906,51.84567642211914,47466000
2018-12-27,50.85749816894531,52.19449996948242,49.849998474121094,52.194000244140625,52.06613540649414,42196000
2018-12-28,52.48099899291992,52.77799987792969,51.654998779296875,51.854000091552734,51.726966857910156,28296000
2018-12-31,52.54800033569336,52.6349983215332,51.179500579833984,51.78049850463867,51.65364456176758,29866000
2019-01-02,50.82849884033203,52.61600112915039,50.785499572753906,52.29249954223633,52.16439437866211,30652000
2019-01-03,52.04999923706055,52.8489990234375,50.70349884033203,50.803001403808594,50.67854309082031,36822000
2019-01-04,51.62950134277344,53.54199981689453,51.37089920043945,53.535499572753906,53.40434646606445,41878000
2019-01-07,53.57500076293945,53.70000076293945,52.737998962402344,53.419498443603516,53.288631439208984,39638000
2019-01-08,53.80550003051758,54.22800064086914,53.0265007019043,53.81399917602539,53.68216323852539,35298000
2019-01-09,54.08250045776367,54.131500244140625,53.31999969482422,53.733001708984375,53.60136413574219,23986000
2019-01-10,53.382999420166016,53.557498931884766,52.885501861572266,53.51649856567383,53.38539505004883,29128000
2019-01-11,53.159000396728516,53.188751220703125,52.42399978637695,52.859500885009766,52.730003356933594,30416000
2019-01-14,52.34600067138672,52.576499938964844,52.06275177001953,52.234500885009766,52.106536865234375,22886000
2019-01-15,52.50849914550781,54.002498626708984,52.367000579833984,53.85749816894531,53.725555419921875,29272000
2019-01-16,54.0,54.618751525878906,53.96699905395508,54.048500061035156,53.91609191894531,26636000
2019-01-17,53.9734992980957,54.59000015258789,53.67499923706055,54.494998931884766,54.36149978637695,24854000
2019-01-18,55.0,55.417598724365234,54.54499816894531,54.91299819946289,54.778472900390625,39112000
2019-01-22,54.400001525878906,54.57550048828125,53.173500061035156,53.5260009765625,53.394874572753906,32270000
2019-01-23,53.86750030517578,54.246498107910156,52.98749923706055,53.778499603271484,53.64675521850586,19340000
2019-01-24,53.82400131225586,53.973751068115234,53.03499984741211,53.69499969482422,53.56345748901367,27226000
2019-01-25,54.25,54.70000076293945,54.090999603271484,54.54949951171875,54.415863037109375,22382000
2019-01-28,54.00550079345703,54.150001525878906,53.189998626708984,53.50400161743164,53.3729248046875,25686000
2019-01-29,53.63399887084961,53.75749969482422,52.793251037597656,53.03099822998047,52.90108108520508,20436000
2019-01-30,53.42150115966797,54.54999923706055,53.342498779296875,54.452999114990234,54.31959915161133,25596000
2019-01-31,55.150001525878906,55.86650085449219,54.77050018310547,55.81850051879883,55.681758880615234,30766000
2019-02-01,55.619998931884766,56.25,55.24449920654297,55.537498474121094,55.40143966674805,29244000
2019-02-04,55.632999420166016,56.63999938964844,55.45100021362305,56.63999938964844,56.50123977661133,51530000
2019-02-05,56.242000579833984,57.342498779296875,55.86240005493164,57.29949951171875,57.15912628173828,71044000
2019-02-06,56.97850036621094,57.349998474121094,55.63850021362305,55.76150131225586,55.62489700317383,42112000
2019-02-07,55.20800018310547,55.242000579833984,54.29999923706055,54.93550109863281,54.80091857910156,40896000
2019-02-08,54.349998474121094,54.945499420166016,54.32749938964844,54.75299835205078,54.618865966796875,21516000
2019-02-11,54.84749984741211,55.29724884033203,54.643001556396484,54.7504997253418,54.61637496948242,21304000
2019-02-12,55.34000015258789,56.26475143432617,55.29249954223633,56.06850051879883,55.9311408996582,32182000
2019-02-13,56.2495002746582,56.73649978637695,55.92499923706055,56.007999420166016,55.87078857421875,20996000
2019-02-14,55.90250015258789,56.4114990234375,55.52225112915039,56.083499908447266,55.94610595703125,18952000
2019-02-15,56.50400161743164,56.583499908447266,55.532501220703125,55.682498931884766,55.546085357666016,28996000
2019-02-19,55.5,56.09450149536133,55.5,55.928001403808594,55.79098892211914,20928000
2019-02-20,55.9995002746582,56.170501708984375,55.263999938964844,55.689998626708984,55.55356979370117,21756000
2019-02-21,55.54199981689453,55.59700012207031,54.625999450683594,54.8484992980957,54.71413040161133,28302000
2019-02-22,55.04499816894531,55.5620002746582,54.779998779296875,55.51850128173828,55.38249206542969,20990000
2019-02-25,55.79999923706055,55.926998138427734,55.36349868774414,55.470001220703125,55.334110260009766,28262000
2019-02-26,55.287498474121094,55.97549819946289,54.99599838256836,55.756500244140625,55.61990737915039,29426000
2019-02-27,55.34749984741211,55.89899826049805,55.04999923706055,55.8025016784668,55.665794372558594,19368000
2019-02-28,55.564998626708984,56.38249969482422,55.550498962402344,55.99599838256836,55.85881805419922,30850000
2019-03-01,56.244998931884766,57.14849853515625,56.23749923706055,57.04949951171875,56.90973663330078,29006000
2019-03-04,57.3494987487793,57.91400146484375,56.53450012207031,57.38999938964844,57.24940490722656,28920000
2019-03-05,57.50299835205078,58.480499267578125,57.309749603271484,58.10150146484375,57.959163665771484,28864000
2019-03-06,58.1245002746582,58.378299713134766,57.77450180053711,57.893001556396484,57.75117492675781,21986000
2019-03-07,57.7859992980957,57.83774948120117,56.74549865722656,57.165000915527344,57.024959564208984,23332000
2019-03-08,56.33649826049805,57.354000091552734,56.165000915527344,57.11600112915039,56.976078033447266,24248000
2019-03-11,57.22249984741211,58.80950164794922,57.22249984741211,58.78799819946289,58.643978118896484,34384000
2019-03-12,58.91299819946289,60.0,58.91299819946289,59.65999984741211,59.51384735107422,40262000
2019-03-13,60.032249450683594,60.04650115966797,59.59700012207031,59.66600036621094,59.519832611083984,28718000
2019-03-14,59.72549819946289,59.89400100708008,59.2239990234375,59.27750015258789,59.13227844238281,23456000
2019-03-15,59.66899871826172,59.82849884033203,59.13050079345703,59.222999572753906,59.07791519165039,49236000
2019-03-18,59.165000915527344,59.5,58.87105178833008,59.2130012512207,59.06794357299805,25852000
2019-03-19,59.44049835205078,60.0,59.29349899291992,59.942501068115234,59.795650482177734,30414000
2019-03-20,59.86750030517578,61.356998443603516,59.80849838256836,61.19850158691406,61.04857635498047,44548000
2019-03-21,60.79999923706055,61.589500427246094,60.657501220703125,61.57699966430664,61.4261474609375,24080000
2019-03-22,61.316001892089844,61.5,60.14125061035156,60.275001525878906,60.127342224121094,34284000
2019-03-25,59.846500396728516,60.31990051269531,59.35200119018555,59.650001525878906,59.50387191772461,29936000
2019-03-26,59.92649841308594,60.14149856567383,58.83599853515625,59.23099899291992,59.08589553833008,38024000
2019-03-27,59.275001525878906,59.37794876098633,57.96849822998047,58.6510009765625,58.50731658935547,28004000
2019-03-28,58.57699966430664,58.578250885009766,57.97154998779297,58.42449951171875,58.281368255615234,19234000
2019-03-29,58.744998931884766,58.949501037597656,58.14400100708008,58.66550064086914,58.52177810668945,25398000
2019-04-01,59.20500183105469,59.83300018310547,59.099998474121094,59.721500396728516,59.575191497802734,25050000
2019-04-02,59.76599884033203,60.067501068115234,59.285499572753906,60.02450180053711,59.8774528503418,16558000
2019-04-03,60.374000549316406,60.814998626708984,60.025001525878906,60.29600143432617,60.148284912109375,20286000
2019-04-04,60.297000885009766,60.78350067138672,60.20650100708008,60.75,60.601173400878906,19000000
2019-04-05,60.7495002746582,60.81100082397461,60.25149917602539,60.35749816894531,60.209632873535156,18144000
2019-04-08,60.394500732421875,60.43450164794922,59.99300003051758,60.19200134277344,60.04454040527344,17204000
2019-04-09,59.79999923706055,60.114498138427734,59.65399932861328,59.86249923706055,59.71584701538086,17528000
2019-04-10,60.034000396728516,60.18925094604492,59.82175064086914,60.108001708984375,59.96074676513672,14492000
2019-04-11,60.198001861572266,60.39799880981445,60.006500244140625,60.23099899291992,60.08344650268555,14204000
2019-04-12,60.5,60.91749954223633,60.40549850463867,60.89350128173828,60.74432373046875,18668000
2019-04-15,60.900001525878906,61.209999084472656,60.455501556396484,61.05500030517578,60.905426025390625,23748000
2019-04-16,61.25,61.54100036621094,61.00600051879883,61.35649871826172,61.2061882019043,17126000
2019-04-17,61.650001525878906,62.02799987792969,61.39099884033203,61.81700134277344,61.66556167602539,24438000
2019-04-18,61.95899963378906,62.099998474121094,61.730499267578125,61.81850051879883,61.667057037353516,26636000
2019-04-22,61.79949951171875,62.454498291015625,61.41550064086914,62.44200134277344,62.289031982421875,16146000
2019-04-23,62.53450012207031,63.45000076293945,62.319000244140625,63.227500915527344,63.07260513305664,26398000
2019-04-24,63.20600128173828,63.4005012512207,62.75,62.79999923706055,62.64615249633789,20376000
2019-04-25,63.23849868774414,63.370399475097656,62.60150146484375,63.17250061035156,63.017738342285156,22146000
2019-04-26,63.45000076293945,63.653499603271484,63.01599884033203,63.60900115966797,63.45317077636719,24828000
2019-04-29,63.70000076293945,64.4635009765625,63.31475067138672,64.37899780273438,64.22128295898438,49988000
2019-04-30,59.25,59.640499114990234,58.75,59.42399978637695,59.27842330932617,124140000
2019-05-01,59.40250015258789,59.40250015258789,58.35900115966797,58.40399932861328,58.260921478271484,52784000
2019-05-02,58.38800048828125,58.70949935913086,57.750099182128906,58.13050079345703,57.988094329833984,38896000
2019-05-03,58.682498931884766,59.34000015258789,58.45000076293945,59.27000045776367,59.12480163574219,39614000
2019-05-06,58.3129997253418,59.54249954223633,58.3129997253418,59.46950149536133,59.32381057739258,31278000
2019-05-07,59.02349853515625,59.52199935913086,58.051998138427734,58.70500183105469,58.561187744140625,31028000
2019-05-08,58.60049819946289,59.02119827270508,58.2869987487793,58.313499450683594,58.1706428527832,26186000
2019-05-09,57.951499938964844,58.483001708984375,57.54249954223633,58.11899948120117,57.976619720458984,23714000
2019-05-10,58.179500579833984,58.630001068115234,57.125,58.2135009765625,58.07088851928711,26290000
2019-05-13,57.097999572753906,57.39699935913086,56.105499267578125,56.60150146484375,56.46284103393555,37212000
2019-05-14,56.86050033569336,57.020999908447266,55.977500915527344,56.02199935913086,55.8847541809082,36732000
2019-05-15,55.89350128173828,58.56650161743164,55.83330154418945,58.21049880981445,58.067893981933594,45786000
2019-05-16,58.22549819946289,59.40800094604492,58.141998291015625,58.94900131225586,58.804588317871094,30628000
2019-05-17,58.423500061035156,59.00749969482422,58.0004997253418,58.1150016784668,57.97262954711914,24172000
2019-05-20,57.224998474121094,57.33985137939453,56.57215118408203,56.942501068115234,56.803001403808594,27066000
2019-05-21,57.42449951171875,57.635398864746094,56.89699935913086,57.48149871826172,57.34067916870117,23196000
2019-05-22,57.337501525878906,57.92599868774414,57.294498443603516,57.57099914550781,57.429962158203125,18290000
2019-05-23,57.025001525878906,57.298648834228516,56.46120071411133,57.03850173950195,56.89876937866211,23978000
2019-05-24,57.36800003051758,57.488250732421875,56.58300018310547,56.673500061035156,56.53466033935547,22240000
2019-05-28,56.70000076293945,57.579349517822266,56.65599822998047,56.70750045776367,56.56857681274414,27300000
2019-05-29,56.375999450683594,56.45500183105469,55.4109992980957,55.823001861572266,55.68624496459961,30764000
2019-05-30,55.777000427246094,56.15650177001953,55.60599899291992,55.897499084472656,55.76055908203125,19038000
2019-05-31,55.06449890136719,55.47999954223633,55.00899887084961,55.18149948120117,55.04631423950195,30156000
2019-06-03,53.275001525878906,53.275001525878906,51.25,51.811500549316406,51.6845703125,102612000
2019-06-04,52.14500045776367,52.8025016784668,51.68450164794922,52.65250015258789,52.52351379394531,56670000
2019-06-05,52.57699966430664,52.6775016784668,51.52450180053711,52.111000061035156,51.98333740234375,43368000
2019-06-06,52.2495002746582,52.3745002746582,51.685001373291016,52.21699905395508,52.08907699584961,34064000
2019-06-07,52.53150177001953,53.54600143432617,52.41999816894531,53.301998138427734,53.17142105102539,36048000
2019-06-10,53.64899826049805,54.632999420166016,53.6161003112793,54.01900100708008,53.88666534423828,29284000
2019-06-11,54.69900131225586,55.0994987487793,53.880149841308594,53.93600082397461,53.80386734008789,28734000
2019-06-12,53.900001525878906,54.04650115966797,53.37699890136719,53.85150146484375,53.719573974609375,21220000
2019-06-13,54.18199920654297,54.708499908447266,54.00749969482422,54.438499450683594,54.30513381958008,21154000
2019-06-14,54.32099914550781,54.634498596191406,54.00859832763672,54.26750183105469,54.13455581665039,22230000
2019-06-17,54.31399917602539,54.95899963378906,54.31399917602539,54.625,54.491180419921875,18832000
2019-06-18,55.484500885009766,55.81949996948242,54.949501037597656,55.18000030517578,55.044822692871094,27734000
2019-06-19,55.279998779296875,55.349998474121094,54.67399978637695,55.11650085449219,54.981475830078125,26776000
2019-06-20,55.9995002746582,56.00600051879883,55.23699951171875,55.57099914550781,55.43486022949219,25240000
2019-06-21,55.46200180053711,56.205501556396484,55.40399932861328,56.09400177001953,55.95658493041992,38952000
2019-06-24,55.980499267578125,56.099998474121094,55.550498962402344,55.7760009765625,55.63935852050781,27912000
2019-06-25,55.632999420166016,55.717498779296875,54.189998626708984,54.317501068115234,54.18443298339844,30938000
2019-06-26,54.32500076293945,54.64849853515625,53.61199951171875,53.9900016784668,53.85773849487305,36218000
2019-06-27,54.20000076293945,54.35499954223633,53.76449966430664,53.800498962402344,53.668697357177734,20086000
2019-06-28,53.81949996948242,54.04999923706055,53.66849899291992,54.045501708984375,53.91310119628906,33864000
2019-07-01,54.900001525878906,55.37900161743164,54.685150146484375,54.897499084472656,54.76301193237305,28726000
2019-07-02,55.11199951171875,55.5885009765625,54.90850067138672,55.5625,55.42638397216797,19832000
2019-07-03,55.87049865722656,56.3380012512207,55.69300079345703,56.07899856567383,55.94161605834961,15340000
2019-07-05,55.88999938964844,56.64400100708008,55.80699920654297,56.579498291015625,56.440887451171875,25286000
2019-07-08,56.25849914550781,56.29899978637695,55.56050109863281,55.817501068115234,55.68075942993164,24728000
2019-07-09,55.59000015258789,56.401248931884766,55.35850143432617,56.24150085449219,56.103721618652344,26608000
2019-07-10,56.56100082397461,57.102500915527344,56.548500061035156,57.02399826049805,56.884300231933594,24190000
2019-07-11,57.162498474121094,57.653499603271484,56.979000091552734,57.21049880981445,57.070343017578125,23910000
2019-07-12,57.199501037597656,57.367000579833984,56.93899917602539,57.244998931884766,57.104759216308594,17280000
2019-07-15,57.34299850463867,57.54100036621094,56.970001220703125,57.516998291015625,57.37609100341797,18076000
2019-07-16,57.29999923706055,57.92900085449219,57.25,57.67900085449219,57.537696838378906,24776000
2019-07-17,57.548500061035156,57.917999267578125,57.28850173950195,57.317501068115234,57.177085876464844,23400000
2019-07-18,57.08700180053711,57.3802490234375,56.63650131225586,57.31650161743164,57.17608642578125,25814000
2019-07-19,57.40950012207031,57.55699920654297,56.48099899291992,56.505001068115234,56.366573333740234,32944000
2019-07-22,56.67250061035156,56.962501525878906,56.21200180053711,56.903499603271484,56.76409912109375,26030000
2019-07-23,57.20000076293945,57.345001220703125,56.59000015258789,57.31050109863281,57.170101165771484,21874000
2019-07-24,56.595001220703125,57.20000076293945,56.3494987487793,56.890499114990234,56.751129150390625,31796000
2019-07-25,56.89099884033203,57.084999084472656,56.04600143432617,56.60599899291992,56.467323303222656,44196000
2019-07-26,61.20199966430664,63.27750015258789,61.20000076293945,62.52050018310547,62.36733627319336,96116000
2019-07-29,62.0525016784668,62.368499755859375,61.4114990234375,61.97050094604492,61.81868362426758,44474000
2019-07-30,61.27050018310547,61.743499755859375,61.165000915527344,61.25699996948242,61.106929779052734,29066000
2019-07-31,61.150001525878906,61.70000076293945,60.38819885253906,60.83399963378906,60.684967041015625,34510000
2019-08-01,60.701499938964844,61.705501556396484,60.2859992980957,60.45050048828125,60.302406311035156,33970000
2019-08-02,60.0369987487793,60.345001220703125,59.446998596191406,59.699501037597656,59.55324935913086,32902000
2019-08-05,58.50199890136719,58.762001037597656,57.00699996948242,57.61600112915039,57.474853515625,51950000
2019-08-06,58.16550064086914,58.99800109863281,58.0,58.497501373291016,58.354190826416016,34188000
2019-08-07,57.79999923706055,58.92224884033203,57.481201171875,58.699501037597656,58.55569839477539,28886000
2019-08-08,59.14149856567383,60.2504997253418,58.6510009765625,60.2400016784668,60.09242630004883,29360000
2019-08-09,59.89950180053711,60.194000244140625,59.18014907836914,59.4005012512207,59.254981994628906,21314000
2019-08-12,58.96049880981445,59.24800109863281,58.38359832763672,58.73550033569336,58.591609954833984,20060000
2019-08-13,58.573001861572266,60.23899841308594,58.573001861572266,59.86349868774414,59.71684646606445,25888000
2019-08-14,58.81549835205078,59.1150016784668,58.027000427246094,58.214500427246094,58.0718879699707,31574000
2019-08-15,58.17499923706055,58.79199981689453,58.105499267578125,58.362998962402344,58.22002410888672,24374000
2019-08-16,58.977500915527344,59.13600158691406,58.59049987792969,58.880001068115234,58.735755920410156,26266000
2019-08-19,59.50450134277344,60.3494987487793,59.50450134277344,59.92250061035156,59.775699615478516,24632000
2019-08-20,59.76250076293945,59.803001403808594,59.105499267578125,59.134498596191406,58.98963165283203,18310000
2019-08-21,59.657501220703125,59.95000076293945,59.371498107910156,59.5625,59.41658401489258,14814000
2019-08-22,59.70349884033203,59.90060043334961,58.92900085449219,59.47650146484375,59.33079528808594,18950000
2019-08-23,59.0994987487793,59.70399856567383,57.38750076293945,57.56449890136719,57.42347717285156,33740000
2019-08-26,57.862998962402344,58.4734992980957,57.64799880981445,58.44449996948242,58.30132293701172,24522000
2019-08-27,59.0265007019043,59.119998931884766,58.0724983215332,58.391998291015625,58.24895095825195,21544000
2019-08-28,58.08549880981445,58.82099914550781,57.8650016784668,58.55099868774414,58.407562255859375,16040000
2019-08-29,59.055999755859375,59.803001403808594,59.055999755859375,59.64250183105469,59.49639129638672,21768000
2019-08-30,59.92499923706055,59.92499923706055,59.19015121459961,59.404998779296875,59.25946807861328,22596000
2019-09-03,58.85150146484375,59.34450149536133,58.15999984741211,58.419498443603516,58.27638244628906,29598000
2019-09-04,58.83549880981445,59.17399978637695,58.54999923706055,59.070499420166016,58.92578887939453,21378000
2019-09-05,59.576499938964844,60.652000427246094,59.576499938964844,60.569000244140625,60.420616149902344,28162000
2019-09-06,60.40650177001953,60.60074996948242,60.1260986328125,60.246498107910156,60.098907470703125,21442000
2019-09-09,60.20000076293945,61.0,59.63100051879883,60.22050094604492,60.072975158691406,29438000
2019-09-10,59.75749969482422,60.5,59.729000091552734,60.29999923706055,60.15227508544922,25202000
2019-09-11,60.170501708984375,61.130001068115234,60.11000061035156,61.00849914550781,60.859039306640625,26140000
2019-09-12,61.21500015258789,62.09299850463867,61.1510009765625,61.712501525878906,61.561317443847656,34518000
2019-09-13,61.567501068115234,62.04399871826172,61.35049819946289,61.97800064086914,61.826168060302734,26028000
2019-09-16,61.47600173950195,61.97800064086914,61.28049850463867,61.564998626708984,61.41417694091797,21066000
2019-09-17,61.52000045776367,61.75,61.18450164794922,61.45750045776367,61.306941986083984,19102000
2019-09-18,61.3754997253418,61.78049850463867,60.826499938964844,61.62049865722656,61.469539642333984,22702000
2019-09-19,61.60300064086914,62.22200012207031,61.60100173950195,61.93550109863281,61.78376770019531,19920000
2019-09-20,61.65599822998047,62.16600036621094,61.15399932861328,61.496498107910156,61.34584426879883,45400000
2019-09-23,61.29999923706055,61.954498291015625,61.208499908447266,61.701499938964844,61.55034255981445,21248000
2019-09-24,62.0,62.33700180053711,60.534000396728516,60.9379997253418,60.78871154785156,31664000
2019-09-25,60.79100036621094,62.415000915527344,60.50450134277344,62.32600021362305,62.17331314086914,29060000
2019-09-26,62.097999572753906,62.25,61.613399505615234,62.06949996948242,61.917442321777344,30760000
2019-09-27,62.1505012512207,62.20100021362305,60.72249984741211,61.25450134277344,61.10443878173828,27078000
2019-09-30,61.048500061035156,61.29999923706055,60.6150016784668,60.95000076293945,60.80068588256836,28082000
2019-10-01,60.95000076293945,61.561500549316406,60.17900085449219,60.255001068115234,60.10738754272461,25470000
2019-10-02,59.8489990234375,59.8489990234375,58.56449890136719,58.83150100708008,58.687374114990234,32302000
2019-10-03,59.0,59.452999114990234,58.121498107910156,59.39149856567383,59.24599838256836,32424000
2019-10-04,59.59450149536133,60.571998596191406,59.458499908447266,60.45000076293945,60.30190658569336,23248000
2019-10-07,60.220001220703125,60.91019821166992,60.1875,60.38399887084961,60.23606872558594,16858000
2019-10-08,59.87950134277344,60.30400085449219,59.45050048828125,59.45650100708008,59.31084442138672,20786000
2019-10-09,59.967498779296875,60.41749954223633,59.881500244140625,60.115501403808594,59.968231201171875,17354000
2019-10-10,59.92900085449219,60.75,59.867000579833984,60.43349838256836,60.28544616699219,16932000
2019-10-11,61.11050033569336,61.419498443603516,60.6870002746582,60.772499084472656,60.623619079589844,25454000
2019-10-14,60.617000579833984,61.31650161743164,60.5880012512207,60.856998443603516,60.707908630371094,17350000
2019-10-15,61.02000045776367,62.36650085449219,61.02000045776367,62.1505012512207,61.99824142456055,27634000
2019-10-16,62.05849838256836,62.73699951171875,61.92250061035156,62.18199920654297,62.029666900634766,21892000
2019-10-17,62.54650115966797,63.1662483215332,62.49700164794922,62.653499603271484,62.5000114440918,19048000
2019-10-18,62.67300033569336,62.94449996948242,62.05400085449219,62.27450180053711,62.121944427490234,27056000
2019-10-21,62.612998962402344,62.731449127197266,62.029998779296875,62.307498931884766,62.15485763549805,20544000
2019-10-22,62.39250183105469,62.529998779296875,62.069000244140625,62.13999938964844,61.987770080566406,20476000
2019-10-23,62.11800003051758,62.99449920654297,62.11800003051758,62.95650100708008,62.80227279663086,18230000
2019-10-24,63.04499816894531,63.20000076293945,62.68574905395508,63.04949951171875,62.895042419433594,20562000
2019-10-25,62.55149841308594,63.47999954223633,62.5004997253418,63.256500244140625,63.101531982421875,24262000
2019-10-28,63.772499084472656,64.96549987792969,63.62699890136719,64.5,64.34198760986328,52264000
2019-10-29,63.811500549316406,64.07949829101562,62.860599517822266,63.13100051879883,62.976341247558594,37728000
2019-10-30,62.64849853515625,63.46799850463867,62.599998474121094,63.06449890136719,62.90999984741211,28178000
2019-10-31,63.06399917602539,63.38349914550781,62.54214859008789,63.00550079345703,62.85115051269531,29114000
2019-11-01,63.25,63.73099899291992,63.025001525878906,63.6870002746582,63.53097915649414,33402000
2019-11-04,63.8224983215332,64.70649719238281,63.8177490234375,64.56849670410156,64.41031646728516,30020000
2019-11-05,64.64450073242188,64.94650268554688,64.56144714355469,64.60150146484375,64.4432373046875,25654000
2019-11-06,64.4729995727539,64.6865005493164,64.125,64.58999633789062,64.4317626953125,23060000
2019-11-07,64.71399688720703,66.18699645996094,64.71224975585938,65.44300079345703,65.28267669677734,40600000
2019-11-08,65.26399993896484,65.9000015258789,65.21824645996094,65.56849670410156,65.40786743164062,25028000
2019-11-11,65.15899658203125,65.32125091552734,64.87049865722656,64.95950317382812,64.80036926269531,20238000
2019-11-12,65.0,65.5,64.78849792480469,64.94000244140625,64.78091430664062,21718000
2019-11-13,64.70349884033203,65.21499633789062,64.67549896240234,64.9000015258789,64.74101257324219,16534000
2019-11-14,64.875,65.8499984741211,64.78250122070312,65.572998046875,65.412353515625,23870000
2019-11-15,65.9469985961914,66.74400329589844,65.71399688720703,66.74349975585938,66.57998657226562,35652000
2019-11-18,66.61100006103516,66.77645111083984,65.875,66.03500366210938,65.87322998046875,29748000
2019-11-19,66.38500213623047,66.38500213623047,65.63999938964844,65.77300262451172,65.61186981201172,25384000
2019-11-20,65.58699798583984,65.75,64.55750274658203,65.15249633789062,64.99288177490234,26172000
2019-11-21,65.0739974975586,65.62950134277344,64.6500015258789,65.06749725341797,64.90809631347656,19910000
2019-11-22,65.28099822998047,65.4365005493164,64.57050323486328,64.76699829101562,64.60832977294922,27714000
2019-11-25,64.95899963378906,65.56549835205078,64.90650177001953,65.33450317382812,65.17444610595703,20724000
2019-11-26,65.49299621582031,65.73999786376953,65.25450134277344,65.67749786376953,65.5166015625,21394000
2019-11-27,65.75,65.91799926757812,65.48149871826172,65.64949798583984,65.4886703491211,19912000
2019-11-29,65.35600280761719,65.51024627685547,65.19850158691406,65.24800109863281,65.0881576538086,11740000
2019-12-02,65.05000305175781,65.29149627685547,64.05000305175781,64.49600219726562,64.33800506591797,30218000
2019-12-03,63.97850036621094,64.92304992675781,63.95000076293945,64.76399993896484,64.60533905029297,22876000
2019-12-04,65.35050201416016,66.29000091552734,65.24349975585938,66.0270004272461,65.86524963378906,30750000
2019-12-05,66.4000015258789,66.46790313720703,65.8219985961914,66.40650177001953,66.24381256103516,24254000
2019-12-06,66.6719970703125,67.19999694824219,66.6719970703125,67.03099822998047,66.86679077148438,26296000
2019-12-09,66.9020004272461,67.97250366210938,66.89199829101562,67.1780014038086,67.013427734375,27086000
2019-12-10,67.07499694824219,67.49874877929688,66.802001953125,67.23300170898438,67.06829833984375,21882000
2019-12-11,67.54199981689453,67.55999755859375,67.13349914550781,67.2509994506836,67.08625030517578,17008000
2019-12-12,67.2969970703125,67.78874969482422,67.0250015258789,67.51349639892578,67.34810638427734,25620000
2019-12-13,67.39749908447266,67.65464782714844,67.19349670410156,67.3915023803711,67.22640991210938,30992000
2019-12-16,67.82499694824219,68.23400115966797,67.63349914550781,68.05850219726562,67.89177703857422,27946000
2019-12-17,68.14450073242188,68.25,67.56614685058594,67.75599670410156,67.59001159667969,37080000
2019-12-18,67.83000183105469,68.02349853515625,67.55000305175781,67.63099670410156,67.4653091430664,30452000
2019-12-19,67.59100341796875,67.90499877929688,67.44924926757812,67.802001953125,67.63590240478516,29398000
2019-12-20,68.1675033569336,68.18199920654297,67.44999694824219,67.47949981689453,67.3141860961914,66300000
2019-12-23,67.79350280761719,67.98999786376953,67.32550048828125,67.44200134277344,67.27677917480469,17662000
2019-12-24,67.42500305175781,67.51300048828125,67.13899993896484,67.1780014038086,67.013427734375,6950000
2019-12-26,67.30850219726562,68.06635284423828,67.22350311279297,68.0199966430664,67.85335540771484,13350000
2019-12-27,68.14949798583984,68.22650146484375,67.46549987792969,67.59449768066406,67.42890930175781,20768000
2019-12-30,67.5,67.6500015258789,66.70099639892578,66.80699920654297,66.6433334350586,21018000
2019-12-31,66.50550079345703,66.9000015258789,66.4542465209961,66.85099792480469,66.68722534179688,19236000
2020-01-02,67.07749938964844,68.40699768066406,67.07749938964844,68.36849975585938,68.20101165771484,28132000
2020-01-03,67.39299774169922,68.625,67.2771987915039,68.03299713134766,67.86632537841797,23728000
2020-01-06,67.5,69.82499694824219,67.5,69.71050262451172,69.53972625732422,34646000
2020-01-07,69.89700317382812,70.14949798583984,69.51899719238281,69.66699981689453,69.49633026123047,30054000
2020-01-08,69.60399627685547,70.5790023803711,69.54199981689453,70.21600341796875,70.04399108886719,30560000
2020-01-09,71.02850341796875,71.36650085449219,70.51349639892578,70.99150085449219,70.81758117675781,30018000
2020-01-10,71.37799835205078,71.74645233154297,70.9175033569336,71.48650360107422,71.3113784790039,36414000
2020-01-13,71.80650329589844,72.0260009765625,71.3010025024414,71.96150207519531,71.78520965576172,33046000
2020-01-14,71.95050048828125,72.08999633789062,71.41850280761719,71.54399871826172,71.36872863769531,31178000
2020-01-15,71.510498046875,72.06974792480469,71.510498046875,71.95999908447266,71.78370666503906,25654000
2020-01-16,72.37200164794922,72.59950256347656,72.0459976196289,72.58499908447266,72.40718078613281,23474000
2020-01-17,73.14550018310547,74.06475067138672,72.91100311279297,74.01950073242188,73.83817291259766,47924000
2020-01-21,73.95600128173828,74.59249877929688,73.55999755859375,74.22000122070312,74.03817749023438,40734000
2020-01-22,74.55000305175781,75.16069793701172,74.24649810791016,74.29750061035156,74.11548614501953,32216000
2020-01-23,74.38200378417969,74.7760009765625,74.1050033569336,74.3324966430664,74.15039825439453,27024000
2020-01-24,74.67949676513672,74.77474975585938,73.26249694824219,73.33550262451172,73.15584564208984,35692000
2020-01-27,71.55000305175781,71.90350341796875,71.05999755859375,71.69499969482422,71.51936340332031,35104000
2020-01-28,72.1500015258789,72.80000305175781,71.62349700927734,72.62799835205078,72.4500732421875,31548000
2020-01-29,72.94000244140625,73.27149963378906,72.33699798583984,72.93150329589844,72.75283813476562,21554000
2020-01-30,71.99800109863281,72.86399841308594,71.81999969482422,72.79199981689453,72.6136703491211,26788000
2020-01-31,73.44499969482422,73.50650024414062,71.42649841308594,71.71150207519531,71.53582000732422,48344000
2020-02-03,73.0999984741211,74.5,72.94950103759766,74.2969970703125,74.11498260498047,60736000
2020-02-04,72.85350036621094,73.4749984741211,71.31500244140625,72.35350036621094,72.17625427246094,78660000
2020-02-05,73.12100219726562,73.19200134277344,71.52799987792969,72.4114990234375,72.2341079711914,39724000
2020-02-06,72.5165023803711,74.0999984741211,72.47850036621094,73.8115005493164,73.63067626953125,33588000
2020-02-07,73.36499786376953,74.29199981689453,73.31749725341797,73.96150207519531,73.78031158447266,23446000
2020-02-10,73.71600341796875,75.4749984741211,73.71600341796875,75.43399810791016,75.24919891357422,28398000
2020-02-11,75.59049987792969,76.48149871826172,75.28189849853516,75.43949890136719,75.25468444824219,26892000
2020-02-12,75.7239990234375,76.03475189208984,75.40550231933594,75.91349792480469,75.72752380371094,23352000
2020-02-13,75.6344985961914,76.35900115966797,75.2300033569336,75.73300170898438,75.54747009277344,18590000
2020-02-14,75.77999877929688,76.03700256347656,75.36699676513672,76.03700256347656,75.8507308959961,23956000
2020-02-18,75.75,76.58149719238281,75.62950134277344,75.9834976196289,75.79735565185547,22414000
2020-02-19,76.25350189208984,76.60530090332031,76.06999969482422,76.33450317382812,76.14749908447266,18986000
2020-02-20,76.0999984741211,76.48200225830078,75.34100341796875,75.90750122070312,75.72154235839844,21932000
2020-02-21,75.40149688720703,75.61074829101562,74.02200317382812,74.25550079345703,74.07359313964844,34634000
2020-02-24,71.30549621582031,71.84850311279297,70.56950378417969,71.07949829101562,70.90536499023438,57342000
2020-02-25,71.6500015258789,71.90699768066406,69.12000274658203,69.42250061035156,69.25243377685547,49566000
2020-02-26,69.80699920654297,70.78500366210938,68.94999694824219,69.65899658203125,69.48834991455078,44048000
2020-02-27,68.10299682617188,68.58519744873047,65.8584976196289,65.90450286865234,65.74304962158203,59566000
2020-02-28,63.875,67.05699920654297,63.54999923706055,66.96649932861328,66.80244445800781,75782000
2020-03-02,67.58049774169922,69.54350280761719,66.34075164794922,69.45549774169922,69.28534698486328,48630000
2020-03-03,69.97100067138672,70.50749969482422,66.5999984741211,67.06950378417969,66.90519714355469,48046000
2020-03-04,67.96150207519531,69.40450286865234,67.15550231933594,69.32599639892578,69.15615844726562,38266000
2020-03-05,67.51000213623047,67.94550323486328,65.25499725341797,65.9520034790039,65.79043579101562,51226000
2020-03-06,63.85300064086914,65.31099700927734,63.0525016784668,64.92050170898438,64.76145935058594,53212000
2020-03-09,60.26499938964844,62.737998962402344,60.0,60.77799987792969,60.62910461425781,67308000
2020-03-10,63.0,64.05750274658203,60.938499450683594,64.01950073242188,63.86266326904297,52228000
2020-03-11,62.48500061035156,63.04800033569336,59.80350112915039,60.77050018310547,60.62162399291992,52170000
2020-03-12,56.29999923706055,59.69350051879883,55.665000915527344,55.74549865722656,55.60893249511719,84534000
2020-03-13,58.95000076293945,60.987998962402344,55.85715103149414,60.98649978637695,60.83709716796875,74002000
2020-03-16,54.79999923706055,57.61334991455078,53.72200012207031,54.21649932861328,54.08367919921875,85048000
2020-03-17,54.65549850463867,56.542999267578125,52.800498962402344,55.9900016784668,55.85283660888672,77230000
2020-03-18,52.82550048828125,55.32500076293945,51.86399841308594,54.84000015258789,54.70565414428711,84668000
2020-03-19,54.65250015258789,57.89849853515625,53.005401611328125,55.76449966430664,55.62788772583008,73022000
2020-03-20,56.7859992980957,57.199501037597656,53.27450180053711,53.61600112915039,53.48465347290039,72036000
2020-03-23,53.066001892089844,53.566001892089844,50.67679977416992,52.83100128173828,52.701576232910156,80882000
2020-03-24,55.188499450683594,56.75,54.53099822998047,56.722999572753906,56.584041595458984,66890000
2020-03-25,56.32350158691406,57.44499969482422,54.300498962402344,55.1245002746582,54.98945617675781,81630000
2020-03-26,55.59000015258789,58.49850082397461,54.67649841308594,58.087501525878906,57.94519805908203,71434000
2020-03-27,56.28350067138672,57.53350067138672,55.295501708984375,55.535499572753906,55.39944839477539,64170000
2020-03-30,56.25199890136719,57.58150100708008,54.82400131225586,57.340999603271484,57.20052719116211,51482000
2020-03-31,57.3650016784668,58.765499114990234,56.90700149536133,58.140499114990234,57.99806594848633,49728000
2020-04-01,56.099998474121094,56.484500885009766,54.872501373291016,55.28099822998047,55.145572662353516,46884000
2020-04-02,54.91299819946289,56.34299850463867,54.81999969482422,56.04199981689453,55.90470886230469,39298000
2020-04-03,55.950748443603516,56.176998138427734,53.990501403808594,54.89400100708008,54.759521484375,46268000
2020-04-06,56.900001525878906,59.733001708984375,56.547000885009766,59.34600067138672,59.20061492919922,53294000
2020-04-07,61.04999923706055,61.25,59.11149978637695,59.32550048828125,59.1801643371582,47746000
2020-04-08,60.32500076293945,60.95349884033203,59.40800094604492,60.513999938964844,60.36574935913086,39502000
2020-04-09,61.20399856567383,61.278499603271484,59.83675003051758,60.5724983215332,60.42410659790039,43508000
2020-04-13,60.45899963378906,61.0255012512207,59.37990188598633,60.87799835205078,60.728858947753906,34796000
2020-04-14,62.25450134277344,64.10350036621094,61.846500396728516,63.46149826049805,63.3060302734375,49408000
2020-04-15,62.28049850463867,64.02300262451172,62.02000045776367,63.12350082397461,62.9688606262207,33434000
2020-04-16,63.70500183105469,63.95000076293945,62.13100051879883,63.173500061035156,63.01873779296875,50362000
2020-04-17,64.24250030517578,64.72149658203125,63.561500549316406,64.1624984741211,64.00531005859375,38980000
2020-04-20,63.54999923706055,64.08000183105469,63.06850051879883,63.330501556396484,63.17535400390625,33910000
2020-04-21,62.349998474121094,62.7135009765625,60.48550033569336,60.81700134277344,60.66801071166992,43060000
2020-04-22,62.277000427246094,64.28064727783203,62.099998474121094,63.160499572753906,63.005767822265625,41848000
2020-04-23,63.57749938964844,64.66549682617188,63.28350067138672,63.81549835205078,63.65916442871094,31324000
2020-04-24,63.05849838256836,64.0199966430664,62.47249984741211,63.96549987792969,63.80879592895508,32792000
2020-04-27,64.80000305175781,64.80750274658203,63.45000076293945,63.79399871826172,63.63771438598633,32012000
2020-04-28,64.39649963378906,64.40249633789062,61.61000061035156,61.68349838256836,61.53238296508789,59026000
2020-04-29,67.072998046875,67.99949645996094,66.26699829101562,67.0739974975586,66.90967559814453,75872000
2020-04-30,66.24400329589844,67.64099884033203,66.12449645996094,67.43299865722656,67.2677993774414,53378000
2020-05-01,66.42500305175781,67.60350036621094,65.55000305175781,66.03050231933594,65.86873626708984,41450000
2020-05-04,65.4114990234375,66.38300323486328,64.94999694824219,66.33999633789062,66.17747497558594,30080000
2020-05-05,66.89600372314453,68.6969985961914,66.87300109863281,67.55549621582031,67.38999938964844,33030000
2020-05-06,68.08450317382812,68.55599975585938,67.364501953125,67.36499786376953,67.19996643066406,24308000
2020-05-07,68.2969970703125,68.87999725341797,67.76349639892578,68.62799835205078,68.45987701416016,27952000
2020-05-08,69.15650177001953,69.93800354003906,68.77400207519531,69.41850280761719,69.2484359741211,27738000
2020-05-11,68.91400146484375,70.82649993896484,68.85759735107422,70.16300201416016,69.99111938476562,28242000
2020-05-12,70.35600280761719,70.75,68.7385025024414,68.78700256347656,68.61848449707031,27812000
2020-05-13,68.85250091552734,69.27410125732422,66.41999816894531,67.46649932861328,67.30122375488281,36252000
2020-05-14,66.7509994506836,67.87100219726562,66.19550323486328,67.80650329589844,67.64038848876953,32062000
2020-05-15,67.5,68.7239990234375,66.94999694824219,68.65950012207031,68.49129486083984,34154000
2020-05-18,68.0875015258789,69.61624908447266,67.7125015258789,69.1969985961914,69.02747344970703,36448000
2020-05-19,69.349853515625,69.5999984741211,68.67424774169922,68.67424774169922,68.50601196289062,25612000
2020-05-20,69.47899627685547,70.52100372314453,69.36250305175781,70.33599853515625,70.16368865966797,33108000
2020-05-21,70.4000015258789,70.77449798583984,69.67250061035156,70.13999938964844,69.96817016601562,27700000
2020-05-22,69.83550262451172,70.63800048828125,69.59149932861328,70.52100372314453,70.34823608398438,26188000
2020-05-26,71.8635025024414,72.05000305175781,70.60649871826172,70.85099792480469,70.67742156982422,41212000
2020-05-27,70.86250305175781,71.08699798583984,69.56449890136719,70.89199829101562,70.71832275390625,33716000
2020-05-28,69.84300231933594,72.04199981689453,69.80000305175781,70.83650207519531,70.6629638671875,33844000
2020-05-29,70.84700012207031,71.62850189208984,70.6675033569336,71.44599914550781,71.2709732055664,36418000
2020-06-01,70.91950225830078,71.89800262451172,70.9000015258789,71.59100341796875,71.41561889648438,24342000
2020-06-02,71.52749633789062,71.98049926757812,70.94149780273438,71.96099853515625,71.78470611572266,25562000
2020-06-03,71.91500091552734,72.32759857177734,71.48885345458984,71.81900024414062,71.64305877685547,25124000
2020-06-04,71.5199966430664,71.947998046875,70.23650360107422,70.60900115966797,70.43601989746094,29686000
2020-06-05,70.65850067138672,72.25250244140625,70.30000305175781,71.91950225830078,71.7433090209961,34698000
2020-06-08,71.11699676513672,72.39949798583984,71.11699676513672,72.33049774169922,72.15330505371094,28084000
2020-06-09,72.26799774169922,73.4000015258789,72.1604995727539,72.80799865722656,72.62963104248047,28184000
2020-06-10,72.97699737548828,73.71295166015625,72.8134994506836,73.2925033569336,73.11295318603516,30504000
2020-06-11,72.1240005493164,72.72374725341797,70.0999984741211,70.19200134277344,70.0200424194336,39826000
2020-06-12,71.42449951171875,71.8499984741211,69.3010025024414,70.65899658203125,70.48590087890625,38928000
2020-06-15,69.54000091552734,71.23999786376953,69.39600372314453,70.99250030517578,70.8185806274414,30078000
2020-06-16,72.26100158691406,72.7509994506836,71.29499816894531,72.13600158691406,71.95928192138672,34184000
2020-06-17,72.35800170898438,73.0,71.56900024414062,72.55599975585938,72.37825775146484,30992000
2020-06-18,72.45800018310547,72.57050323486328,71.35050201416016,71.7979965209961,71.62210083007812,31638000
2020-06-19,72.19999694824219,72.38999938964844,71.06749725341797,71.58599853515625,71.41062927246094,63158000
2020-06-22,71.44999694824219,72.63749694824219,71.1604995727539,72.59300231933594,72.4151611328125,30848000
2020-06-23,72.78199768066406,73.79705047607422,72.26200103759766,73.22049713134766,73.04112243652344,28596000
2020-06-24,73.07550048828125,73.77100372314453,71.48750305175781,71.59850311279297,71.42310333251953,35120000
2020-06-25,71.49500274658203,72.1449966430664,71.0,72.06649780273438,71.88994598388672,24610000
2020-06-26,71.56950378417969,71.67250061035156,67.59950256347656,67.99500274658203,67.82843017578125,85354000
2020-06-29,67.90899658203125,69.77999877929688,67.35050201416016,69.74849700927734,69.57762145996094,36204000
2020-06-30,69.52200317382812,70.93250274658203,69.197998046875,70.68049621582031,70.5073471069336,40848000
2020-07-01,70.55500030517578,72.1500015258789,70.49099731445312,71.9020004272461,71.7258529663086,35504000
2020-07-02,72.34700012207031,74.14749908447266,72.32099914550781,73.23500061035156,73.05558776855469,37182000
2020-07-06,74.00299835205078,75.32949829101562,73.64299774169922,74.78500366210938,74.60179901123047,31280000
2020-07-07,74.5,75.83999633789062,74.17749786376953,74.25900268554688,74.07707977294922,29164000
2020-07-08,74.71600341796875,75.29399871826172,74.28150177001953,74.80000305175781,74.61676025390625,24994000
2020-07-09,75.32250213623047,76.13600158691406,74.40425109863281,75.54949951171875,75.36441802978516,28466000
2020-07-10,75.30750274658203,77.19149780273438,74.8270034790039,77.08699798583984,76.89814758300781,37126000
2020-07-13,77.5,78.85659790039062,75.26215362548828,75.56700134277344,75.38187408447266,36928000
2020-07-14,74.5155029296875,76.14749908447266,74.17500305175781,76.02899932861328,75.84274291992188,31700000
2020-07-15,76.15650177001953,76.7665023803711,74.9000015258789,75.68199920654297,75.49658966064453,32214000
2020-07-16,75.0,75.93450164794922,74.31549835205078,75.9000015258789,75.71405792236328,30386000
2020-07-17,76.08100128173828,76.1719970703125,74.9209976196289,75.77749633789062,75.59185791015625,29134000
2020-07-20,75.76300048828125,78.5145034790039,75.18000030517578,78.28600311279297,78.0942153930664,31146000
2020-07-21,79.34950256347656,79.34950256347656,77.71399688720703,77.9209976196289,77.7301025390625,24324000
2020-07-22,78.0250015258789,78.5,77.30500030517578,78.42449951171875,78.23236846923828,18640000
2020-07-23,78.34850311279297,78.59349822998047,75.36959838867188,75.78399658203125,75.59833526611328,32552000
2020-07-24,74.94650268554688,75.88179779052734,74.41999816894531,75.59349822998047,75.40830993652344,30880000
2020-07-27,75.77999877929688,77.04850006103516,75.760498046875,76.51000213623047,76.32256317138672,24920000
2020-07-28,76.25900268554688,76.3239974975586,74.88300323486328,75.01699829101562,74.83322143554688,34044000
2020-07-29,75.31600189208984,76.5625991821289,75.06649780273438,76.10099792480469,75.91456604003906,22130000
2020-07-30,74.8499984741211,76.89350128173828,74.61100006103516,76.57250213623047,76.38491821289062,33428000
2020-07-31,75.25050354003906,75.44750213623047,72.70149993896484,74.14800262451172,73.96635437011719,68798000
2020-08-03,74.33200073242188,74.52349853515625,73.28199768066406,73.72250366210938,73.54190063476562,46604000
2020-08-04,73.82849884033203,74.27799987792969,72.93250274658203,73.24849700927734,73.06904602050781,38070000
2020-08-05,73.46499633789062,74.12049865722656,73.1729965209961,73.68049621582031,73.49999237060547,39590000
2020-08-06,73.5875015258789,75.11949920654297,73.30000305175781,75.00499725341797,74.82125091552734,39908000
2020-08-07,75.0,75.84224700927734,74.08200073242188,74.72450256347656,74.54144287109375,31556000
2020-08-10,74.35900115966797,75.20375061035156,73.65399932861328,74.80500030517578,74.62174224853516,25786000
2020-08-11,74.62200164794922,75.5,73.9000015258789,74.01599884033203,73.83467102050781,29088000
2020-08-12,74.27899932861328,75.61930084228516,74.26249694824219,75.33100128173828,75.1464614868164,28740000
2020-08-13,75.51699829101562,76.86250305175781,75.40025329589844,75.92250061035156,75.73651123046875,29104000
2020-08-14,75.78299713134766,76.09500122070312,75.14399719238281,75.3864974975586,75.20181274414062,27096000
2020-08-17,75.7334976196289,76.28050231933594,75.39849853515625,75.89900207519531,75.71306610107422,27566000
2020-08-18,76.30899810791016,78.12349700927734,76.18550109863281,77.93000030517578,77.73908996582031,40542000
2020-08-19,77.66549682617188,78.68399810791016,77.19750213623047,77.37650299072266,77.18694305419922,33212000
2020-08-20,77.17250061035156,79.29350280761719,76.91000366210938,79.0875015258789,78.89375305175781,34138000
2020-08-21,78.85150146484375,79.88600158691406,78.40025329589844,79.02100372314453,78.82742309570312,28930000
2020-08-24,79.6989974975586,80.70850372314453,79.02850341796875,79.41000366210938,79.21546936035156,28198000
2020-08-25,79.10350036621094,80.58100128173828,79.10350036621094,80.41100311279297,80.2140121459961,44942000
2020-08-26,80.4000015258789,82.96099853515625,80.18000030517578,82.61900329589844,82.4166030883789,79868000
2020-08-27,82.68399810791016,82.75,81.2874984741211,81.71649932861328,81.51631164550781,37232000
2020-08-28,81.67449951171875,82.3584976196289,81.5374984741211,82.22049713134766,82.01907348632812,29980000
2020-08-31,82.39450073242188,82.39824676513672,81.5155029296875,81.70899963378906,81.50883483886719,36468000
2020-09-01,81.83149719238281,83.2864990234375,81.61100006103516,83.0354995727539,82.83207702636719,36506000
2020-09-02,83.68875122070312,86.65899658203125,83.31649780273438,86.41400146484375,86.20230865478516,50224000
2020-09-03,85.48570251464844,85.48570251464844,80.75299835205078,82.09200286865234,81.89089965820312,62156000
2020-09-04,81.21299743652344,82.25550079345703,77.38065338134766,79.552001953125,79.35711669921875,52172000
2020-09-08,76.67549896240234,78.19325256347656,76.40049743652344,76.61949920654297,76.43180084228516,52218000
2020-09-09,77.87650299072266,78.44999694824219,76.80255126953125,77.8479995727539,77.65728759765625,35494000
2020-09-10,78.03199768066406,79.20404815673828,76.29025268554688,76.60099792480469,76.41334533691406,32372000
2020-09-11,76.80000305175781,78.76000213623047,74.86799621582031,76.03600311279297,75.8497314453125,31942000
2020-09-14,76.95024871826172,78.19999694824219,75.78700256347656,75.96399688720703,75.77789306640625,33932000
2020-09-15,76.80000305175781,77.97850036621094,76.59175109863281,77.0719985961914,76.88319396972656,26622000
2020-09-16,77.7770004272461,78.0999984741211,75.99099731445312,76.04499816894531,75.85869598388672,26234000
2020-09-17,74.80000305175781,75.41490173339844,73.5,74.77649688720703,74.59330749511719,37596000
2020-09-18,74.90049743652344,75.150146484375,71.85649871826172,72.99949645996094,72.82066345214844,62078000
2020-09-21,72.00299835205078,72.41799926757812,70.32749938964844,71.55799865722656,71.38269805908203,57776000
2020-09-22,72.50450134277344,73.47599792480469,71.72650146484375,73.27300262451172,73.09349822998047,31664000
2020-09-23,72.93900299072266,73.0479965209961,70.38500213623047,70.760498046875,70.58715057373047,33148000
2020-09-24,70.55149841308594,72.1854476928711,70.49250030517578,71.41449737548828,71.23954010009766,29004000
2020-09-25,71.63150024414062,72.5,70.66699981689453,72.24800109863281,72.07100677490234,26460000
2020-09-28,73.71050262451172,73.83999633789062,72.46504974365234,73.22599792480469,73.0466079711914,40158000
2020-09-29,73.51950073242188,73.8331527709961,72.94024658203125,73.46649932861328,73.2865219116211,19564000
2020-09-30,73.33999633789062,74.48750305175781,72.99400329589844,73.4800033569336,73.29998779296875,34032000
2020-10-01,74.2135009765625,74.9520034790039,73.96050262451172,74.50450134277344,74.32198333740234,35590000
2020-10-02,73.10150146484375,74.16000366210938,72.5459976196289,72.9209976196289,72.74235534667969,25682000
2020-10-05,73.31050109863281,74.4104995727539,73.2135009765625,74.3010025024414,74.11898040771484,22266000
2020-10-06,73.77899932861328,74.33799743652344,72.42949676513672,72.6719970703125,72.49396514892578,24908000
2020-10-07,73.2145004272461,73.447998046875,71.80000305175781,73.0145034790039,72.83563232421875,34924000
2020-10-08,73.25450134277344,74.5,73.25450134277344,74.29650115966797,74.11449432373047,23756000
2020-10-09,74.73500061035156,75.82599639892578,74.47250366210938,75.76100158691406,75.57540130615234,28706000
2020-10-12,77.1500015258789,79.69300079345703,76.62850189208984,78.4574966430664,78.26528930664062,49652000
2020-10-13,79.1865005493164,79.5,78.16000366210938,78.58399963378906,78.39148712158203,32020000
2020-10-14,78.92949676513672,79.38420104980469,77.52649688720703,78.40399932861328,78.21192169189453,38586000
2020-10-15,77.35749816894531,78.7552490234375,77.25150299072266,77.95649719238281,77.76551818847656,30800000
2020-10-16,78.2925033569336,79.05650329589844,78.1500015258789,78.65049743652344,78.45782470703125,28694000
2020-10-19,79.02300262451172,79.40750122070312,76.4000015258789,76.73049926757812,76.54251861572266,32142000
2020-10-20,76.35250091552734,78.875,76.28350067138672,77.79650115966797,77.60591888427734,44834000
2020-10-21,78.66649627685547,80.9365005493164,78.58149719238281,79.66549682617188,79.4703369140625,51366000
2020-10-22,79.65249633789062,81.09950256347656,79.25,80.7665023803711,80.56864166259766,28672000
2020-10-23,81.30349731445312,82.11799621582031,81.02549743652344,82.05000305175781,81.8489990234375,27516000
2020-10-26,81.25050354003906,81.91200256347656,78.82499694824219,79.52249908447266,79.32768249511719,37066000
2020-10-27,79.78350067138672,80.34224700927734,79.13899993896484,80.21299743652344,80.01648712158203,24580000
2020-10-28,77.98699951171875,78.06749725341797,75.73100280761719,75.83100128173828,75.64522552490234,36680000
2020-10-29,76.11799621582031,79.68550109863281,76.11199951171875,78.36199951171875,78.17002868652344,40062000
2020-10-30,83.60549926757812,84.3499984741211,80.2229995727539,81.05049896240234,80.85194396972656,86582000
2020-11-02,81.40799713134766,83.03849792480469,80.80149841308594,81.30149841308594,81.10232543945312,50708000
2020-11-03,81.58899688720703,83.08499908447266,80.83100128173828,82.510498046875,82.30835723876953,33234000
2020-11-04,85.51399993896484,88.56825256347656,85.30149841308594,87.45649719238281,87.24224090576172,71418000
2020-11-05,89.05000305175781,89.68199920654297,87.52549743652344,88.16850280761719,87.95250701904297,41316000
2020-11-06,87.69750213623047,88.62149810791016,87.01750183105469,88.0875015258789,87.8717041015625,33218000
2020-11-09,89.54499816894531,90.90299987792969,88.0009994506836,88.1500015258789,87.93405151367188,45366000
2020-11-10,86.55449676513672,88.1500015258789,85.86499786376953,87.01950073242188,86.80631256103516,52722000
2020-11-11,87.5,88.21099853515625,87.36824798583984,87.635498046875,87.42080688476562,25280000
2020-11-12,87.38150024414062,88.41349792480469,87.27999877929688,87.49199676513672,87.27765655517578,24950000
2020-11-13,87.88150024414062,89.052001953125,87.22750091552734,88.85099792480469,88.63333129882812,29998000
2020-11-16,88.58499908447266,89.95349884033203,88.3844985961914,89.06900024414062,88.85079956054688,24936000
2020-11-17,88.84700012207031,89.25,88.3499984741211,88.50749969482422,88.2906723022461,22942000
2020-11-18,88.2614974975586,88.67350006103516,87.30699920654297,87.33899688720703,87.12503051757812,23470000
2020-11-19,86.91899871826172,88.47949981689453,86.85025024414062,88.19599914550781,87.97993469238281,24998000
2020-11-20,88.260498046875,88.69999694824219,87.09300231933594,87.1094970703125,86.8960952758789,46270000
2020-11-23,87.4800033569336,87.69499969482422,85.88600158691406,86.74299621582031,86.5304946899414,43232000
2020-11-24,86.5250015258789,88.58000183105469,86.3844985961914,88.44400024414062,88.22733306884766,31560000
2020-11-25,88.64450073242188,88.927001953125,87.8270034790039,88.57150268554688,88.35452270507812,20916000
2020-11-27,88.65450286865234,90.19999694824219,88.62200164794922,89.65950012207031,89.43985748291016,17698000
2020-11-30,89.05919647216797,89.40325164794922,87.75,88.03700256347656,87.82132720947266,36476000
2020-12-01,88.71849822998047,91.24150085449219,88.46849822998047,89.90499877929688,89.68474578857422,34738000
2020-12-02,89.90499877929688,91.78250122070312,89.47364807128906,91.39749908447266,91.17359161376953,24440000
2020-12-03,91.20050048828125,92.36000061035156,91.13249969482422,91.3385009765625,91.11473846435547,24546000
2020-12-04,91.22599792480469,91.65799713134766,90.84950256347656,91.39949798583984,91.17559051513672,27564000
2020-12-07,90.94999694824219,91.61849975585938,90.28900146484375,90.9739990234375,90.75112915039062,26418000
2020-12-08,90.50499725341797,91.09500122070312,89.81024932861328,90.92749786376953,90.70474243164062,21926000
2020-12-09,90.60050201416016,91.7135009765625,88.3905029296875,89.20649719238281,88.98796081542969,30152000
2020-12-10,88.48999786376953,89.06549835205078,87.01599884033203,88.7665023803711,88.54904174804688,27256000
2020-12-11,88.15299987792969,89.22250366210938,88.0,89.0885009765625,88.87025451660156,24414000
2020-12-14,88.75,89.86949920654297,87.86074829101562,88.00299835205078,87.78740692138672,32004000
2020-12-15,88.22100067138672,88.57099914550781,87.49749755859375,88.38849639892578,88.17196655273438,29646000
2020-12-16,88.64399719238281,88.6500015258789,87.80400085449219,88.1500015258789,87.93405151367188,30270000
2020-12-17,88.42549896240234,88.58920288085938,86.93299865722656,87.3949966430664,87.18090057373047,32494000
2020-12-18,87.70899963378906,87.75550079345703,86.01100158691406,86.55049896240234,86.33846282958984,80328000
2020-12-21,85.67549896240234,87.0425033569336,84.94999694824219,86.96849822998047,86.75543975830078,36568000
2020-12-22,86.72149658203125,86.87024688720703,85.62875366210938,86.17500305175781,85.9638900756836,18734000
2020-12-23,86.40550231933594,87.39949798583984,86.25199890136719,86.61900329589844,86.40679931640625,20676000
2020-12-24,86.75,87.30000305175781,86.45549774169922,86.94249725341797,86.72950744628906,6936000
2020-12-28,87.58174896240234,89.5363998413086,87.3167495727539,88.80449676513672,88.58694458007812,27860000
2020-12-29,89.3895034790039,89.62200164794922,87.80449676513672,87.93599700927734,87.72057342529297,25988000
2020-12-30,88.10050201416016,88.25475311279297,86.27999877929688,86.97599792480469,86.76292419433594,26122000
2020-12-31,86.77100372314453,87.94650268554688,86.77100372314453,87.59400177001953,87.37940979003906,20238000
2021-01-04,87.87699890136719,88.03250122070312,85.39250183105469,86.41200256347656,86.20030975341797,38038000
2021-01-05,86.25,87.38349914550781,85.90074920654297,87.0459976196289,86.83275604248047,22906000
2021-01-06,85.13150024414062,87.4000015258789,84.94999694824219,86.7645034790039,86.55194091796875,52042000
2021-01-07,87.00299835205078,89.41999816894531,86.85250091552734,89.36250305175781,89.14358520507812,45300000
2021-01-08,89.39900207519531,90.49199676513672,88.67675018310547,90.3604965209961,90.13912963867188,41012000
2021-01-11,89.30349731445312,89.71575164794922,88.0260009765625,88.33599853515625,88.11959838867188,24194000
2021-01-12,87.69599914550781,88.9020004272461,86.2655029296875,87.32749938964844,87.11356353759766,27140000
2021-01-13,86.92900085449219,88.25174713134766,86.90049743652344,87.72000122070312,87.5051040649414,21882000
2021-01-14,87.68099975585938,88.75050354003906,86.66999816894531,87.00900268554688,86.79584503173828,23590000
2021-01-15,86.90950012207031,87.80000305175781,86.07749938964844,86.80950164794922,86.59683990478516,26844000
2021-01-19,87.61250305175781,90.46375274658203,87.072998046875,89.54299926757812,89.32363891601562,34692000
2021-01-20,91.572998046875,95.18550109863281,91.27649688720703,94.34500122070312,94.11387634277344,49806000
2021-01-21,94.9000015258789,96.74299621582031,94.35549926757812,94.5625,94.33084106445312,41278000
2021-01-22,94.78399658203125,95.54750061035156,94.08799743652344,95.05249786376953,94.81963348388672,25442000
2021-01-25,96.03350067138672,96.47899627685547,93.37650299072266,94.97000122070312,94.73734283447266,38546000
2021-01-26,94.44200134277344,96.25,94.21224975585938,95.86199951171875,95.62715911865234,26262000
2021-01-27,94.12650299072266,94.5,90.44999694824219,91.53949737548828,91.31524658203125,54966000
2021-01-28,92.1969985961914,94.94149780273438,92.13200378417969,93.15550231933594,92.92729187011719,35462000
2021-01-29,92.30850219726562,92.86399841308594,90.51000213623047,91.78700256347656,91.56214141845703,32252000
2021-02-01,92.67849731445312,96.11959838867188,92.54650115966797,95.06749725341797,94.83460235595703,32044000
2021-02-02,96.12799835205078,97.78800201416016,95.72450256347656,96.37550354003906,96.13939666748047,45474000
2021-02-03,103.6500015258789,105.82499694824219,100.91899871826172,103.50350189208984,103.24993896484375,82364000
2021-02-04,103.44450378417969,103.92749786376953,102.12950134277344,103.11849975585938,102.86587524414062,37046000
2021-02-05,103.5,105.12550354003906,102.96649932861328,104.9000015258789,104.64301300048828,30702000
2021-02-08,105.29550170898438,106.17735290527344,103.5999984741211,104.64550018310547,104.3891372680664,24838000
2021-02-09,103.927001953125,105.25650024414062,103.927001953125,104.17549896240234,103.9202880859375,17798000
2021-02-10,104.71050262451172,105.41850280761719,103.15450286865234,104.76899719238281,104.51233673095703,22710000
2021-02-11,104.97550201416016,105.10150146484375,103.86599731445312,104.79450225830078,104.53778076171875,18914000
2021-02-12,104.51249694824219,105.44100189208984,104.15650177001953,105.20549774169922,104.94776916503906,17114000
2021-02-16,105.21800231933594,107.63400268554688,105.21800231933594,106.09500122070312,105.83509063720703,22676000
2021-02-17,105.0,106.68299865722656,104.94599914550781,106.41549682617188,106.15480041503906,21418000
2021-02-18,105.51950073242188,106.63674926757812,105.18550109863281,105.86000061035156,105.60066223144531,22432000
2021-02-19,105.9635009765625,106.52649688720703,104.87049865722656,105.05699920654297,104.79962921142578,29148000
2021-02-22,103.3499984741211,104.57099914550781,103.10700225830078,103.24400329589844,102.99107360839844,27350000
2021-02-23,101.25050354003906,104.10050201416016,100.10099792480469,103.54299926757812,103.28933715820312,33348000
2021-02-24,102.09149932861328,105.03900146484375,101.90650177001953,104.75849914550781,104.50186157226562,24966000
2021-02-25,103.37249755859375,104.74400329589844,101.06449890136719,101.56800079345703,101.31918334960938,36568000
2021-02-26,102.5260009765625,103.55049896240234,100.8030014038086,101.84300231933594,101.593505859375,41670000
2021-03-01,102.82599639892578,104.32599639892578,102.30500030517578,104.07550048828125,103.8205337524414,28090000
2021-03-02,103.80950164794922,105.21849822998047,103.56300354003906,103.79199981689453,103.53772735595703,22692000
2021-03-03,103.3604965209961,104.4259033203125,100.5,101.33550262451172,101.08724975585938,29684000
2021-03-04,101.16850280761719,104.46199798583984,101.01349639892578,102.45449829101562,102.20350646972656,42360000
2021-03-05,103.65599822998047,105.90550231933594,102.32074737548828,105.427001953125,105.16873168945312,43904000
2021-03-08,105.05650329589844,106.44049835205078,101.08049774169922,101.20850372314453,100.96056365966797,32948000
2021-03-09,103.5,103.9020004272461,102.3915023803711,102.63500213623047,102.3835678100586,33946000
2021-03-10,103.58799743652344,103.75,101.66850280761719,102.75150299072266,102.49978637695312,25372000
2021-03-11,103.7030029296875,106.28500366210938,103.61900329589844,105.7385025024414,105.47946166992188,24782000
2021-03-12,104.25,104.51300048828125,102.37750244140625,103.09600067138672,102.84342956542969,34516000
2021-03-15,103.11499786376953,103.35299682617188,102.17549896240234,103.32450103759766,103.07138061523438,25962000
2021-03-16,103.94950103759766,106.1780014038086,103.5,104.6259994506836,104.36968994140625,29832000
2021-03-17,103.80149841308594,105.48899841308594,102.69999694824219,104.55400085449219,104.29786682128906,25980000
2021-03-18,103.05000305175781,103.7750015258789,101.67749786376953,101.81099700927734,101.56158447265625,27228000
2021-03-19,102.10250091552734,102.65499877929688,100.88400268554688,102.16000366210938,101.90973663330078,46298000
2021-03-22,102.09200286865234,102.89949798583984,101.30349731445312,101.92949676513672,101.6797866821289,39096000
2021-03-23,102.58499908447266,103.61509704589844,101.96099853515625,102.64800262451172,102.39653015136719,27340000
2021-03-24,103.26850128173828,103.9104995727539,102.07775115966797,102.25299835205078,102.00250244140625,23080000
2021-03-25,102.2405014038086,102.94349670410156,100.5364990234375,102.21800231933594,101.96759033203125,28378000
2021-03-26,101.94300079345703,102.54949951171875,100.70099639892578,101.77749633789062,101.52816009521484,29870000
2021-03-29,101.39399719238281,102.92150115966797,100.78099822998047,102.79750061035156,102.54566955566406,24596000
2021-03-30,102.88150024414062,103.53900146484375,102.20149993896484,102.7770004272461,102.52521514892578,20732000
2021-03-31,102.95600128173828,104.66635131835938,102.83724975585938,103.43150329589844,103.17811584472656,29198000
2021-04-01,104.89749908447266,107.14700317382812,104.84449768066406,106.88749694824219,106.62564086914062,33980000
2021-04-05,107.64700317382812,111.8655014038086,107.58100128173828,111.27749633789062,111.0048828125,43298000
2021-04-06,111.125,111.88300323486328,110.73999786376953,111.23750305175781,110.9649887084961,27060000
2021-04-07,111.30650329589844,112.75,111.2665023803711,112.48400115966797,112.20844268798828,25798000
2021-04-08,113.89800262451172,114.20024871826172,112.88400268554688,113.27200317382812,112.9945068359375,27166000
2021-04-09,112.83499908447266,114.4520034790039,112.68569946289062,114.29399871826172,114.01399993896484,20888000
2021-04-12,113.3125,113.76599884033203,111.92324829101562,112.739501953125,112.46331787109375,31318000
2021-04-13,113.07350158691406,113.8604965209961,112.80449676513672,113.3635025024414,113.08578491210938,23310000
2021-04-14,113.75800323486328,113.89949798583984,112.45950317382812,112.74199676513672,112.4657974243164,20220000
2021-04-15,113.8489990234375,115.32984924316406,113.30000305175781,114.83300018310547,114.55168151855469,27472000
2021-04-16,115.1500015258789,115.3219985961914,114.22250366210938,114.88800048828125,114.6065444946289,22596000
2021-04-19,114.5989990234375,115.92250061035156,114.39225006103516,115.12000274658203,114.83797454833984,24688000
2021-04-20,115.39450073242188,115.4800033569336,113.58550262451172,114.68150329589844,114.40055847167969,21774000
2021-04-21,114.26249694824219,114.76599884033203,112.92849731445312,114.66449737548828,114.38359069824219,23930000
2021-04-22,114.6614990234375,115.18810272216797,112.82250213623047,113.39600372314453,113.11820220947266,21096000
2021-04-23,114.17350006103516,116.29100036621094,113.9104995727539,115.76499938964844,115.48139190673828,28670000
2021-04-26,115.99649810791016,117.06300354003906,115.69200134277344,116.33699798583984,116.05199432373047,20834000
2021-04-27,116.80000305175781,116.87249755859375,115.2135009765625,115.35600280761719,115.07340240478516,31972000
2021-04-28,120.35724639892578,122.618896484375,118.74250030517578,118.99549865722656,118.70398712158203,59728000
2021-04-29,120.5165023803711,121.82599639892578,120.11399841308594,121.49449920654297,121.19686126708984,39554000
2021-04-30,120.22450256347656,121.35700225830078,120.10800170898438,120.50599670410156,120.21077728271484,39142000
2021-05-03,120.13600158691406,120.98500061035156,119.2249984741211,119.75849914550781,119.4651107788086,33788000
2021-05-04,118.48699951171875,118.96299743652344,115.58499908447266,117.7125015258789,117.42413330078125,35120000
2021-05-05,118.4209976196289,119.11000061035156,117.57050323486328,117.83699798583984,117.5483169555664,21806000
2021-05-06,117.53199768066406,119.135498046875,117.11689758300781,119.06749725341797,118.77580261230469,20618000
2021-05-07,120.0,120.82050323486328,119.5,119.93450164794922,119.64068603515625,23272000
2021-05-10,118.74449920654297,118.9000015258789,116.73650360107422,117.08300018310547,116.7961654663086,26006000
2021-05-11,114.59300231933594,116.0999984741211,114.1500015258789,115.43800354003906,115.15520477294922,32110000
2021-05-12,113.08550262451172,114.26850128173828,111.50250244140625,111.9540023803711,111.67974090576172,34934000
2021-05-13,113.05449676513672,113.83004760742188,112.13600158691406,113.09850311279297,112.8214340209961,26670000
2021-05-14,114.59149932861328,116.05699920654297,114.16600036621094,115.80799865722656,115.5242919921875,26624000
2021-05-17,115.46600341796875,116.16699981689453,114.75,116.07050323486328,115.7861557006836,19842000
2021-05-18,116.84529876708984,117.15750122070312,115.15799713134766,115.17150115966797,114.88935852050781,17302000
2021-05-19,113.22000122070312,115.83799743652344,113.1760025024414,115.43550109863281,115.1527099609375,19350000
2021-05-20,116.4020004272461,118.01699829101562,116.05449676513672,117.80449676513672,117.51589965820312,23832000
2021-05-21,118.29949951171875,118.44999694824219,117.11849975585938,117.25499725341797,116.96774291992188,22832000
2021-05-24,118.3499984741211,120.92400360107422,118.00550079345703,120.33350372314453,120.03871154785156,21244000
2021-05-25,121.0,121.64450073242188,120.14949798583984,120.45349884033203,120.15840911865234,18838000
2021-05-26,120.6417465209961,122.14720153808594,120.62574768066406,121.67649841308594,121.37841796875,21856000
2021-05-27,121.84700012207031,122.0,120.0999984741211,120.12550354003906,119.83122253417969,38962000
2021-05-28,121.0979995727539,121.40699768066406,120.3844985961914,120.5780029296875,120.28260803222656,24108000
2021-06-01,121.0999984741211,121.89855194091797,120.24400329589844,121.4905014038086,121.19287872314453,19166000
2021-06-02,121.7655029296875,122.0999984741211,120.20999908447266,121.06400299072266,120.76741790771484,17158000
2021-06-03,119.7509994506836,120.48725128173828,119.1415023803711,120.23049926757812,119.93595886230469,18346000
2021-06-04,121.1259994506836,122.69294738769531,120.88849639892578,122.58799743652344,122.28768157958984,25948000
2021-06-07,122.56600189208984,123.4000015258789,122.05364990234375,123.30449676513672,123.00242614746094,23850000
2021-06-08,123.99500274658203,124.72474670410156,123.41200256347656,124.14250183105469,123.83837890625,25060000
2021-06-09,124.9749984741211,125.25,124.36650085449219,124.56999969482422,124.26482391357422,20126000
2021-06-10,124.70050048828125,126.16300201416016,124.69999694824219,126.08000183105469,125.77113342285156,31234000
2021-06-11,126.24600219726562,126.34950256347656,124.91449737548828,125.69650268554688,125.3885726928711,25240000
2021-06-14,125.66950225830078,126.4114990234375,125.0469970703125,126.35199737548828,126.0424575805664,22550000
2021-06-15,126.52200317382812,126.86199951171875,125.64849853515625,126.03299713134766,125.7242431640625,22182000
2021-06-16,126.24749755859375,126.52349853515625,124.14994812011719,125.69650268554688,125.3885726928711,26316000
2021-06-17,125.52300262451172,127.19650268554688,125.51499938964844,126.37100219726562,126.06141662597656,25756000
2021-06-18,125.70549774169922,126.38899993896484,124.60299682617188,125.56749725341797,125.25988006591797,53306000
2021-06-21,125.73999786376953,127.03675079345703,125.13424682617188,126.45500183105469,126.14521026611328,26256000
2021-06-22,126.44999694824219,127.2699966430664,126.02649688720703,126.99949645996094,126.68836975097656,20984000
2021-06-23,126.55000305175781,127.7959976196289,126.25199890136719,126.46150207519531,126.15169525146484,19694000
2021-06-24,127.05349731445312,127.5354995727539,126.95999908447266,127.28199768066406,126.97018432617188,18934000
2021-06-25,126.95700073242188,127.50499725341797,126.44400024414062,126.99500274658203,126.68389129638672,33484000
2021-06-28,127.0,127.33699798583984,125.97380065917969,126.81950378417969,126.50881958007812,28110000
2021-06-29,126.77249908447266,127.0,125.43699645996094,126.01850128173828,125.70977783203125,20950000
2021-06-30,125.65354919433594,125.80000305175781,124.75749969482422,125.31600189208984,125.00899505615234,24006000
2021-07-01,124.84974670410156,126.4625015258789,124.84974670410156,126.36849975585938,126.05892181396484,17120000
2021-07-02,126.8395004272461,128.84800720214844,126.76899719238281,128.718994140625,128.40365600585938,21160000
2021-07-06,129.44949340820312,129.88450622558594,128.40899658203125,129.77099609375,129.4530792236328,21350000
2021-07-07,130.34100341796875,130.639892578125,129.75999450683594,130.07749938964844,129.7588348388672,16680000
2021-07-08,128.25,130.03250122070312,128.0399932861328,129.177001953125,128.8605499267578,19780000
2021-07-09,128.9445037841797,129.84950256347656,128.94349670410156,129.57449340820312,129.25704956054688,15106000
2021-07-12,129.83349609375,130.77000427246094,129.60000610351562,130.56399536132812,130.244140625,16944000
2021-07-13,130.88150024414062,132.04200744628906,130.63699340820312,130.9945068359375,130.67359924316406,16618000
2021-07-14,131.90150451660156,132.99600219726562,131.8979949951172,132.08250427246094,131.75892639160156,17912000
2021-07-15,132.5,132.59500122070312,130.59800720214844,131.26649475097656,130.94493103027344,16586000
2021-07-16,131.64100646972656,132.18299865722656,130.82150268554688,131.8455047607422,131.5225067138672,14856000
2021-07-19,131.15550231933594,131.2469940185547,128.53700256347656,129.25399780273438,128.93734741210938,25710000
2021-07-20,130.00399780273438,132.0013427734375,129.1884002685547,131.10150146484375,130.78033447265625,19084000
2021-07-21,130.78700256347656,132.61724853515625,130.60150146484375,132.60049438476562,132.27565002441406,14742000
2021-07-22,132.64999389648438,133.50450134277344,132.39999389648438,133.32850646972656,133.0018768310547,13608000
2021-07-23,135.25999450683594,138.80850219726562,134.70050048828125,137.8159942626953,137.47836303710938,26378000
2021-07-26,138.25,139.71299743652344,137.6510009765625,139.64450073242188,139.30239868164062,23052000
2021-07-27,140.01100158691406,140.01100158691406,135.10000610351562,136.79649353027344,136.46136474609375,42164000
2021-07-28,138.56199645996094,139.67599487304688,136.35000610351562,136.38150024414062,136.04739379882812,54688000
2021-07-29,136.38059997558594,137.15150451660156,136.13800048828125,136.54049682617188,136.20599365234375,19284000
2021-07-30,135.51100158691406,135.77134704589844,134.81419372558594,135.2209930419922,134.8897247314453,23954000
2021-08-02,135.4844970703125,136.02049255371094,134.66949462890625,135.989501953125,135.65635681152344,20140000
2021-08-03,136.0,136.3354949951172,134.18350219726562,136.27999877929688,135.94615173339844,19064000
2021-08-04,136.24949645996094,136.53799438476562,135.4149932861328,136.02850341796875,135.69525146484375,16528000
2021-08-05,136.02850341796875,136.9499969482422,135.60000610351562,136.94000244140625,136.60452270507812,11866000
2021-08-06,136.2949981689453,137.08004760742188,136.04649353027344,137.03599548339844,136.7002716064453,13560000
2021-08-09,136.94900512695312,138.32150268554688,136.4287567138672,138.0019989013672,137.66390991210938,12374000
2021-08-10,138.07949829101562,138.55149841308594,137.22650146484375,138.09649658203125,137.7581787109375,16034000
2021-08-11,138.2830047607422,138.84774780273438,137.35000610351562,137.6894989013672,137.35218811035156,15204000
2021-08-12,137.71299743652344,138.41799926757812,136.7790069580078,138.38949584960938,138.05047607421875,14646000
2021-08-13,138.3574981689453,138.6739959716797,138.0050048828125,138.406005859375,138.06692504882812,12580000
2021-08-16,138.0,138.99049377441406,136.16575622558594,138.91600036621094,138.57568359375,18040000
2021-08-17,138.1909942626953,138.718505859375,136.78750610351562,137.30050659179688,136.9641571044922,21272000
2021-08-18,137.11549377441406,138.29400634765625,136.42100524902344,136.57000732421875,136.23544311523438,14934000
2021-08-19,135.46749877929688,137.45199584960938,135.3560028076172,136.9134979248047,136.5780792236328,18296000
2021-08-20,137.08299255371094,138.614501953125,136.4669952392578,138.43699645996094,138.0978546142578,15564000
2021-08-23,138.99850463867188,142.177001953125,138.74795532226562,141.09950256347656,140.7538299560547,21090000
2021-08-24,141.5435028076172,143.00750732421875,141.35350036621094,142.39849853515625,142.0496368408203,15126000
2021-08-25,142.88299560546875,143.31300354003906,142.4394989013672,142.9499969482422,142.59979248046875,12838000
2021-08-26,142.61849975585938,143.13479614257812,142.0915069580078,142.1230010986328,141.7748260498047,14922000
2021-08-27,142.1125030517578,145.01100158691406,142.02000427246094,144.55050659179688,144.19638061523438,24562000
2021-08-30,144.70449829101562,146.489501953125,144.60000610351562,145.46949768066406,145.11312866210938,16916000
2021-08-31,145.88450622558594,146.11199951171875,145.0,145.46200561523438,145.10565185546875,26756000
2021-09-01,145.64999389648438,146.82049560546875,145.614501953125,145.8419952392578,145.48471069335938,15824000
2021-09-02,145.94949340820312,146.3249969482422,144.10650634765625,144.218994140625,143.86569213867188,21844000
2021-09-03,144.14599609375,145.3769989013672,143.5050048828125,144.77499389648438,144.4203338623047,19104000
2021-09-07,144.74949645996094,145.82400512695312,144.54100036621094,145.5189971923828,145.16250610351562,15170000
2021-09-08,145.39349365234375,145.55099487304688,144.1999969482422,144.8834991455078,144.528564453125,15486000
2021-09-09,144.8834991455078,145.66949462890625,144.4340057373047,144.9134979248047,144.55848693847656,14798000
2021-09-10,145.44349670410156,146.0189971923828,141.7415008544922,141.92100524902344,141.57333374023438,32896000
2021-09-13,143.2010040283203,144.1909942626953,142.28250122070312,143.46499633789062,143.11354064941406,20176000
2021-09-14,144.16099548339844,144.7274932861328,142.90550231933594,143.406005859375,143.0546875,18916000
2021-09-15,143.75900268554688,145.5814971923828,142.25599670410156,145.20599365234375,144.85028076171875,20648000
2021-09-16,145.12100219726562,145.1999969482422,143.41635131835938,144.37350463867188,144.01980590820312,20292000
2021-09-17,143.79849243164062,144.24949645996094,141.06149291992188,141.4635009765625,141.116943359375,60040000
2021-09-20,139.0001983642578,139.3625030517578,137.05299377441406,139.01699829101562,138.6764373779297,34918000
2021-09-21,140.11700439453125,140.8115997314453,138.90550231933594,139.64649963378906,139.3043975830078,18130000
2021-09-22,140.05050659179688,141.58349609375,139.4717559814453,140.93850708007812,140.59323120117188,22068000
2021-09-23,141.6094970703125,142.25245666503906,141.09649658203125,141.82650756835938,141.47906494140625,17272000
2021-09-24,140.9459991455078,142.90350341796875,140.85049438476562,142.63299560546875,142.2835693359375,14950000
2021-09-27,141.5854949951172,142.5,140.5,141.50100708007812,141.15435791015625,18844000
2021-09-28,139.0885009765625,139.60650634765625,135.6999969482422,136.1840057373047,135.8503875732422,42190000
2021-09-29,137.1096954345703,137.39849853515625,134.25,134.52099609375,134.19143676757812,26338000
2021-09-30,134.3249969482422,135.58999633789062,133.0,133.2655029296875,132.93902587890625,35294000
2021-10-01,133.55450439453125,137.0709991455078,133.37750244140625,136.46249389648438,136.12818908691406,28388000
2021-10-04,135.69949340820312,135.6999969482422,131.16650390625,133.76499938964844,133.4373016357422,31530000
2021-10-05,134.0,137.36199951171875,134.0,136.177001953125,135.84339904785156,24126000
2021-10-06,134.62550354003906,137.8520050048828,134.4864959716797,137.35400390625,137.01751708984375,19764000
2021-10-07,138.86300659179688,140.15444946289062,138.56300354003906,139.1855010986328,138.84451293945312,18250000
2021-10-08,139.906005859375,140.31700134277344,139.42935180664062,140.05599975585938,139.712890625,18924000
2021-10-11,139.8000030517578,140.76365661621094,138.80650329589844,138.84750366210938,138.50735473632812,16584000
2021-10-12,139.6374969482422,139.69500732421875,136.25,136.71299743652344,136.37806701660156,22536000
2021-10-13,137.75,138.5500030517578,136.97650146484375,137.89999389648438,137.56216430664062,16380000
2021-10-14,139.95199584960938,141.65150451660156,139.33900451660156,141.41200256347656,141.06556701660156,21426000
2021-10-15,142.1999969482422,142.1999969482422,141.0644989013672,141.6750030517578,141.3279266357422,21250000
2021-10-18,141.2135009765625,142.99874877929688,141.2135009765625,142.9604949951172,142.6102752685547,16564000
2021-10-19,143.29150390625,144.10699462890625,143.0959930419922,143.82200622558594,143.46966552734375,15316000
2021-10-20,144.22250366210938,144.2477569580078,141.91200256347656,142.4149932861328,142.06610107421875,17940000
2021-10-21,142.19200134277344,142.84950256347656,141.63699340820312,142.78050231933594,142.43072509765625,14850000
2021-10-22,140.3509979248047,141.55850219726562,137.17050170898438,138.625,138.285400390625,30182000
2021-10-25,138.8105010986328,139.20579528808594,136.74850463867188,138.7729949951172,138.4330291748047,21082000
2021-10-26,140.6060028076172,140.83949279785156,139.0054931640625,139.6719970703125,139.32981872558594,28258000
2021-10-27,139.90249633789062,149.1179962158203,139.90249633789062,146.42750549316406,146.06878662109375,51850000
2021-10-28,147.2989959716797,147.42449951171875,144.7635040283203,146.12899780273438,145.77101135253906,32418000
2021-10-29,145.52000427246094,148.61300659179688,145.16650390625,148.27049255371094,147.9072723388672,28954000
2021-11-01,148.1649932861328,148.39950561523438,143.57949829101562,143.7740020751953,143.42178344726562,32272000
2021-11-02,144.8094024658203,146.92050170898438,144.64100646972656,145.86300659179688,145.50567626953125,21150000
2021-11-03,146.27499389648438,146.91050720214844,145.05349731445312,146.7899932861328,146.43038940429688,17886000
2021-11-04,147.1999969482422,149.9499969482422,146.63499450683594,148.68299865722656,148.31875610351562,24700000
2021-11-05,149.35350036621094,150.5707550048828,148.65199279785156,149.24099731445312,148.87538146972656,20408000
2021-11-08,150.0,151.0345001220703,149.1199951171875,149.35150146484375,148.98561096191406,18388000
2021-11-09,149.74600219726562,150.3784942626953,147.5070037841797,149.24850463867188,148.88287353515625,16876000
2021-11-10,148.00975036621094,148.6999969482422,145.3249969482422,146.62600708007812,146.2667999267578,22708000
2021-11-11,147.10699462890625,148.5022430419922,146.6945037841797,146.7480010986328,146.3885040283203,12464000
2021-11-12,147.8314971923828,149.8594970703125,146.45399475097656,149.64549255371094,149.2788848876953,17048000
2021-11-15,150.0,150.4770050048828,148.65249633789062,149.38800048828125,149.0220184326172,16248000
2021-11-16,149.17050170898438,149.83250427246094,148.35000610351562,149.0760040283203,148.71080017089844,17254000
2021-11-17,149.22900390625,149.62600708007812,148.56300354003906,149.06199645996094,148.6968231201172,15290000
2021-11-18,149.14599609375,151.61000061035156,148.99850463867188,150.70899963378906,150.33978271484375,26658000
2021-11-19,151.0,151.85000610351562,149.8874969482422,149.95249938964844,149.58514404296875,19766000
2021-11-22,150.14175415039062,150.7445068359375,147.0054931640625,147.07850646972656,146.7181854248047,24608000
2021-11-23,147.11300659179688,147.69400024414062,144.88949584960938,146.7570037841797,146.39747619628906,18126000
2021-11-24,146.35000610351562,147.0,145.19900512695312,146.71749877929688,146.35806274414062,16464000
2021-11-26,145.0155029296875,145.2969970703125,142.48550415039062,142.80599975585938,142.45614624023438,16992000
2021-11-29,144.29849243164062,146.86199951171875,144.29849243164062,146.11399841308594,145.75604248046875,26276000
2021-11-30,145.45025634765625,146.6284942626953,142.0659942626953,142.45199584960938,142.10301208496094,41590000
2021-12-01,144.21249389648438,146.4991455078125,141.5,141.6179962158203,141.27105712890625,28476000
2021-12-02,141.82400512695312,144.6750030517578,140.98199462890625,143.77650451660156,143.42428588867188,21250000
2021-12-03,144.49549865722656,145.21299743652344,141.14999389648438,142.52049255371094,142.1713409423828,26688000
2021-12-06,143.57400512695312,144.35150146484375,140.64700317382812,143.79649353027344,143.4442138671875,22198000
2021-12-07,145.9499969482422,148.3000030517578,145.70249938964844,148.0364990234375,147.67384338378906,23258000
2021-12-08,148.3314971923828,149.156494140625,147.1999969482422,148.7205047607422,148.35617065429688,18964000
2021-12-09,148.17599487304688,149.60499572753906,147.5290069580078,148.1060028076172,147.74317932128906,18580000
2021-12-10,149.10000610351562,149.39999389648438,147.3574981689453,148.6750030517578,148.31077575683594,21634000
2021-12-13,148.44400024414062,148.5625,146.36000061035156,146.70449829101562,146.3450927734375,24104000
2021-12-14,144.77000427246094,145.44200134277344,142.24249267578125,144.9705047607422,144.6153564453125,24778000
2021-12-15,144.36599731445312,147.51724243164062,142.70550537109375,147.36849975585938,147.00747680664062,27280000
2021-12-16,148.07699584960938,148.55149841308594,144.09249877929688,144.8385009765625,144.48367309570312,27400000
2021-12-17,142.71449279785156,144.46009826660156,141.78799438476562,142.80299377441406,142.45315551757812,43404000
2021-12-20,140.67959594726562,142.61050415039062,140.25,142.40150451660156,142.05264282226562,20264000
2021-12-21,143.14999389648438,144.69204711914062,141.73500061035156,144.2205047607422,143.86720275878906,19548000
2021-12-22,144.10000610351562,147.30299377441406,143.96299743652344,146.94900512695312,146.58900451660156,18438000
2021-12-23,147.08949279785156,148.57260131835938,146.9508514404297,147.1425018310547,146.7820281982422,13818000
2021-12-27,147.4635009765625,148.42649841308594,147.25,148.06399536132812,147.70126342773438,13256000
2021-12-28,148.37449645996094,148.37449645996094,145.9355010986328,146.447998046875,146.0892333984375,18624000
2021-12-29,146.42950439453125,147.18374633789062,145.50450134277344,146.50450134277344,146.14559936523438,17022000
2021-12-30,146.4499969482422,147.0625,145.7584991455078,146.00250244140625,145.6448211669922,12978000
2021-12-31,145.54400634765625,146.36500549316406,144.67750549316406,144.67950439453125,144.3250732421875,17298000
2022-01-03,144.47549438476562,145.5500030517578,143.50250244140625,145.07449340820312,144.71908569335938,25214000
2022-01-04,145.55050659179688,146.61000061035156,143.81614685058594,144.41650390625,144.06271362304688,22928000
2022-01-05,144.18099975585938,144.29800415039062,137.52349853515625,137.65350341796875,137.31626892089844,49642000
2022-01-06,137.49749755859375,139.68600463867188,136.7635040283203,137.55099487304688,137.21401977539062,29050000
2022-01-07,137.90499877929688,138.25474548339844,135.78900146484375,137.00450134277344,136.6688690185547,19408000
2022-01-10,135.0989990234375,138.63999938964844,133.1405029296875,138.57400512695312,138.23452758789062,34096000
2022-01-11,138.1804962158203,140.32949829101562,136.81350708007812,140.0175018310547,139.67449951171875,23502000
2022-01-12,141.55450439453125,142.8142547607422,141.11199951171875,141.6479949951172,141.3009796142578,23642000
2022-01-13,141.8404998779297,143.1855010986328,138.91400146484375,139.13099670410156,138.79014587402344,26566000
2022-01-14,137.5,141.20050048828125,137.5,139.7864990234375,139.44406127929688,23826000
2022-01-18,136.60000610351562,137.39149475097656,135.61700439453125,136.29049682617188,135.9566192626953,27382000
2022-01-19,136.93850708007812,138.39950561523438,135.5,135.65199279785156,135.31967163085938,20796000
2022-01-20,136.51400756835938,137.91200256347656,133.14450073242188,133.50650024414062,133.179443359375,21930000
2022-01-21,133.01199340820312,134.760498046875,130.00100708007812,130.0919952392578,129.77330017089844,41920000
2022-01-24,126.02749633789062,130.77850341796875,124.64195251464844,130.3719940185547,130.0526123046875,55148000
2022-01-25,128.4355010986328,129.3385009765625,126.37799835205078,126.7354965209961,126.42501831054688,36008000
2022-01-26,130.59249877929688,132.8074951171875,127.15350341796875,129.24000549316406,128.9233856201172,39630000
2022-01-27,131.36099243164062,132.60995483398438,128.94500732421875,129.12100219726562,128.80467224121094,30248000
2022-01-28,130.0,133.37049865722656,128.6945037841797,133.2895050048828,132.9629669189453,30518000
2022-01-31,134.197998046875,135.843505859375,132.2740020751953,135.69850158691406,135.36607360839844,34056000
2022-02-01,137.8350067138672,138.1999969482422,134.56825256347656,137.8784942626953,137.5407257080078,51204000
2022-02-02,151.86349487304688,152.10000610351562,145.5574951171875,148.0364990234375,147.67384338378906,89750000
2022-02-03,145.2949981689453,149.11770629882812,142.2050018310547,142.65049743652344,142.30104064941406,56930000
2022-02-04,143.01699829101562,144.53524780273438,139.8175048828125,143.01600646972656,142.66563415527344,49224000
2022-02-07,143.70899963378906,143.84649658203125,138.69900512695312,138.93800354003906,138.59764099121094,44610000
2022-02-08,138.9912567138672,139.83709716796875,136.8730010986328,139.21299743652344,138.8719482421875,34256000
2022-02-09,140.84974670410156,142.17550659179688,140.3769989013672,141.4530029296875,141.10647583007812,28628000
2022-02-10,139.5,141.43099975585938,138.0500030517578,138.6024932861328,138.26295471191406,33018000
2022-02-11,138.75,139.2832489013672,133.2884979248047,134.1300048828125,133.80140686035156,38808000
2022-02-14,133.36549377441406,136.16650390625,133.302001953125,135.3000030517578,134.96853637695312,26792000
2022-02-15,137.47149658203125,137.89999389648438,135.5395050048828,136.42550659179688,136.09129333496094,26578000
2022-02-16,136.4304962158203,137.9459991455078,134.8236541748047,137.4875030517578,137.15069580078125,25610000
2022-02-17,136.14999389648438,136.83949279785156,132.20199584960938,132.30850219726562,131.984375,30968000
2022-02-18,133.03750610351562,133.82400512695312,130.3070526123047,130.46749877929688,130.1478729248047,31858000
2022-02-22,129.98500061035156,131.9007568359375,127.74099731445312,129.40249633789062,129.08547973632812,38906000
2022-02-23,131.07850646972656,131.74899291992188,127.50350189208984,127.58499908447266,127.27244567871094,26432000
2022-02-24,125.0,133.03700256347656,124.7645034790039,132.67349243164062,132.3484649658203,43166000
2022-02-25,133.52549743652344,135.38900756835938,131.76499938964844,134.51950073242188,134.18995666503906,26236000
2022-02-28,133.2845001220703,135.6405029296875,132.82525634765625,134.89100646972656,134.560546875,29676000
2022-03-01,134.47999572753906,136.11099243164062,133.3784942626953,134.16799926757812,133.83932495117188,24640000
2022-03-02,134.60824584960938,135.61549377441406,133.4324951171875,134.75149536132812,134.42137145996094,23966000
2022-03-03,135.97850036621094,136.71380615234375,133.43099975585938,134.30799865722656,133.97897338867188,19780000
2022-03-04,133.38250732421875,134.19900512695312,130.4084930419922,132.1219940185547,131.79832458496094,24446000
2022-03-07,131.9040069580078,131.9040069580078,126.41000366210938,126.4645004272461,126.15469360351562,39178000
2022-03-08,126.25050354003906,131.2465057373047,125.86074829101562,127.27850341796875,126.96669006347656,35250000
2022-03-09,131.39999389648438,134.19850158691406,130.08799743652344,133.86599731445312,133.53805541992188,32258000
2022-03-10,131.46249389648438,133.5384979248047,131.4010009765625,132.6820068359375,132.35696411132812,24266000
2022-03-11,133.99949645996094,134.1999969482422,130.29649353027344,130.47549438476562,130.15585327148438,26600000
2022-03-14,130.572998046875,131.0260009765625,126.41300201416016,126.74099731445312,126.43050384521484,30254000
2022-03-15,127.74150085449219,130.51724243164062,126.56800079345703,129.66050720214844,129.34286499023438,30292000
2022-03-16,131.0,133.77099609375,129.2010040283203,133.6905059814453,133.3629913330078,32058000
2022-03-17,133.3209991455078,134.739501953125,132.718994140625,134.60049438476562,134.27073669433594,23994000
2022-03-18,133.88400268554688,136.9134979248047,132.9320068359375,136.80149841308594,136.46636962890625,45900000
2022-03-21,136.84750366210938,137.58250427246094,134.6114959716797,136.47850036621094,136.1441650390625,26632000
2022-03-22,136.5,141.5,136.5,140.27749633789062,139.933837890625,29776000
2022-03-23,139.1385040283203,140.02499389648438,138.16650390625,138.5034942626953,138.1641845703125,25302000
2022-03-24,139.2725067138672,141.39649963378906,138.03939819335938,141.31199645996094,140.96580505371094,20544000
2022-03-25,141.75399780273438,141.95950317382812,139.69949340820312,141.52149963378906,141.1748046875,19270000
2022-03-28,140.6844940185547,141.97650146484375,139.82815551757812,141.9499969482422,141.6022491455078,23774000
2022-03-29,143.16050720214844,144.16250610351562,142.48399353027344,143.25,142.89906311035156,28678000
2022-03-30,142.8699951171875,143.48049926757812,142.16799926757812,142.64450073242188,142.2950439453125,21046000
2022-03-31,142.44850158691406,142.64450073242188,139.61900329589844,139.64950561523438,139.30738830566406,29516000
2022-04-01,140.00999450683594,140.9499969482422,138.7969970703125,140.6999969482422,140.35531616210938,23480000
2022-04-04,140.82449340820312,144.0437469482422,140.82449340820312,143.6425018310547,143.2906036376953,19076000
2022-04-05,143.39950561523438,143.58999633789062,140.94349670410156,141.06300354003906,140.71743774414062,19256000
2022-04-06,139.1614990234375,139.84849548339844,136.41810607910156,137.17599487304688,136.83993530273438,23574000
2022-04-07,136.6179962158203,137.70150756835938,134.8572540283203,136.46499633789062,136.1306915283203,19448000
2022-04-08,136.25,136.25,133.75250244140625,134.010498046875,133.68218994140625,16434000
2022-04-11,132.89999389648438,132.93919372558594,129.61749267578125,129.79649353027344,129.478515625,24188000
2022-04-12,132.42349243164062,132.42349243164062,127.57599639892578,128.37449645996094,128.0600128173828,23004000
2022-04-13,128.62649536132812,130.65574645996094,128.4385986328125,130.28599548339844,129.96681213378906,19542000
2022-04-14,130.64950561523438,130.7102508544922,127.11150360107422,127.25299835205078,126.94125366210938,23484000
2022-04-18,127.41000366210938,128.71200561523438,126.57845306396484,127.96099853515625,127.64752197265625,14918000
2022-04-19,128.07699584960938,130.90374755859375,127.45149993896484,130.531005859375,130.2112274169922,22720000
2022-04-20,131.28399658203125,131.92349243164062,127.89405059814453,128.24549865722656,127.93132781982422,22610000
2022-04-21,129.35000610351562,130.3074951171875,124.6500015258789,124.9375,124.63143157958984,30158000
2022-04-22,125.0,125.4520034790039,119.1405029296875,119.61399841308594,119.32096862792969,46410000
2022-04-25,119.42949676513672,123.27799987792969,118.76924896240234,123.25,122.94805908203125,34522000
2022-04-26,122.75,122.75,119.16184997558594,119.50599670410156,119.2132339477539,49394000
2022-04-27,114.37300109863281,117.5,113.12425231933594,115.02050018310547,114.73872375488281,62238000
2022-04-28,117.11499786376953,120.4384994506836,115.1438980102539,119.4114990234375,119.11896514892578,36790000
2022-04-29,117.5780029296875,118.95999908447266,114.69400024414062,114.96649932861328,114.68485260009766,33694000
2022-05-02,113.90650177001953,117.3395004272461,113.39949798583984,117.15699768066406,116.86997985839844,30280000
2022-05-03,116.76499938964844,119.30000305175781,116.62699890136719,118.12950134277344,117.8401107788086,21216000
2022-05-04,118.00350189208984,123.14299774169922,115.7385025024414,122.57499694824219,122.27471160888672,33232000
2022-05-05,120.22049713134766,121.2332534790039,115.18250274658203,116.74649810791016,116.46048736572266,43090000
2022-05-06,115.51899719238281,117.49849700927734,114.14299774169922,115.66000366210938,115.37665557861328,35310000
2022-05-09,113.30349731445312,115.56289672851562,112.55149841308594,113.08399963378906,112.80696105957031,34520000
2022-05-10,116.04049682617188,116.69100189208984,113.38330078125,114.58450317382812,114.30379486083984,31158000
2022-05-11,113.71050262451172,116.6709976196289,113.6500015258789,113.96099853515625,113.68181610107422,36502000
2022-05-12,111.93800354003906,114.85649871826172,110.1135025024414,113.16100311279297,112.88378143310547,41464000
2022-05-13,114.84549713134766,118.08499908447266,114.0,116.5155029296875,116.23006439208984,29738000
2022-05-16,115.38400268554688,116.60749816894531,114.33499908447266,114.7925033569336,114.51128387451172,23282000
2022-05-17,117.22750091552734,117.22750091552734,115.3375015258789,116.70149993896484,116.41560363769531,21576000
2022-05-18,115.23750305175781,115.69564819335938,112.14199829101562,112.4010009765625,112.12564086914062,27982000
2022-05-19,111.84100341796875,113.5875015258789,110.46800231933594,110.74549865722656,110.47418975830078,29192000
2022-05-20,112.08550262451172,112.55000305175781,106.37300109863281,109.31300354003906,109.04520416259766,37586000
2022-05-23,110.10399627685547,112.00550079345703,109.15425109863281,111.66649627685547,111.39292907714844,31558000
2022-05-24,106.37750244140625,106.3949966430664,102.20800018310547,105.9260025024414,105.66650390625,60386000
2022-05-25,105.14199829101562,106.5447006225586,104.21125030517578,105.8395004272461,105.58021545410156,37900000
2022-05-26,106.05049896240234,108.95525360107422,105.48799896240234,108.2959976196289,108.03069305419922,30288000
2022-05-27,109.78849792480469,112.86799621582031,109.55000305175781,112.79900360107422,112.52266693115234,29924000
2022-05-31,113.0790023803711,116.43350219726562,112.57250213623047,114.03900146484375,113.75962829589844,51302000
2022-06-01,114.93150329589844,117.39900207519531,113.55049896240234,114.13700103759766,113.85739135742188,28630000
2022-06-02,114.18800354003906,117.89800262451172,113.30799865722656,117.74600219726562,117.45755004882812,27472000
2022-06-03,115.99250030517578,116.364501953125,113.66799926757812,114.56400299072266,114.28334045410156,25052000
2022-06-06,116.74250030517578,119.39849853515625,116.5282974243164,117.010498046875,116.72384643554688,23786000
2022-06-07,115.64800262451172,117.74864959716797,115.12550354003906,117.22949981689453,116.94231414794922,26414000
2022-06-08,116.87650299072266,118.64600372314453,116.69674682617188,117.23799896240234,116.9507827758789,22544000
2022-06-09,116.34149932861328,118.3499984741211,114.86699676513672,114.91799926757812,114.636474609375,23142000
2022-06-10,112.78125,113.49700164794922,110.86100006103516,111.42749786376953,111.15452575683594,31324000
2022-06-13,107.44599914550781,109.21849822998047,106.58805084228516,106.87650299072266,106.61467742919922,36756000
2022-06-14,106.88999938964844,108.4574966430664,106.35199737548828,107.19400024414062,106.931396484375,25480000
2022-06-15,108.89949798583984,112.06300354003906,108.1187515258789,110.3905029296875,110.12006378173828,33192000
2022-06-16,108.14949798583984,109.29049682617188,105.7925033569336,106.63600158691406,106.37476348876953,35314000
2022-06-17,106.53500366210938,109.24949645996094,105.62854766845703,107.8655014038086,107.60124969482422,43516000
2022-06-21,109.7020034790039,112.6729965209961,109.29350280761719,112.01499938964844,111.7405776977539,39010000
2022-06-22,111.16300201416016,113.76950073242188,110.72429656982422,112.03399658203125,111.75953674316406,23922000
2022-06-23,112.94999694824219,113.19650268554688,111.02899932861328,112.68450164794922,112.408447265625,24710000
2022-06-24,113.60299682617188,118.63749694824219,113.60299682617188,118.53800201416016,118.24760437011719,39122000
2022-06-27,118.93499755859375,119.25,116.00074768066406,116.62249755859375,116.3367919921875,32840000
2022-06-28,116.35099792480469,117.85649871826172,112.44400024414062,112.57150268554688,112.29573059082031,28232000
2022-06-29,112.14849853515625,113.66449737548828,111.55400085449219,112.25650024414062,111.98149871826172,18628000
2022-06-30,110.49949645996094,111.32980346679688,107.30999755859375,109.37249755859375,109.10456085205078,38046000
2022-07-01,108.33699798583984,109.80635070800781,107.1050033569336,109.08100128173828,108.81377410888672,31028000
2022-07-05,107.5145034790039,114.05259704589844,106.24949645996094,113.88700103759766,113.60800170898438,36398000
2022-07-06,114.09200286865234,116.35199737548828,112.25050354003906,115.2135009765625,114.9312515258789,28852000
2022-07-07,116.00800323486328,119.86199951171875,115.53399658203125,119.30599975585938,119.01372528076172,32184000
2022-07-08,117.55000305175781,120.43499755859375,117.51399993896484,120.16850280761719,119.87410736083984,29082000
2022-07-11,118.6500015258789,118.79450225830078,116.2344970703125,116.52249908447266,116.23704528808594,26718000
2022-07-12,116.8385009765625,117.84950256347656,114.61499786376953,114.84950256347656,114.56814575195312,24970000
2022-07-13,112.63899993896484,115.15699768066406,111.822998046875,112.18699645996094,111.91216278076172,38958000
2022-07-14,110.82599639892578,111.98750305175781,109.32550048828125,111.44000244140625,111.1669921875,32366000
2022-07-15,112.96299743652344,114.00050354003906,111.82250213623047,112.76699829101562,112.4907455444336,34330000
2022-07-18,113.44000244140625,114.80000305175781,109.30000305175781,109.91000366210938,109.6407470703125,33354000
2022-07-19,111.7300033569336,114.80999755859375,110.5,114.62000274658203,114.3392105102539,30992300
2022-07-20,114.05999755859375,116.33000183105469,113.26000213623047,114.69999694824219,114.41900634765625,26780100
2022-07-21,115.08999633789062,115.20999908447266,111.91000366210938,115.04000091552734,114.75817108154297,27267800
2022-07-22,111.80999755859375,113.18000030517578,107.5999984741211,108.36000061035156,108.09453582763672,44455300
2022-07-25,108.87999725341797,110.58000183105469,107.01000213623047,108.20999908447266,107.94490814208984,28289900
2022-07-26,107.43000030517578,107.73999786376953,104.76000213623047,105.44000244140625,105.18169403076172,36626600
2022-07-27,109.5999984741211,114.4000015258789,108.41999816894531,113.5999984741211,113.32170104980469,41474600
2022-07-28,112.80000305175781,114.69999694824219,111.85099792480469,114.58999633789062,114.30927276611328,23303800
2022-07-29,113.4000015258789,116.9000015258789,113.2300033569336,116.63999938964844,116.354248046875,31336200
2022-08-01,115.52999877929688,117.12000274658203,114.69000244140625,115.4800033569336,115.19709777832031,22856200
2022-08-02,114.43000030517578,117.08000183105469,114.26000213623047,115.9000015258789,115.6160659790039,17911000
2022-08-03,116.33999633789062,119.41999816894531,116.1500015258789,118.77999877929688,118.489013671875,25302800
2022-08-04,118.30000305175781,119.5,117.70999908447266,118.87000274658203,118.57879638671875,15757700
2022-08-05,116.93000030517578,118.86000061035156,116.70999908447266,118.22000122070312,117.93038177490234,15615700
2022-08-08,119.12000274658203,120.86000061035156,117.83000183105469,118.13999938964844,117.85057830810547,17061100
2022-08-09,117.98999786376953,118.19999694824219,116.55999755859375,117.5,117.21214294433594,15424300
2022-08-10,119.58999633789062,121.77999877929688,119.36000061035156,120.6500015258789,120.35443115234375,20497000
2022-08-11,122.08000183105469,122.33999633789062,119.55000305175781,119.81999969482422,119.5264663696289,16671600
2022-08-12,121.16000366210938,122.6500015258789,120.4000015258789,122.6500015258789,122.34953308105469,16121100
2022-08-15,122.20999908447266,123.26000213623047,121.56999969482422,122.87999725341797,122.57896423339844,15525000
2022-08-16,122.31999969482422,123.22799682617188,121.53500366210938,122.51000213623047,122.20987701416016,15626200
2022-08-17,120.93000030517578,122.1500015258789,120.19999694824219,120.31999969482422,120.02523803710938,17589200
2022-08-18,120.2300033569336,121.69000244140625,119.55000305175781,120.86000061035156,120.56391143798828,15652000
2022-08-19,119.87000274658203,120.0,117.66999816894531,118.12000274658203,117.83062744140625,20187000
2022-08-22,116.0999984741211,116.5,114.66999816894531,115.06999969482422,114.78810119628906,19316000
2022-08-23,114.31999969482422,115.93000030517578,114.30000305175781,114.7699966430664,114.48883819580078,14390700
2022-08-24,114.44999694824219,115.71700286865234,113.77999877929688,114.69999694824219,114.41900634765625,16051200
2022-08-25,115.1500015258789,117.77999877929688,115.05000305175781,117.69999694824219,117.41165924072266,14874700
2022-08-26,115.80999755859375,116.5999984741211,111.22000122070312,111.30000305175781,111.02734375,31698700
2022-08-29,110.77999877929688,111.95999908447266,109.80999755859375,110.33999633789062,110.06968688964844,20386100
2022-08-30,111.02999877929688,111.37000274658203,108.80000305175781,109.91000366210938,109.6407470703125,20548200
2022-08-31,111.62999725341797,111.7699966430664,109.05000305175781,109.1500015258789,108.88260650634766,25898000
2022-09-01,109.19999694824219,111.22000122070312,108.19000244140625,110.55000305175781,110.2791748046875,22784400
2022-09-02,111.33999633789062,111.67500305175781,108.12999725341797,108.68000030517578,108.41375732421875,20618100
2022-09-06,108.13500213623047,108.87999725341797,106.51000213623047,107.4800033569336,107.2166976928711,20565100
2022-09-07,107.76000213623047,110.98999786376953,107.61499786376953,110.4800033569336,110.2093505859375,22987200
2022-09-08,109.18000030517578,110.58000183105469,108.05999755859375,109.41999816894531,109.15194702148438,21660700
2022-09-09,110.05000305175781,112.0,110.0,111.77999877929688,111.50615692138672,21732900
2022-09-12,111.98999786376953,112.63999938964844,110.93000030517578,111.87000274658203,111.59593963623047,19732900
2022-09-13,108.88999938964844,109.37000274658203,105.0,105.30999755859375,105.05200958251953,33015000
2022-09-14,105.44000244140625,106.0999984741211,104.5,105.87000274658203,105.61064147949219,22115800
2022-09-15,105.01000213623047,106.20999908447266,103.30999755859375,103.9000015258789,103.64546966552734,26494900
2022-09-16,102.97000122070312,104.02999877929688,101.8550033569336,103.62999725341797,103.3761215209961,64540100
2022-09-19,102.54000091552734,104.0199966430664,102.37000274658203,103.8499984741211,103.5955810546875,19738600
2022-09-20,102.87999725341797,103.16999816894531,101.12000274658203,101.83000183105469,101.58053588867188,24001700
2022-09-21,102.23999786376953,103.48999786376953,99.98999786376953,100.01000213623047,99.76499938964844,26596800
2022-09-22,99.44999694824219,101.68000030517578,99.41000366210938,100.56999969482422,100.32362365722656,21272700
2022-09-23,100.05999755859375,100.11000061035156,98.01000213623047,99.16999816894531,98.92705535888672,25657000
2022-09-26,98.61000061035156,100.44000244140625,98.37999725341797,98.80999755859375,98.56793212890625,22437900
2022-09-27,99.91000366210938,100.45999908447266,97.33999633789062,98.08999633789062,97.84969329833984,24225000
2022-09-28,98.0199966430664,101.4000015258789,97.80000305175781,100.73999786376953,100.49320220947266,24617000
2022-09-29,99.30000305175781,99.30000305175781,96.5199966430664,98.08999633789062,97.84969329833984,21921500
2022-09-30,97.7300033569336,99.49400329589844,96.02999877929688,96.1500015258789,95.9144515991211,26277800
2022-10-03,97.22000122070312,99.97000122070312,97.0199966430664,99.30000305175781,99.05673217773438,24840000
2022-10-04,101.04000091552734,102.72000122070312,101.04000091552734,102.41000366210938,102.15911865234375,22580900
2022-10-05,100.69000244140625,102.73999786376953,99.73999786376953,102.22000122070312,101.9695816040039,18475500
2022-10-06,101.5,103.7300033569336,101.5,102.23999786376953,101.98953247070312,17156200
2022-10-07,100.6500015258789,101.41999816894531,99.20999908447266,99.56999969482422,99.3260726928711,24249900
2022-10-10,99.8499984741211,99.98999786376953,97.87000274658203,98.70999908447266,98.46817779541016,16529900
2022-10-11,98.25,100.12000274658203,97.25,98.05000305175781,97.80979919433594,21617700
2022-10-12,98.2699966430664,99.64800262451172,97.66999816894531,98.30000305175781,98.05918884277344,17343400
2022-10-13,95.93000030517578,100.52999877929688,95.2699966430664,99.70999908447266,99.46572875976562,32812200
2022-10-14,100.625,101.29000091552734,97.02999877929688,97.18000030517578,96.94193267822266,22624800
2022-10-17,99.5199966430664,101.7699966430664,99.51000213623047,100.77999877929688,100.5331039428711,23311600
2022-10-18,103.94000244140625,104.22000122070312,100.6500015258789,101.38999938964844,101.14160919189453,21610500
2022-10-19,100.69999694824219,101.65899658203125,99.63500213623047,100.29000091552734,100.0443115234375,21573700
2022-10-20,100.81999969482422,103.0,99.97000122070312,100.52999877929688,100.2837142944336,25125100
2022-10-21,98.45999908447266,101.62000274658203,98.2300033569336,101.4800033569336,101.23139953613281,28988700
2022-10-24,102.08999633789062,103.0999984741211,100.30000305175781,102.97000122070312,102.71774291992188,24680800
2022-10-25,103.30000305175781,105.0999984741211,103.0199966430664,104.93000030517578,104.67294311523438,29910200
2022-10-26,96.76000213623047,98.54000091552734,94.56999969482422,94.81999969482422,94.58770751953125,71504300
2022-10-27,94.30999755859375,95.16999816894531,91.9000015258789,92.5999984741211,92.3731460571289,54036500
2022-10-28,92.52999877929688,96.86000061035156,92.322998046875,96.58000183105469,96.34339904785156,35696900
2022-10-31,95.77999877929688,96.3499984741211,94.37999725341797,94.66000366210938,94.42810821533203,29868700
2022-11-01,95.58999633789062,96.16500091552734,90.43000030517578,90.5,90.2782974243164,43220600
2022-11-02,90.91000366210938,91.30000305175781,87.01000213623047,87.06999969482422,86.85669708251953,43553600
2022-11-03,86.34500122070312,86.55000305175781,83.44999694824219,83.48999786376953,83.28546905517578,48510400
2022-11-04,85.51000213623047,86.7300033569336,83.87999725341797,86.69999694824219,86.48760223388672,40173300
2022-11-07,87.33999633789062,88.94000244140625,86.95999908447266,88.6500015258789,88.43282318115234,26899900
2022-11-08,89.16000366210938,90.40499877929688,87.6500015258789,88.91000366210938,88.69219207763672,30172000
2022-11-09,88.54499816894531,89.48999786376953,87.36000061035156,87.4000015258789,87.1858901977539,26743900
2022-11-10,92.33999633789062,94.55000305175781,91.6500015258789,94.16999816894531,93.93930053710938,42371200
2022-11-11,94.70999908447266,97.36000061035156,94.16000366210938,96.7300033569336,96.49303436279297,30569100
2022-11-14,95.5,97.18000030517578,95.11299896240234,96.02999877929688,95.79474639892578,24170100
2022-11-15,98.66999816894531,100.41999816894531,97.0199966430664,98.72000122070312,98.47815704345703,31831000
2022-11-16,98.0199966430664,99.8499984741211,97.9020004272461,98.98999786376953,98.74748992919922,24660200
2022-11-17,97.18000030517578,99.4800033569336,97.0999984741211,98.5,98.2586898803711,21818700
2022-11-18,99.01000213623047,99.16000366210938,96.73999786376953,97.80000305175781,97.56040954589844,24969900
2022-11-21,97.55999755859375,98.72000122070312,95.66999816894531,95.83000183105469,95.5952377319336,18696900
2022-11-22,96.16000366210938,97.5479965209961,94.41000366210938,97.33000183105469,97.09156036376953,18868900
2022-11-23,97.33999633789062,99.06900024414062,97.33999633789062,98.81999969482422,98.57791137695312,17568900
2022-11-25,98.46499633789062,98.94000244140625,97.52999877929688,97.5999984741211,97.36089324951172,8567800
2022-11-28,97.19999694824219,97.83000183105469,95.88999938964844,96.25,96.01420593261719,19974500
2022-11-29,96.0,96.38999938964844,94.38999938964844,95.44000244140625,95.20619201660156,20220000
2022-11-30,95.12000274658203,101.44999694824219,94.66999816894531,101.44999694824219,101.20146179199219,39888100
2022-12-01,101.4000015258789,102.58999633789062,100.66999816894531,101.27999877929688,101.0318832397461,21771500
2022-12-02,99.37000274658203,101.1500015258789,99.16999816894531,100.83000183105469,100.58299255371094,18821500
2022-12-05,99.81500244140625,101.75,99.3550033569336,99.87000274658203,99.62533569335938,19955500
2022-12-06,99.66999816894531,100.20999908447266,96.76000213623047,97.30999755859375,97.07160186767578,20877600
2022-12-07,96.7699966430664,97.30999755859375,95.0250015258789,95.1500015258789,94.91690063476562,26647900
2022-12-08,95.69000244140625,95.87000274658203,93.80000305175781,93.94999694824219,93.71983337402344,25593200
2022-12-09,93.9000015258789,94.48999786376953,93.0199966430664,93.06999969482422,92.84199523925781,21885300
2022-12-12,93.08999633789062,93.875,91.9000015258789,93.55999755859375,93.3307876586914,27380900
2022-12-13,98.06999969482422,99.80000305175781,95.37999725341797,95.8499984741211,95.61518859863281,34788500
2022-12-14,95.54000091552734,97.22000122070312,93.94000244140625,95.30999755859375,95.07650756835938,26452900
2022-12-15,93.54000091552734,94.02999877929688,90.43000030517578,91.19999694824219,90.97657012939453,28298800
2022-12-16,91.19999694824219,91.75,90.01000213623047,90.86000061035156,90.63741302490234,48485500
2022-12-19,90.87999725341797,91.19999694824219,88.92500305175781,89.1500015258789,88.93160247802734,23020500
2022-12-20,88.7300033569336,89.77999877929688,88.04000091552734,89.62999725341797,89.4104232788086,21976800
2022-12-21,89.7300033569336,90.91500091552734,88.91000366210938,90.25,90.0289077758789,20336400
2022-12-22,88.93000030517578,89.18000030517578,86.94000244140625,88.26000213623047,88.04378509521484,23656100
2022-12-23,87.62000274658203,90.0999984741211,87.62000274658203,89.80999755859375,89.58998107910156,17815000
2022-12-27,89.30999755859375,89.5,87.53500366210938,87.93000030517578,87.71459197998047,15470900
2022-12-28,87.5,88.5199966430664,86.37000274658203,86.45999908447266,86.2481918334961,17879600
2022-12-29,87.02999877929688,89.36499786376953,86.98999786376953,88.94999694824219,88.73208618164062,18280700
2022-12-30,87.36499786376953,88.83000183105469,87.02999877929688,88.7300033569336,88.51263427734375,19190300
2023-01-03,89.83000183105469,91.55000305175781,89.0199966430664,89.69999694824219,89.48025512695312,20738500
2023-01-04,91.01000213623047,91.23999786376953,87.80000305175781,88.70999908447266,88.49267578125,27046500
2023-01-05,88.06999969482422,88.20999908447266,86.55999755859375,86.7699966430664,86.55742645263672,23136100
2023-01-06,87.36000061035156,88.47000122070312,85.56999969482422,88.16000366210938,87.94403076171875,26612600
2023-01-09,89.19499969482422,90.83000183105469,88.58000183105469,88.80000305175781,88.58246612548828,22996700
2023-01-10,86.72000122070312,89.4749984741211,86.69999694824219,89.23999786376953,89.02137756347656,22855600
2023-01-11,90.05999755859375,92.44999694824219,89.73999786376953,92.26000213623047,92.03398132324219,25998800
2023-01-12,92.4000015258789,92.62000274658203,90.56999969482422,91.91000366210938,91.68484497070312,22754200
2023-01-13,91.52799987792969,92.9800033569336,90.93000030517578,92.80000305175781,92.5726547241211,18630700
2023-01-17,92.77999877929688,92.97000122070312,90.83999633789062,92.16000366210938,91.93423461914062,22935800
2023-01-18,92.94000244140625,93.58799743652344,91.4000015258789,91.77999877929688,91.5551528930664,19641600
2023-01-19,91.38999938964844,94.4000015258789,91.37999725341797,93.91000366210938,93.67993927001953,28707700
2023-01-20,95.94999694824219,99.41999816894531,95.91000366210938,99.27999877929688,99.03678131103516,53704800
2023-01-23,99.12999725341797,101.4000015258789,98.75,101.20999908447266,100.96205139160156,31791800
2023-01-24,99.55000305175781,101.08999633789062,98.69999694824219,99.20999908447266,98.96695709228516,27391400
2023-01-25,97.19999694824219,97.72000122070312,95.26200103759766,96.7300033569336,96.49303436279297,31000900
2023-01-26,98.27999877929688,99.20999908447266,96.81999969482422,99.16000366210938,98.91707611083984,24542100
2023-01-27,99.05000305175781,101.58000183105469,98.97000122070312,100.70999908447266,100.4632797241211,29020400
2023-01-30,98.74500274658203,99.40899658203125,97.5199966430664,97.94999694824219,97.71003723144531,24365100
2023-01-31,97.86000061035156,99.91000366210938,97.79000091552734,99.87000274658203,99.62533569335938,22306800
2023-02-01,99.73999786376953,102.19000244140625,98.41999816894531,101.43000030517578,101.18151092529297,26392600
2023-02-02,106.79000091552734,108.81999969482422,106.54000091552734,108.80000305175781,108.53346252441406,46622600
2023-02-03,103.51000213623047,108.0199966430664,103.30000305175781,105.22000122070312,104.96222686767578,36823400
2023-02-06,102.68499755859375,104.69999694824219,102.20999908447266,103.47000122070312,103.21652221679688,25573000
2023-02-07,103.62999725341797,108.66999816894531,103.5479965209961,108.04000091552734,107.77532196044922,33738800
2023-02-08,102.69000244140625,103.58000183105469,98.45500183105469,100.0,99.75502014160156,73546000
2023-02-09,100.54000091552734,100.61000061035156,93.86000061035156,95.45999908447266,95.22614288330078,97798600
2023-02-10,95.73999786376953,97.0199966430664,94.52999877929688,94.86000061035156,94.62760925292969,49325300
2023-02-13,95.01000213623047,95.3499984741211,94.05000305175781,95.0,94.76726531982422,43116600
2023-02-14,94.66000366210938,95.17500305175781,92.6500015258789,94.94999694824219,94.71739196777344,42513100
2023-02-15,94.73999786376953,97.33999633789062,94.36000061035156,97.0999984741211,96.86212158203125,36964500
2023-02-16,95.54000091552734,97.87999725341797,94.97000122070312,95.77999877929688,95.54535675048828,35642100
2023-02-17,95.06999969482422,95.75,93.44999694824219,94.58999633789062,94.35826873779297,31095100
2023-02-21,93.23999786376953,93.41500091552734,92.0,92.05000305175781,91.82450103759766,28367200
2023-02-22,91.93399810791016,92.36000061035156,90.87000274658203,91.80000305175781,91.57511138916016,29891100
2023-02-23,92.12999725341797,92.12999725341797,90.01000213623047,91.06999969482422,90.8469009399414,32423700
2023-02-24,89.62999725341797,90.12999725341797,88.86000061035156,89.3499984741211,89.13111114501953,31295600
2023-02-27,90.08999633789062,90.44999694824219,89.61000061035156,90.0999984741211,89.8792724609375,22724300
2023-02-28,89.54000091552734,91.44999694824219,89.5199966430664,90.30000305175781,90.07878112792969,30546900
2023-03-01,90.16000366210938,91.19999694824219,89.8499984741211,90.51000213623047,90.28826904296875,26323900
2023-03-02,89.86000061035156,92.4800033569336,89.7699966430664,92.30999755859375,92.08385467529297,23328600
2023-03-03,92.73999786376953,94.11000061035156,92.66000366210938,94.0199966430664,93.78966522216797,30242500
2023-03-06,94.36000061035156,96.30000305175781,94.30000305175781,95.58000183105469,95.3458480834961,28288200
2023-03-07,95.41999816894531,96.08999633789062,93.84400177001953,94.16999816894531,93.93930053710938,24101500
2023-03-08,94.40499877929688,96.23999786376953,94.40499877929688,94.6500015258789,94.41812896728516,25395200
2023-03-09,94.48999786376953,95.91999816894531,92.3550033569336,92.66000366210938,92.4330062866211,24438900
2023-03-10,92.5,93.18000030517578,90.80000305175781,91.01000213623047,90.78704833984375,32850100
2023-03-13,90.56500244140625,93.08000183105469,89.94000244140625,91.66000366210938,91.43545532226562,31508600
2023-03-14,93.06999969482422,94.83000183105469,92.77999877929688,94.25,94.01911163330078,32303900
2023-03-15,93.54000091552734,97.25,93.04000091552734,96.55000305175781,96.31346893310547,38367300
2023-03-16,96.56999969482422,101.97000122070312,95.87000274658203,101.06999969482422,100.82239532470703,54499500
2023-03-17,100.83999633789062,103.48999786376953,100.75,102.45999908447266,102.20899200439453,76140300
2023-03-20,101.05999755859375,102.58000183105469,100.79000091552734,101.93000030517578,101.68029022216797,26033900
2023-03-21,101.9800033569336,105.95999908447266,101.86000061035156,105.83999633789062,105.58070373535156,33122800
2023-03-22,105.13999938964844,107.51000213623047,104.20999908447266,104.22000122070312,103.96468353271484,32336900
2023-03-23,105.88999938964844,107.10099792480469,105.41000366210938,106.26000213623047,105.99968719482422,31385800
2023-03-24,105.73999786376953,106.16000366210938,104.73999786376953,106.05999755859375,105.8001708984375,25236200
2023-03-27,105.31999969482422,105.4000015258789,102.62999725341797,103.05999755859375,102.8075180053711,25393400
2023-03-28,103.0,103.0,100.27999877929688,101.36000061035156,101.11168670654297,24913500
2023-03-29,102.72000122070312,102.81999969482422,101.02999877929688,101.9000015258789,101.65036010742188,26148300
2023-03-30,101.44000244140625,101.61000061035156,100.29000091552734,101.31999969482422,101.07178497314453,25009800
2023-03-31,101.70999908447266,104.19000244140625,101.44000244140625,104.0,103.74522399902344,28108000
2023-04-03,102.66999816894531,104.94999694824219,102.37999725341797,104.91000366210938,104.65299987792969,20719900
2023-04-04,104.83999633789062,106.0999984741211,104.5999984741211,105.12000274658203,104.86248016357422,20377200
2023-04-05,106.12000274658203,106.54000091552734,104.10199737548828,104.94999694824219,104.6928939819336,21864200
2023-04-06,105.7699966430664,109.62999725341797,104.81500244140625,108.9000015258789,108.63321685791016,34684200
2023-04-10,107.38999938964844,107.97000122070312,105.5999984741211,106.94999694824219,106.68798828125,19741500
2023-04-11,106.91999816894531,107.22000122070312,105.27999877929688,106.12000274658203,105.86003112792969,18721300
2023-04-12,107.38999938964844,107.58699798583984,104.97000122070312,105.22000122070312,104.96222686767578,22761600
2023-04-13,106.47000122070312,108.26499938964844,106.44000244140625,108.19000244140625,107.92496490478516,21650700
2023-04-14,107.69000244140625,109.58000183105469,107.58999633789062,109.45999908447266,109.19184875488281,20758700
2023-04-17,105.43000030517578,106.70999908447266,105.31999969482422,106.41999816894531,106.15929412841797,29043400
2023-04-18,107.0,107.05000305175781,104.77999877929688,105.12000274658203,104.86248016357422,17641400
2023-04-19,104.21499633789062,105.7249984741211,103.80000305175781,105.0199966430664,104.7627182006836,16732000
2023-04-20,104.6500015258789,106.88800048828125,104.63999938964844,105.9000015258789,105.64056396484375,22515300
2023-04-21,106.08999633789062,106.63999938964844,105.48500061035156,105.91000366210938,105.65054321289062,22379000
2023-04-24,106.05000305175781,107.31999969482422,105.36000061035156,106.77999877929688,106.51840209960938,21410900
2023-04-25,106.61000061035156,107.44000244140625,104.55999755859375,104.61000061035156,104.35372161865234,31408100
2023-04-26,105.55999755859375,107.0199966430664,103.2699966430664,104.44999694824219,104.1941146850586,37068200
2023-04-27,105.2300033569336,109.1500015258789,104.41999816894531,108.37000274658203,108.1045150756836,38235200
2023-04-28,107.80000305175781,108.29000091552734,106.04000091552734,108.22000122070312,107.95487976074219,23957900
2023-05-01,107.72000122070312,108.68000030517578,107.5,107.70999908447266,107.44612884521484,20926300
2023-05-02,107.66000366210938,107.7300033569336,104.5,105.9800033569336,105.72036743164062,20343100
2023-05-03,106.22000122070312,108.12999725341797,105.62000274658203,106.12000274658203,105.86003112792969,17116300
2023-05-04,106.16000366210938,106.30000305175781,104.69999694824219,105.20999908447266,104.95225524902344,19780600
2023-05-05,105.31999969482422,106.44000244140625,104.73899841308594,106.21499633789062,105.95478820800781,20705300
2023-05-08,105.79499816894531,108.41999816894531,105.79000091552734,108.23999786376953,107.9748306274414,17266000
2023-05-09,108.77999877929688,110.59500122070312,107.7249984741211,107.94000244140625,107.67557525634766,24782400
2023-05-10,108.55000305175781,113.51000213623047,108.4800033569336,112.27999877929688,112.00493621826172,47533500
2023-05-11,115.86000061035156,118.44000244140625,114.93000030517578,116.9000015258789,116.6136245727539,57115100
2023-05-12,117.0,118.26000213623047,116.55000305175781,117.91999816894531,117.63111877441406,31272500
2023-05-15,116.48999786376953,118.79499816894531,116.4800033569336,116.95999908447266,116.67346954345703,22107900
2023-05-16,116.83000183105469,121.19999694824219,116.83000183105469,120.08999633789062,119.7957992553711,32370100
2023-05-17,120.18000030517578,122.27999877929688,119.45999908447266,121.4800033569336,121.1823959350586,26659600
2023-05-18,121.55999755859375,123.9000015258789,121.48999786376953,123.5199966430664,123.21739959716797,27014500
2023-05-19,124.19999694824219,126.47899627685547,122.72000122070312,123.25,122.94805908203125,30251300
2023-05-22,123.51000213623047,127.05000305175781,123.44999694824219,125.87000274658203,125.5616455078125,29760200
2023-05-23,124.93000030517578,125.41999816894531,123.05000305175781,123.29000091552734,122.98796844482422,24477900
2023-05-24,121.87999725341797,122.75,120.75,121.63999938964844,121.34200286865234,23087900
2023-05-25,125.20999908447266,125.9800033569336,122.9000015258789,124.3499984741211,124.04536437988281,33812700
2023-05-26,124.06500244140625,126.0,123.29000091552734,125.43000030517578,125.12271881103516,25154700
2023-05-30,126.29000091552734,126.37999725341797,122.88999938964844,124.63999938964844,124.33465576171875,27230700
2023-05-31,123.69999694824219,124.9000015258789,123.0999984741211,123.37000274658203,123.0677719116211,41548800
2023-06-01,123.5,125.04000091552734,123.30000305175781,124.37000274658203,124.06531524658203,25017700
2023-06-02,124.48999786376953,126.74500274658203,124.3499984741211,125.2300033569336,124.92321014404297,19362400
2023-06-05,124.61000061035156,127.98999786376953,124.37999725341797,126.62999725341797,126.31977844238281,22672500
2023-06-06,126.5999984741211,128.8800048828125,125.97000122070312,127.91000366210938,127.59664916992188,19450100
2023-06-07,127.57499694824219,129.5500030517578,122.62999725341797,122.94000244140625,122.63882446289062,34179300
2023-06-08,122.58499908447266,123.7300033569336,122.01000213623047,122.66999816894531,122.36947631835938,24815000
2023-06-09,122.55999755859375,124.28500366210938,122.41999816894531,122.87000274658203,122.5689926147461,20304500
2023-06-12,123.3949966430664,124.75,122.3499984741211,124.3499984741211,124.04536437988281,22255700
2023-06-13,125.6500015258789,125.86000061035156,123.84500122070312,124.43000030517578,124.12516784667969,19287700
2023-06-14,123.80000305175781,124.79000091552734,122.16000366210938,124.37999725341797,124.0752944946289,24659600
2023-06-15,123.87999725341797,126.16000366210938,123.13999938964844,125.79000091552734,125.48184204101562,24517100
2023-06-16,126.69999694824219,126.69999694824219,123.79000091552734,124.05999755859375,123.75607299804688,56686800
2023-06-20,123.53500366210938,125.17500305175781,122.83000183105469,123.8499984741211,123.54659271240234,22698000
2023-06-21,123.23500061035156,123.41000366210938,120.86000061035156,121.26000213623047,120.96293640136719,22612000
2023-06-22,120.66000366210938,123.93499755859375,119.5999984741211,123.87000274658203,123.5665512084961,20781900
2023-06-23,122.04000091552734,123.44000244140625,121.86000061035156,123.0199966430664,122.71862030029297,29542900
2023-06-26,121.46600341796875,122.72000122070312,118.98999786376953,119.08999633789062,118.79824829101562,23185000
2023-06-27,117.83999633789062,119.8949966430664,116.91000366210938,119.01000213623047,118.71845245361328,27221700
2023-06-28,117.95999908447266,121.2699966430664,117.5999984741211,121.08000183105469,120.78337860107422,19753100
2023-06-29,120.08999633789062,120.91000366210938,119.20999908447266,120.01000213623047,119.71600341796875,18517500
2023-06-30,121.0999984741211,122.02999877929688,120.87999725341797,120.97000122070312,120.67364501953125,23865800
2023-07-03,120.31999969482422,121.0199966430664,119.70500183105469,120.55999755859375,120.2646484375,13888300
2023-07-05,120.05999755859375,123.37000274658203,120.05999755859375,122.62999725341797,122.32957458496094,17830300
2023-07-06,120.63999938964844,121.1500015258789,119.25,120.93000030517578,120.63374328613281,17732500
2023-07-07,120.88999938964844,121.75,120.08999633789062,120.13999938964844,119.8456802368164,20982400
2023-07-10,119.06999969482422,119.06999969482422,116.63999938964844,116.87000274658203,116.58369445800781,32960100
2023-07-11,116.76000213623047,118.2249984741211,115.83000183105469,117.70999908447266,117.421630859375,18286600
2023-07-12,119.30000305175781,120.95999908447266,119.0,119.62000274658203,119.32695770263672,22059600
2023-07-13,121.54000091552734,125.33499908447266,121.05999755859375,124.83000183105469,124.5241928100586,31535900
2023-07-14,125.12999725341797,127.08999633789062,124.9000015258789,125.69999694824219,125.39205169677734,20482800
2023-07-17,126.05999755859375,127.27999877929688,124.5,125.05999755859375,124.75363159179688,20675300
2023-07-18,124.90499877929688,124.98999786376953,123.30000305175781,124.08000183105469,123.7760238647461,21071200
2023-07-19,124.79000091552734,125.47000122070312,122.47000122070312,122.77999877929688,122.47920989990234,22313800
2023-07-20,122.12000274658203,124.69999694824219,118.68499755859375,119.52999877929688,119.23716735839844,27541700
2023-07-21,120.87000274658203,121.30000305175781,119.06999969482422,120.30999755859375,120.0152587890625,56498100
2023-07-24,121.9260025024414,123.3499984741211,121.37999725341797,121.87999725341797,121.5814208984375,22276100
2023-07-25,121.87999725341797,123.69000244140625,121.52999877929688,122.79000091552734,122.48918914794922,31820800
2023-07-26,130.36000061035156,131.3699951171875,128.7100067138672,129.66000366210938,129.3423614501953,46216900
2023-07-27,131.8000030517578,133.60000610351562,129.17999267578125,129.8699951171875,129.5518341064453,35931600
2023-07-28,130.97000122070312,134.07000732421875,130.9199981689453,133.00999450683594,132.68414306640625,26971000
2023-07-31,133.00999450683594,133.8300018310547,132.1300048828125,133.11000061035156,132.78390502929688,18381900
2023-08-01,130.85499572753906,132.9199981689453,130.75,131.88999938964844,131.56689453125,22154300
2023-08-02,129.83999633789062,130.4199981689453,127.8499984741211,128.63999938964844,128.32485961914062,22705800
2023-08-03,128.3699951171875,129.77000427246094,127.7750015258789,128.77000427246094,128.4545440673828,15018100
2023-08-04,129.60000610351562,131.92999267578125,128.31500244140625,128.5399932861328,128.22508239746094,20509500
2023-08-07,129.50999450683594,132.05999755859375,129.42999267578125,131.94000244140625,131.6167755126953,17621000
2023-08-08,130.97999572753906,131.94000244140625,130.1300048828125,131.83999633789062,131.5170135498047,16836000
2023-08-09,132.19000244140625,132.47000122070312,129.5050048828125,130.14999389648438,129.83116149902344,17745200
2023-08-10,131.97000122070312,132.64700317382812,130.03500366210938,130.2100067138672,129.89102172851562,17855700
2023-08-11,129.20199584960938,130.44000244140625,128.75,130.1699981689453,129.85110473632812,15191500
2023-08-14,129.85000610351562,131.91000366210938,129.58999633789062,131.8300018310547,131.50704956054688,17526200
2023-08-15,131.58999633789062,131.99000549316406,129.81900024414062,130.27000427246094,129.95086669921875,14769200
2023-08-16,129.27999877929688,130.8979949951172,128.4600067138672,129.11000061035156,128.793701171875,17548400
2023-08-17,130.4499969482422,132.49099731445312,129.85000610351562,130.4600067138672,130.14041137695312,23665600
2023-08-18,129.05999755859375,129.8300018310547,127.0,128.11000061035156,127.79615783691406,23619400
2023-08-21,127.8499984741211,129.25999450683594,127.16000366210938,128.92999267578125,128.6141357421875,21851100
2023-08-22,129.1300048828125,130.9499969482422,128.9250030517578,129.69000244140625,129.37228393554688,15569400
2023-08-23,130.85000610351562,134.07000732421875,130.50999450683594,133.2100067138672,132.8836669921875,26497000
2023-08-24,134.7270050048828,134.97000122070312,130.3000030517578,130.4199981689453,130.1005096435547,18680400
2023-08-25,130.13999938964844,131.39999389648438,128.0399932861328,130.69000244140625,130.3698272705078,20678100
2023-08-28,132.0800018310547,133.24000549316406,130.85000610351562,131.7899932861328,131.46713256835938,16715500
2023-08-29,132.9980010986328,137.2949981689453,132.97999572753906,135.49000549316406,135.1580810546875,30803300
2023-08-30,135.57000732421875,137.25,135.02099609375,136.92999267578125,136.59454345703125,21773400
2023-08-31,137.0500030517578,138.39999389648438,136.82000732421875,137.35000610351562,137.01351928710938,28147900
2023-09-01,138.42999267578125,138.5800018310547,135.94000244140625,136.8000030517578,136.46487426757812,16665700
2023-09-05,136.44000244140625,137.3699951171875,135.55999755859375,136.7100067138672,136.37510681152344,17730200
2023-09-06,137.01499938964844,137.47999572753906,134.69000244140625,135.3699951171875,135.03836059570312,15814300
2023-09-07,134.60000610351562,136.5800018310547,133.9600067138672,136.1999969482422,135.86634826660156,16976000
2023-09-08,135.8699951171875,137.51499938964844,135.8699951171875,137.1999969482422,136.86387634277344,17810700
2023-09-11,137.3800048828125,138.26400756835938,136.5500030517578,137.74000549316406,137.40257263183594,17180800
2023-09-12,137.1300048828125,137.63999938964844,135.92999267578125,136.07000732421875,135.73666381835938,15212900
2023-09-13,135.89999389648438,137.6999969482422,134.92999267578125,137.5,137.1631622314453,16394900
2023-09-14,138.38999938964844,139.5500030517578,137.05999755859375,138.99000549316406,138.64950561523438,19064600
2023-09-15,138.8000030517578,139.36000061035156,137.17999267578125,138.3000030517578,137.96119689941406,48947600
2023-09-18,137.6300048828125,139.92999267578125,137.6300048828125,138.9600067138672,138.6195831298828,16233600
2023-09-19,138.25,139.1750030517578,137.5,138.8300018310547,138.48989868164062,15479100
2023-09-20,138.8300018310547,138.83999633789062,134.52000427246094,134.58999633789062,134.26026916503906,21473500
2023-09-21,132.38999938964844,133.19000244140625,131.08999633789062,131.36000061035156,131.0382080078125,22042700
2023-09-22,131.67999267578125,133.00999450683594,130.50999450683594,131.25,130.928466796875,17348700
2023-09-25,130.77000427246094,132.22000122070312,130.02999877929688,132.1699981689453,131.84620666503906,14650000
2023-09-26,130.91400146484375,131.40499877929688,128.19000244140625,129.4499969482422,129.13287353515625,20378800
2023-09-27,129.44000244140625,131.72000122070312,129.3800048828125,131.4600067138672,131.13795471191406,18764200
2023-09-28,130.69000244140625,134.17999267578125,130.69000244140625,133.1300048828125,132.80386352539062,18201400
2023-09-29,134.0800018310547,134.88999938964844,131.32000732421875,131.85000610351562,131.52699279785156,23224200
2023-10-02,132.15499877929688,135.36000061035156,132.06500244140625,135.1699981689453,134.83885192871094,19210400
2023-10-03,134.92999267578125,135.24000549316406,132.81500244140625,133.3000030517578,132.9734344482422,19628700
2023-10-04,133.66000366210938,136.57000732421875,133.42999267578125,136.27000427246094,135.9361572265625,22848000
2023-10-05,136.1300048828125,136.5,134.4550018310547,135.99000549316406,135.6568603515625,15922900
2023-10-06,134.94000244140625,139.18600463867188,134.94000244140625,138.72999572753906,138.39013671875,20819300
2023-10-09,137.99000549316406,139.97000122070312,136.6999969482422,139.5,139.1582489013672,16599100
2023-10-10,139.50999450683594,140.74000549316406,138.42999267578125,139.1999969482422,138.85897827148438,19554900
2023-10-11,139.85000610351562,142.22000122070312,139.83999633789062,141.6999969482422,141.3528594970703,20146300
2023-10-12,142.16000366210938,142.3800048828125,139.4499969482422,140.2899932861328,139.94630432128906,18173100
2023-10-13,140.64999389648438,141.33999633789062,137.97000122070312,138.5800018310547,138.24049377441406,19438700
2023-10-16,139.72999572753906,140.90499877929688,139.32000732421875,140.49000549316406,140.1458282470703,17345600
2023-10-17,140.02999877929688,141.25,138.5290069580078,140.99000549316406,140.6446075439453,17424000
2023-10-18,140.75,141.99000549316406,138.7050018310547,139.27999877929688,138.93878173828125,18304900
2023-10-19,139.8000030517578,141.0050048828125,138.60000610351562,138.97999572753906,138.6395263671875,21831200
2023-10-20,138.58999633789062,139.0399932861328,136.2449951171875,136.74000549316406,136.40501403808594,24953900
2023-10-23,136.22999572753906,139.02000427246094,135.11000061035156,137.89999389648438,137.56216430664062,20780700
2023-10-24,139.16000366210938,140.7100067138672,138.75,140.1199951171875,139.7767333984375,26535200
2023-10-25,129.77000427246094,130.10000610351562,126.08999633789062,126.66999816894531,126.35968017578125,58796100
2023-10-26,124.47000122070312,125.45999908447266,122.31999969482422,123.44000244140625,123.13760375976562,33907400
2023-10-27,124.02999877929688,124.44000244140625,121.45999908447266,123.4000015258789,123.09769439697266,37367700
2023-10-30,124.45999908447266,126.55000305175781,123.87999725341797,125.75,125.44194030761719,24165600
2023-10-31,126.2699966430664,126.55999755859375,123.92500305175781,125.30000305175781,124.9930419921875,21123400
2023-11-01,125.33999633789062,127.73999786376953,124.92500305175781,127.56999969482422,127.25747680664062,26536600
2023-11-02,129.55999755859375,130.08999633789062,128.11000061035156,128.5800018310547,128.26499938964844,24091700
2023-11-03,129.08999633789062,130.72999572753906,129.00999450683594,130.3699951171875,130.0506134033203,19517900
2023-11-06,130.22000122070312,131.55999755859375,129.92999267578125,131.4499969482422,131.1279754638672,15360400
2023-11-07,131.97999572753906,133.27999877929688,131.13999938964844,132.39999389648438,132.0756378173828,19223800
2023-11-08,132.36000061035156,133.5399932861328,132.16000366210938,133.25999450683594,132.93353271484375,15093600
2023-11-09,133.36000061035156,133.9600067138672,131.50999450683594,131.69000244140625,131.3673858642578,17976500
2023-11-10,131.52999877929688,134.27000427246094,130.8699951171875,134.05999755859375,133.73158264160156,20872900
2023-11-13,133.36000061035156,134.11000061035156,132.77000427246094,133.63999938964844,133.31260681152344,16409900
2023-11-14,135.64999389648438,137.24000549316406,135.10000610351562,135.42999267578125,135.0982208251953,22317300
2023-11-15,136.63999938964844,136.83999633789062,135.3300018310547,136.3800048828125,136.0458984375,15840900
2023-11-16,136.9600067138672,138.8800048828125,136.0800018310547,138.6999969482422,138.36021423339844,17615100
2023-11-17,137.82000732421875,138.0,135.47999572753906,136.94000244140625,136.60452270507812,25565300
2023-11-20,135.5,138.4250030517578,135.49000549316406,137.9199981689453,137.58212280273438,19569400
2023-11-21,137.94000244140625,138.96499633789062,137.7050018310547,138.6199951171875,138.2803955078125,17648100
2023-11-22,139.10000610351562,141.10000610351562,139.0,140.02000427246094,139.67697143554688,17306400
2023-11-24,139.5399932861328,139.677001953125,137.47000122070312,138.22000122070312,137.88137817382812,8828600
2023-11-27,137.57000732421875,139.6300048828125,137.5399932861328,138.0500030517578,137.71180725097656,17886400
2023-11-28,137.6300048828125,138.66000366210938,137.0399932861328,138.6199951171875,138.2803955078125,17046900
2023-11-29,138.98500061035156,139.6699981689453,136.2949981689453,136.39999389648438,136.0658416748047,21014700
2023-11-30,136.39999389648438,136.9600067138672,132.7899932861328,133.9199981689453,133.5919189453125,29913500
2023-12-01,133.32000732421875,133.5,132.15199279785156,133.32000732421875,132.993408203125,24258400
2023-12-04,131.29400634765625,131.4499969482422,129.39999389648438,130.6300048828125,130.3099822998047,24117100
2023-12-05,130.3699951171875,133.5399932861328,129.72999572753906,132.38999938964844,132.065673828125,19235100
2023-12-06,132.89999389648438,133.30999755859375,131.30999755859375,131.42999267578125,131.10800170898438,16360600
2023-12-07,136.60000610351562,140.0,136.22999572753906,138.4499969482422,138.11082458496094,38419400
2023-12-08,135.66000366210938,137.99000549316406,135.57000732421875,136.63999938964844,136.30526733398438,22990900
2023-12-11,133.82000732421875,134.7899932861328,132.88999938964844,134.6999969482422,134.37001037597656,24502900
2023-12-12,133.27000427246094,134.5399932861328,132.8300018310547,133.63999938964844,133.31260681152344,26584000
2023-12-13,134.5449981689453,134.77999877929688,132.9499969482422,133.97000122070312,133.6417999267578,25414500
2023-12-14,134.77000427246094,135.03500366210938,131.05999755859375,133.1999969482422,132.87368774414062,29619100
2023-12-15,132.9199981689453,134.8300018310547,132.6300048828125,133.83999633789062,133.51211547851562,58569400
2023-12-18,133.86000061035156,138.3800048828125,133.77000427246094,137.19000244140625,136.85391235351562,25699800
2023-12-19,138.0,138.77000427246094,137.4499969482422,138.10000610351562,137.76168823242188,20661000
2023-12-20,140.3300018310547,143.0780029296875,139.41000366210938,139.66000366210938,139.31785583496094,33507300
2023-12-21,140.77000427246094,142.02999877929688,140.47300720214844,141.8000030517578,141.45262145996094,18101500
2023-12-22,142.1300048828125,143.25,142.05499267578125,142.72000122070312,142.370361328125,18494700
2023-12-26,142.97999572753906,143.94500732421875,142.5,142.82000732421875,142.47012329101562,11170100
2023-12-27,142.8300018310547,143.32000732421875,141.05099487304688,141.44000244140625,141.093505859375,17288400
2023-12-28,141.85000610351562,142.27000427246094,140.8280029296875,141.27999877929688,140.93389892578125,12192500
2023-12-29,140.67999267578125,141.43499755859375,139.89999389648438,140.92999267578125,140.58474731445312,14872700
2024-01-02,139.60000610351562,140.61500549316406,137.74000549316406,139.55999755859375,139.21810913085938,20071900
